# Morphora placeholder point cloud — 10000 vertices
v -0.011875 0.147745 -0.006920
v 0.004417 0.269923 -0.010327
v -0.011755 -0.092920 0.000134
v -0.007529 -0.517063 0.001124
v 0.002232 -0.299780 -0.012338
v 0.004953 0.332407 -0.008613
v -0.004085 0.492753 -0.010082
v 0.002593 0.389922 0.005743
v 0.011828 0.036814 0.001301
v 0.002963 0.371388 0.001934
v -0.011354 0.218226 -0.005265
v -0.006680 -0.472204 -0.005551
v -0.003379 0.146007 -0.007262
v 0.010916 -0.252624 0.002728
v 0.005728 -0.370162 -0.003014
v 0.003500 0.539899 0.004615
v 0.006900 0.370363 -0.011697
v -0.005806 -0.210227 0.011073
v -0.004633 0.417890 -0.002609
v -0.001029 0.450124 -0.006334
v -0.005931 0.069620 0.009946
v -0.007017 -0.098221 0.000238
v -0.011322 -0.459758 0.003186
v -0.001946 0.310375 -0.002960
v 0.000728 0.557510 0.009019
v 0.005518 -0.532828 0.000924
v 0.003524 -0.266203 -0.001631
v 0.011345 -0.041508 -0.005915
v -0.008034 0.010960 0.009263
v 0.003474 -0.218986 -0.008679
v 0.000984 0.295728 0.000759
v -0.004396 -0.561384 0.010727
v 0.008292 0.411782 -0.011052
v 0.011174 0.405452 -0.000350
v 0.006515 -0.467220 -0.009290
v 0.001245 -0.033063 0.009311
v -0.007205 -0.083566 0.005748
v -0.004707 -0.316355 0.003747
v 0.000439 -0.077565 -0.006883
v 0.002208 -0.184853 -0.006995
v 0.003278 -0.478684 0.010136
v -0.010729 0.389049 0.004224
v -0.009192 -0.303452 0.001776
v 0.007115 -0.022374 -0.007740
v -0.001724 -0.445287 -0.000824
v 0.004334 0.264088 -0.010040
v -0.004017 -0.098075 -0.006284
v -0.001285 -0.342723 -0.005536
v 0.010582 -0.276635 0.009034
v -0.011235 0.067840 0.008401
v 0.010659 0.524613 -0.008342
v -0.007156 -0.018269 -0.011034
v 0.012133 -0.138999 0.007102
v -0.001925 -0.038058 0.012386
v 0.005460 0.052715 -0.005082
v 0.001980 0.516635 0.006199
v 0.002104 -0.487047 0.008818
v 0.011519 -0.387321 -0.007854
v 0.004380 0.097919 -0.009503
v -0.006345 0.431679 0.002985
v 0.002092 -0.088283 0.010868
v 0.005405 -0.331848 -0.002605
v -0.005000 0.184264 0.006297
v -0.001043 -0.457741 0.012402
v -0.007171 -0.475283 0.010831
v 0.009482 0.415689 -0.008556
v 0.005088 0.369911 0.012181
v -0.012304 0.177302 -0.005016
v 0.010973 0.170585 -0.009614
v 0.001331 -0.437952 0.002621
v -0.007410 0.242729 -0.005900
v 0.010133 -0.003962 -0.010193
v -0.005583 -0.096478 0.006778
v -0.005951 0.156855 0.001292
v -0.012258 -0.090163 0.009578
v 0.001140 0.452686 0.002063
v -0.009314 -0.391890 0.009975
v 0.009018 0.335708 -0.007248
v -0.009930 -0.268514 0.009603
v 0.003017 -0.111621 0.010747
v 0.011905 0.408836 0.009535
v 0.005914 -0.526930 0.010770
v 0.009102 0.340227 -0.005830
v -0.009798 0.325416 0.008965
v 0.007915 -0.306315 -0.004870
v -0.006810 0.312972 -0.007672
v 0.009109 -0.177240 -0.005522
v -0.002508 0.167659 0.000905
v -0.009616 0.494921 -0.008036
v -0.005863 0.498998 -0.001636
v -0.004658 0.254055 0.000286
v 0.001915 -0.132417 0.005220
v 0.010639 -0.547178 0.005486
v 0.004266 0.262751 -0.010751
v -0.004245 0.176009 0.008700
v -0.004992 0.236962 -0.002290
v -0.005109 -0.116677 -0.001989
v 0.004433 0.494470 0.002888
v 0.001198 -0.231445 -0.005327
v 0.002000 -0.073255 -0.000875
v -0.007157 -0.064295 0.010030
v -0.008258 0.315247 0.000386
v -0.004120 0.154196 0.006278
v -0.006884 0.182553 -0.011889
v -0.000622 -0.271930 -0.010679
v 0.003244 -0.101754 0.004909
v -0.006400 -0.002284 -0.012361
v 0.006751 0.266226 -0.001871
v 0.011449 -0.356076 -0.011245
v 0.008708 -0.276970 0.007535
v 0.012197 0.186722 0.011251
v 0.002816 0.436050 0.000119
v 0.001197 0.373556 0.006091
v -0.006020 -0.034177 0.003442
v 0.000532 0.295564 -0.005635
v -0.005357 -0.470475 -0.004507
v -0.009041 0.037449 0.004849
v -0.010894 0.224751 0.001065
v -0.007329 -0.094645 0.010121
v 0.004888 0.101406 0.006640
v -0.012353 -0.135287 0.006337
v 0.011336 0.386768 0.006188
v 0.002581 0.043759 -0.007014
v -0.011774 -0.074677 0.004479
v -0.008374 -0.106067 -0.009309
v -0.011826 0.131833 0.001610
v 0.003569 -0.529295 -0.000958
v -0.003022 -0.501895 -0.004329
v -0.003022 0.293653 0.008298
v -0.010452 -0.284517 0.000985
v -0.003751 0.553652 0.007031
v 0.006356 0.178170 -0.007516
v -0.008690 -0.536926 0.004236
v -0.007051 0.075353 0.006672
v 0.002681 -0.359234 -0.009637
v 0.011618 0.341434 -0.011858
v 0.004434 -0.195393 -0.002584
v -0.010600 0.241282 0.003181
v 0.006812 -0.429151 0.002510
v 0.012096 -0.409774 -0.003820
v -0.003236 -0.078635 -0.003969
v 0.008058 0.374672 0.011520
v 0.008218 0.154326 -0.001613
v 0.011637 0.251427 0.007705
v -0.000413 0.040380 0.005776
v 0.008793 -0.246497 -0.010333
v -0.006403 0.418912 0.002758
v -0.011783 -0.124338 -0.007954
v 0.007446 -0.320660 0.009508
v -0.005593 0.209056 0.011202
v 0.005502 -0.456111 0.006454
v 0.003648 0.209441 0.007323
v -0.006960 -0.442847 -0.004845
v -0.000668 0.090484 -0.001862
v -0.004230 0.275600 -0.005727
v -0.009484 -0.281141 -0.009511
v 0.006555 0.031579 -0.007090
v 0.005615 -0.005466 0.000616
v -0.009987 -0.246348 -0.006813
v -0.012146 -0.351761 -0.005642
v 0.001334 0.526660 -0.009343
v -0.000228 0.414625 0.001852
v -0.001488 -0.041554 -0.011216
v -0.000557 0.493223 -0.002482
v 0.003236 -0.479669 -0.008770
v -0.004904 0.081472 -0.009539
v 0.002658 0.298156 -0.006858
v -0.001237 0.023398 0.009004
v -0.004865 0.542060 0.002741
v 0.011190 0.256793 -0.007224
v -0.008574 0.168316 -0.010623
v -0.001237 -0.544711 -0.005219
v 0.005174 -0.290301 -0.001149
v 0.010598 0.213319 0.003126
v 0.010842 0.175430 0.001114
v 0.010210 0.170564 -0.010715
v -0.004810 -0.361261 0.001730
v -0.009391 -0.227811 0.004993
v 0.000012 0.486789 -0.010489
v -0.001699 -0.510595 -0.006241
v 0.011548 -0.441141 0.001880
v 0.012489 0.500172 -0.005762
v 0.006407 -0.506483 0.003788
v -0.007963 0.459813 0.003370
v -0.010219 -0.012903 -0.004167
v 0.008943 0.182892 0.004842
v 0.011130 -0.225121 0.001252
v -0.004637 -0.054110 0.011755
v 0.000365 -0.093204 0.003942
v -0.002169 0.039043 -0.003456
v 0.003135 0.288587 -0.007411
v 0.010692 0.052595 0.004956
v 0.011829 -0.413710 -0.006518
v 0.001271 -0.374478 -0.010170
v 0.010323 0.540519 -0.009563
v -0.000041 0.370773 0.000222
v 0.008368 -0.237226 -0.006407
v -0.002910 0.066938 0.000206
v 0.009101 0.411665 0.007250
v 0.010856 -0.093370 0.008014
v -0.005036 -0.236704 0.012473
v -0.008785 -0.010431 -0.003872
v 0.001086 0.055993 -0.004456
v 0.004937 -0.340687 -0.006661
v -0.011409 0.309217 0.005131
v -0.002848 0.346642 0.008019
v -0.000117 0.517325 0.000057
v 0.009243 0.108553 -0.001492
v -0.001077 0.034107 -0.002251
v -0.008641 0.169497 0.011730
v 0.004818 -0.173837 0.008794
v 0.008984 0.384576 -0.004583
v 0.006485 0.249899 -0.011603
v 0.003279 -0.464214 0.012436
v -0.001651 0.261404 0.003344
v -0.001408 0.414687 0.010086
v 0.007404 -0.504576 -0.003129
v 0.000779 -0.388225 0.007313
v -0.010526 -0.353747 0.002993
v 0.010321 -0.294009 -0.000971
v -0.006117 -0.282890 0.007616
v 0.004440 0.432780 -0.001457
v 0.002189 -0.166404 -0.001892
v 0.008633 -0.282412 -0.002883
v -0.006570 -0.016673 0.001870
v -0.005119 0.553910 0.003956
v 0.001648 -0.243427 0.006117
v 0.002660 -0.496133 0.010104
v 0.007472 -0.232510 -0.003692
v 0.003022 0.154724 0.005523
v 0.008458 0.178306 0.010085
v -0.004777 0.159495 0.001989
v -0.010247 0.250474 0.006187
v -0.009196 -0.355811 0.011787
v 0.010337 0.042199 -0.006076
v -0.000454 0.364821 0.006164
v -0.009621 -0.165841 -0.008981
v 0.009004 0.518756 0.011999
v 0.007615 0.510641 0.007267
v 0.000914 -0.535820 0.004321
v 0.002114 0.197635 0.011007
v -0.006654 -0.442694 0.009606
v 0.010381 0.060582 -0.010920
v 0.010235 0.351296 -0.002293
v 0.011157 -0.401136 -0.000184
v 0.009681 -0.452197 -0.001159
v 0.006079 0.198684 -0.002022
v -0.008637 0.264368 -0.010024
v -0.002297 -0.000430 -0.011682
v -0.001415 -0.131153 0.008886
v 0.004642 -0.439598 0.011946
v -0.002547 -0.163214 -0.009446
v -0.001132 0.386906 0.003543
v -0.011966 0.114030 -0.006411
v 0.001614 -0.422268 0.006629
v -0.007101 -0.312885 -0.004286
v 0.010013 -0.400120 0.008960
v -0.009250 -0.397077 -0.008138
v -0.011855 0.165035 0.007250
v -0.004406 -0.296419 -0.011190
v 0.000652 0.272031 -0.000594
v 0.000331 0.296045 0.000096
v -0.011416 0.497038 0.009175
v -0.001049 0.035197 -0.010979
v -0.002460 -0.018467 -0.000243
v -0.010663 0.440191 0.002707
v -0.005625 -0.474423 0.001209
v 0.012366 -0.191532 -0.001157
v -0.010021 0.121014 0.008820
v 0.006724 0.171529 -0.007124
v -0.006788 -0.057316 -0.001163
v -0.010123 -0.094242 0.004128
v -0.008684 -0.127694 -0.010822
v -0.010169 0.354863 0.005970
v 0.001409 0.345108 0.001540
v -0.009444 -0.191049 0.004134
v 0.009202 0.280839 0.011710
v -0.003709 0.112399 -0.007182
v -0.006894 0.162615 0.008634
v 0.006565 -0.143830 0.007681
v 0.011864 0.387631 0.002839
v -0.011844 0.167696 0.008237
v -0.007990 -0.250740 -0.004775
v -0.012347 -0.166946 0.001658
v -0.008953 -0.105808 -0.011734
v -0.007122 0.268719 -0.003978
v 0.005540 -0.136021 0.001690
v -0.011185 -0.465112 0.002946
v -0.005697 0.195414 -0.000358
v -0.005671 -0.057378 -0.009655
v -0.005419 -0.072633 -0.000334
v -0.011365 0.181227 0.002483
v -0.004965 -0.548763 -0.009069
v -0.004297 -0.281235 0.006175
v -0.002995 -0.351644 0.000007
v 0.007655 0.355992 0.009044
v -0.012031 -0.492938 0.009053
v 0.001835 0.088573 -0.002058
v -0.011979 -0.427690 0.007533
v 0.008301 0.140432 -0.010297
v -0.006417 0.381155 0.000599
v -0.004743 -0.118669 -0.004173
v 0.000262 -0.374703 0.000249
v -0.003766 0.452199 0.007974
v -0.006593 0.337702 -0.007568
v 0.006505 0.116527 -0.008071
v -0.000147 0.306494 0.006497
v 0.010604 -0.054592 0.003382
v 0.009106 0.140154 -0.008726
v -0.001445 -0.479815 -0.005633
v 0.000183 -0.492950 -0.001202
v 0.008292 -0.498003 0.009106
v 0.002875 0.390999 -0.000932
v 0.007295 0.069645 -0.001257
v 0.003796 0.336336 -0.000609
v -0.010953 -0.393965 0.009978
v 0.005358 -0.172105 -0.008186
v -0.001556 -0.278996 0.000569
v -0.003179 -0.380807 -0.002281
v 0.002447 -0.170565 0.003683
v -0.010137 -0.473037 -0.005396
v 0.003914 0.256266 0.009332
v 0.002068 -0.192266 -0.003754
v 0.004962 0.511765 0.002376
v -0.004760 0.478719 0.007292
v 0.004253 0.352727 0.005969
v 0.000660 0.207607 -0.001915
v -0.003435 -0.159983 -0.007145
v -0.000343 0.485599 -0.009061
v 0.008611 -0.475090 0.006772
v 0.009592 0.357075 -0.004081
v -0.009224 0.289856 -0.008444
v 0.006777 0.372206 -0.008362
v -0.002229 -0.064150 -0.006562
v -0.005377 -0.055168 -0.001277
v -0.004763 0.045128 -0.000775
v -0.003304 0.379803 0.012111
v -0.005456 -0.045105 0.000686
v 0.007922 0.520426 -0.009040
v 0.003529 -0.265644 0.001364
v 0.008647 -0.428372 -0.005373
v -0.005680 0.299561 -0.008816
v 0.011160 -0.075729 -0.001222
v -0.011833 -0.176625 0.000050
v 0.012363 -0.293771 -0.011795
v 0.008479 0.477658 0.007285
v -0.005328 -0.390396 0.004902
v 0.005138 -0.398613 -0.012369
v -0.006102 -0.454478 0.001220
v 0.000694 0.240238 -0.005297
v -0.011306 -0.220738 0.007347
v -0.009729 -0.037046 0.002418
v 0.000384 -0.538373 -0.008911
v 0.002870 -0.084323 -0.002086
v -0.010360 0.192675 -0.010808
v 0.000183 0.040874 0.001354
v -0.000747 -0.117109 0.012026
v -0.012094 -0.263772 -0.003880
v 0.003206 0.263023 0.005880
v -0.011392 -0.183079 0.007838
v 0.006979 -0.358286 0.004885
v 0.007787 0.133987 0.006905
v -0.005164 -0.057957 -0.007513
v 0.010834 -0.503519 0.012228
v -0.006167 0.053666 -0.007722
v 0.007021 -0.148183 -0.004202
v -0.003300 -0.403340 0.006083
v -0.002834 0.445944 -0.000095
v 0.010608 -0.002242 0.007529
v -0.010527 0.252351 0.008059
v -0.004470 0.039524 0.004023
v 0.002566 -0.214702 0.004744
v -0.011441 -0.154047 -0.003686
v -0.005636 0.559966 0.011198
v 0.003438 -0.470872 0.007527
v 0.011320 0.188421 0.002689
v -0.011630 0.298624 0.006963
v -0.002929 -0.145358 0.002627
v 0.011221 0.193769 0.006577
v 0.000736 0.078765 0.003739
v -0.009664 -0.269535 -0.000024
v 0.001542 -0.130269 -0.005993
v 0.012409 -0.064460 0.010412
v -0.009434 -0.000859 -0.001199
v -0.001372 0.428242 0.004548
v -0.004510 0.376259 -0.010877
v 0.009783 0.055173 0.005295
v 0.003443 0.477399 0.000219
v -0.007475 -0.425529 0.007259
v 0.001351 -0.524365 0.007592
v 0.002799 0.046467 -0.004768
v 0.005472 0.550197 0.006729
v -0.010656 0.367483 0.003558
v 0.004503 -0.058915 0.009449
v 0.003495 0.300338 0.011657
v 0.010268 -0.085235 -0.009396
v -0.008384 -0.386116 0.005233
v 0.011023 -0.159501 0.008648
v 0.003376 -0.273063 -0.009371
v 0.000837 -0.216829 -0.008284
v -0.008645 0.489736 0.005516
v 0.008563 0.117243 0.008131
v -0.011363 -0.515253 0.001919
v 0.006674 0.164158 0.003475
v 0.003179 -0.007416 0.011416
v 0.007617 -0.014136 -0.005064
v -0.011002 -0.471240 -0.000394
v 0.002667 -0.330260 0.005459
v 0.009019 0.269504 -0.009231
v 0.001541 -0.146928 -0.000838
v -0.006302 -0.265861 -0.005245
v 0.002884 -0.133728 0.009133
v -0.004314 -0.372388 -0.004682
v -0.000043 0.289802 -0.000031
v -0.011921 -0.199475 0.000136
v -0.007121 0.509678 -0.011236
v 0.009558 -0.001760 -0.000735
v 0.008679 0.038633 0.009561
v 0.006596 0.246907 -0.002485
v -0.007634 0.078640 -0.010662
v 0.006610 -0.000826 0.012227
v -0.009530 0.210316 -0.002652
v -0.004023 0.335361 0.006374
v 0.000228 -0.331034 -0.011367
v -0.004174 -0.399916 -0.001075
v 0.000388 0.112586 0.002827
v 0.012265 -0.365265 -0.005019
v 0.008207 -0.179181 0.005218
v 0.007894 -0.223521 0.004345
v 0.002093 0.535307 0.005633
v -0.011834 0.206213 0.011677
v 0.006904 0.313135 0.005535
v -0.008237 0.095101 0.002993
v -0.008806 0.379802 -0.011711
v -0.009753 0.480999 -0.004658
v 0.004763 -0.385666 0.006874
v 0.009320 0.468469 -0.010943
v -0.007316 -0.402483 0.004056
v -0.004656 0.019854 0.010303
v -0.003643 -0.166641 0.005523
v 0.004833 0.160392 -0.007693
v 0.001452 -0.285707 0.011823
v -0.005275 -0.229942 0.005125
v -0.003780 -0.190413 0.007385
v -0.009453 -0.244781 -0.003008
v 0.007959 0.539542 0.007615
v -0.005309 -0.225149 -0.003841
v -0.006089 -0.063909 -0.007448
v 0.010826 0.047340 -0.009068
v 0.002171 0.120806 0.004246
v 0.003449 0.022958 -0.002167
v -0.009986 0.245863 -0.012370
v 0.010727 0.053061 0.010876
v -0.000564 0.408726 0.011598
v 0.003647 -0.186517 -0.010263
v 0.000879 0.087125 0.010917
v -0.008123 0.464109 -0.008105
v 0.012429 0.459023 -0.000115
v 0.011553 0.490921 0.009419
v 0.001699 -0.549624 0.012075
v 0.012227 -0.235900 -0.000152
v 0.008776 0.481617 -0.007680
v -0.008438 -0.427116 -0.006068
v 0.005915 -0.337912 0.001695
v -0.008113 0.291915 0.009926
v 0.000382 0.349357 0.004231
v -0.008985 -0.351151 -0.006299
v -0.006612 -0.256792 0.011351
v 0.005572 -0.230074 0.003842
v -0.010947 0.202501 -0.004830
v 0.000063 -0.094164 0.005089
v -0.009565 -0.197521 -0.005124
v -0.007022 0.116927 -0.008670
v 0.002643 0.270404 0.001231
v 0.000938 -0.027987 -0.007040
v 0.006368 -0.268460 -0.010453
v 0.005094 -0.069125 0.001604
v 0.001191 -0.481929 0.001818
v -0.004297 -0.384654 -0.009594
v 0.002079 -0.334285 0.000259
v -0.001164 0.339892 -0.001080
v -0.000941 -0.478817 0.005582
v 0.007911 -0.108311 0.001958
v -0.003887 -0.511087 0.012353
v -0.010775 0.488885 -0.011707
v 0.006724 -0.093601 0.011958
v -0.001991 0.172790 -0.002938
v 0.010169 0.403473 0.004568
v 0.000983 0.181810 -0.003806
v 0.000931 -0.352958 0.005696
v -0.012413 -0.316972 -0.005041
v 0.001111 0.191648 0.008084
v -0.003846 -0.283346 0.010935
v -0.009679 0.255263 -0.002019
v 0.009594 0.280550 -0.007348
v -0.011661 -0.436569 0.005082
v 0.006014 -0.498899 -0.006642
v 0.009093 -0.322093 0.000097
v 0.007895 -0.226022 -0.004527
v 0.004313 0.103226 -0.004956
v 0.004005 -0.399387 -0.004987
v 0.011213 -0.473454 0.010289
v -0.001820 0.138483 0.011807
v 0.004284 0.492890 -0.004532
v -0.008770 -0.095131 0.006360
v 0.008734 -0.034111 0.005189
v 0.010369 0.337913 0.011695
v -0.009148 0.056587 -0.007417
v 0.010556 0.170055 -0.010188
v -0.007738 0.241255 0.004342
v 0.009341 0.105418 0.006542
v 0.001471 0.246221 0.009237
v 0.011425 -0.195856 0.010929
v -0.009567 0.520775 -0.000527
v 0.002610 -0.290535 0.010378
v 0.006888 0.054304 0.000841
v -0.005961 -0.154494 -0.000068
v 0.012033 -0.442294 0.008493
v -0.003232 0.453612 0.001563
v -0.008852 -0.312579 0.010869
v -0.002061 0.078368 -0.004253
v 0.008334 -0.132194 0.003865
v -0.006067 0.211371 0.011663
v -0.000235 0.147570 0.007374
v 0.005508 -0.364100 0.010422
v 0.003545 0.035319 -0.011654
v 0.011130 0.385573 0.006608
v 0.008564 -0.103083 0.005179
v 0.000143 -0.543114 0.002946
v 0.002913 0.183010 -0.000304
v 0.001291 -0.554930 0.000735
v 0.011937 -0.259857 0.007829
v 0.007654 0.201681 -0.009825
v -0.008778 -0.451756 0.000661
v -0.005817 0.344158 -0.003174
v 0.001625 -0.091114 -0.006854
v 0.008697 0.206289 0.008955
v -0.010162 0.282526 0.001318
v -0.012264 -0.496489 -0.000004
v 0.007109 -0.071053 0.008949
v 0.000704 -0.456538 -0.007215
v 0.009689 0.404316 -0.011336
v 0.010640 -0.458234 0.001588
v 0.010719 -0.518446 0.011537
v 0.006306 0.101057 -0.002543
v -0.008439 -0.471857 0.008366
v 0.009913 -0.126134 0.006390
v 0.012212 -0.390450 0.000020
v -0.011158 0.520183 0.008467
v 0.006725 -0.163977 -0.002582
v -0.011759 0.295244 0.012315
v -0.003605 0.000692 -0.001704
v 0.004017 0.187307 0.002965
v 0.005328 0.317412 -0.008644
v 0.003348 0.238836 -0.004583
v -0.012370 -0.437587 -0.003502
v -0.009187 -0.261072 -0.001279
v -0.002299 0.048371 -0.003652
v 0.002451 -0.452019 -0.002869
v -0.002805 -0.239350 0.010028
v 0.011954 0.447527 -0.008260
v -0.009029 -0.136166 -0.000172
v -0.001633 -0.482379 -0.000394
v -0.006208 -0.471722 0.003126
v -0.007611 0.093361 -0.004884
v -0.004195 0.496711 0.007602
v -0.004132 -0.179617 0.008988
v -0.009097 0.517165 0.011182
v -0.004645 -0.317449 0.011718
v 0.004874 -0.229632 0.001897
v -0.003099 -0.275421 -0.002677
v 0.001596 -0.422418 0.001141
v 0.001252 0.211209 -0.000959
v -0.001539 0.223987 0.004821
v 0.007391 0.348591 -0.000017
v -0.006449 0.150636 0.005381
v -0.010651 0.330252 -0.000519
v 0.000165 -0.098605 0.004793
v 0.007268 0.044498 0.009888
v 0.003455 0.030221 0.006724
v -0.003625 0.177037 -0.011393
v 0.004437 0.529459 0.006317
v -0.001739 0.500052 -0.006032
v 0.000470 0.013757 0.001881
v -0.002722 -0.052835 0.002215
v -0.003876 -0.011374 -0.009886
v 0.011543 -0.102025 0.011017
v -0.004703 -0.395274 -0.007328
v -0.000596 -0.020327 0.004919
v -0.004993 -0.191445 -0.009623
v 0.003699 0.388526 -0.008391
v -0.006402 0.524152 -0.008497
v 0.011462 0.059130 -0.002374
v 0.003512 -0.348800 -0.011770
v -0.007567 0.127823 -0.002779
v -0.007355 0.231517 0.007718
v -0.009956 -0.471880 -0.007826
v -0.001061 -0.197358 0.009066
v 0.003478 0.032911 0.002783
v -0.003802 0.104343 0.002934
v 0.005150 0.340048 0.002862
v -0.009151 -0.466326 -0.004865
v 0.004836 -0.348380 -0.002044
v -0.002907 -0.406202 0.003388
v 0.003632 0.225274 0.001373
v -0.008993 -0.016029 -0.001225
v -0.003524 -0.503288 -0.009087
v 0.011596 0.346873 -0.000126
v -0.002109 0.211664 -0.000283
v -0.011728 -0.452536 -0.005198
v 0.000940 -0.255957 -0.001067
v 0.006648 0.268013 -0.009670
v 0.006878 -0.416291 -0.003328
v -0.011460 0.360347 0.001159
v -0.009940 0.547005 0.006284
v 0.012483 -0.223777 -0.003786
v -0.001523 0.360750 0.006891
v 0.007768 -0.287161 -0.003734
v 0.003319 0.223479 -0.009019
v -0.007326 -0.333734 -0.003730
v 0.000969 -0.245215 0.005101
v -0.005816 -0.222783 0.012137
v -0.010119 0.208799 0.007142
v 0.012312 0.469822 -0.009328
v -0.006258 0.407972 0.008212
v 0.004406 0.287357 0.001936
v -0.002144 -0.255611 0.003341
v -0.010173 0.418528 -0.005544
v -0.003273 0.491226 -0.004318
v 0.006853 -0.541462 0.005773
v 0.004104 -0.049250 -0.010917
v -0.007054 0.036108 -0.007204
v 0.008209 -0.258666 0.001948
v -0.000367 0.068850 0.004564
v -0.010011 -0.489653 -0.001010
v 0.008941 -0.414807 -0.012483
v -0.007442 0.508550 -0.009202
v -0.008526 0.175815 -0.005650
v -0.006240 0.166843 0.010095
v -0.002591 -0.372785 0.004986
v 0.003887 -0.287349 -0.012473
v -0.009183 -0.032358 0.004500
v 0.004890 -0.531857 0.012204
v -0.009196 -0.096184 -0.002923
v -0.009939 0.249174 0.009525
v 0.006837 -0.392829 -0.009171
v -0.008929 0.542997 -0.012288
v -0.001498 0.170583 0.003202
v -0.002207 -0.378824 0.008999
v -0.009988 -0.448332 0.002239
v 0.011581 -0.132202 -0.009004
v -0.010394 -0.244001 0.002500
v 0.006974 0.123114 0.008697
v -0.004959 0.174690 0.000238
v -0.005111 0.261492 0.009948
v -0.000128 0.490457 -0.000010
v 0.000707 0.115265 0.012172
v -0.009200 0.486337 0.001710
v 0.004574 -0.141478 0.011361
v -0.012083 0.286592 -0.005945
v -0.010988 -0.498958 0.000165
v 0.000026 0.139314 0.005045
v 0.000914 -0.456428 -0.005563
v 0.000283 -0.216522 0.007702
v -0.002732 0.043387 0.008363
v -0.010847 0.204128 0.005749
v -0.011052 0.370770 -0.001638
v 0.002721 -0.056059 0.006042
v -0.009514 0.269922 0.005037
v 0.011325 -0.369209 0.007075
v -0.008326 0.233515 0.007028
v 0.009660 -0.247573 -0.011766
v -0.005700 0.326915 0.005308
v -0.010573 0.083197 -0.003497
v 0.001672 -0.003737 -0.006122
v 0.001848 -0.431235 -0.006790
v -0.011399 0.018781 -0.006386
v -0.002926 -0.039807 0.010779
v 0.001322 0.403582 0.006017
v -0.004455 -0.090787 0.005507
v -0.010553 -0.254796 0.000051
v -0.008016 0.449744 0.012035
v -0.010777 0.498615 -0.005442
v -0.004317 0.380658 -0.012301
v 0.001595 -0.334164 0.003068
v 0.002292 -0.039847 0.006815
v 0.010011 -0.328523 -0.006372
v -0.002249 -0.549659 -0.003839
v 0.009430 0.384806 -0.012463
v 0.008725 0.178715 -0.009901
v -0.006546 0.032597 -0.011003
v 0.005291 0.536481 0.010532
v 0.000494 0.442037 -0.003188
v -0.010377 0.511900 -0.009162
v -0.010629 0.353655 -0.001625
v -0.006581 0.504665 -0.004625
v 0.005018 0.336782 -0.004549
v -0.010633 -0.258281 0.006998
v -0.008615 0.084788 -0.000849
v 0.000898 -0.091220 -0.007309
v -0.005875 -0.220364 -0.008560
v 0.008160 0.209582 -0.011492
v -0.004305 0.359298 -0.006295
v 0.000336 -0.154253 -0.005996
v -0.011723 0.537354 -0.001195
v -0.006254 0.271937 0.007597
v -0.012201 -0.387968 0.012064
v 0.008092 -0.409407 0.003257
v 0.002058 0.153124 0.007819
v -0.010888 -0.515957 -0.001414
v 0.010127 -0.400095 -0.004211
v -0.000975 -0.511334 0.001847
v -0.002625 0.342091 0.004580
v -0.007132 -0.367733 -0.005504
v -0.011634 0.424746 -0.006355
v -0.002200 -0.224117 -0.010976
v -0.009069 -0.249760 0.009616
v 0.003269 0.035950 0.007371
v 0.007048 0.534822 0.001113
v 0.010317 -0.016793 -0.002790
v -0.004528 -0.359227 0.009894
v -0.011035 0.318680 0.000736
v 0.012490 0.305376 -0.009997
v -0.005837 0.180458 0.010431
v 0.012410 -0.495515 0.008663
v -0.003630 0.335610 0.008631
v 0.002313 -0.348634 0.004941
v -0.011795 0.460392 0.011189
v 0.001578 0.062173 0.012200
v -0.000194 0.415015 -0.000239
v -0.006684 -0.457747 0.000661
v 0.010447 -0.556712 -0.009238
v 0.010470 0.247238 -0.004410
v 0.002165 -0.515465 0.006859
v 0.009017 0.392643 -0.003160
v -0.002610 0.476141 -0.004956
v -0.008562 -0.388686 0.007296
v 0.003730 0.498583 0.011719
v 0.010721 0.220091 -0.006919
v -0.008116 0.093016 0.004712
v 0.005721 -0.398697 0.011217
v 0.012357 -0.107609 -0.011690
v 0.010526 0.124316 -0.006978
v 0.010917 0.063121 0.006134
v 0.012059 -0.296507 0.009633
v 0.005224 -0.448924 0.009666
v -0.005870 -0.064969 -0.010805
v -0.009799 -0.280144 -0.002852
v 0.011728 0.265457 -0.000173
v 0.001151 -0.143380 -0.000513
v 0.003774 0.405135 -0.008434
v 0.008644 -0.474047 -0.004532
v -0.010645 0.488581 -0.003114
v 0.001176 0.265137 -0.010172
v 0.002841 0.103002 -0.011725
v -0.008375 0.496430 -0.008572
v -0.007361 -0.446367 0.004930
v 0.005749 0.238374 -0.005462
v -0.011259 -0.286903 0.008496
v -0.003479 -0.382861 -0.005136
v 0.002505 0.170714 -0.011857
v -0.005205 -0.372536 0.008594
v -0.002563 -0.211084 0.004026
v 0.001103 -0.457627 0.009637
v -0.001356 -0.149576 -0.000874
v -0.005786 -0.312093 0.006306
v -0.010357 0.180310 0.001036
v 0.002243 0.519116 0.008520
v -0.002034 0.351134 0.009172
v 0.009541 -0.028287 -0.010526
v 0.005358 0.443107 0.010011
v 0.004438 0.333502 -0.009493
v -0.008178 0.295017 0.011804
v -0.009345 0.337391 0.012207
v 0.012432 -0.067887 0.008353
v 0.010270 -0.255971 -0.010825
v -0.002566 -0.127438 -0.005595
v 0.009337 -0.038863 0.003076
v -0.002010 0.022679 -0.008795
v 0.006459 0.107719 0.010623
v -0.009975 0.063604 0.000891
v -0.002228 -0.174668 -0.000360
v -0.011563 0.114244 -0.008904
v 0.004842 0.107990 0.009739
v -0.006561 -0.179213 0.010521
v -0.011994 0.444669 -0.004924
v -0.000210 -0.236714 -0.010045
v -0.009140 0.417646 -0.001422
v -0.005765 0.356325 0.003639
v -0.007215 -0.335172 0.006024
v 0.009180 0.293468 0.000382
v -0.004722 -0.374960 -0.009109
v 0.009483 0.374649 -0.007681
v 0.008424 0.359960 -0.001089
v 0.005116 0.454184 0.008088
v 0.003385 -0.003764 -0.011736
v 0.002351 -0.148347 0.009262
v -0.003756 0.087156 0.009862
v 0.004721 0.268484 -0.002836
v 0.001806 -0.359179 0.008928
v 0.004442 0.156345 -0.002262
v 0.007008 -0.521253 -0.012278
v 0.003684 0.455196 -0.012288
v 0.007627 -0.277234 0.011676
v -0.001905 0.153926 -0.003782
v -0.000833 -0.268372 0.008108
v -0.009942 -0.112844 0.004059
v -0.003144 0.381296 0.002726
v -0.009797 -0.232581 0.012209
v 0.009037 0.148683 0.005277
v -0.005030 0.422859 0.006637
v 0.007636 0.447215 0.002501
v 0.004519 0.182115 0.003885
v -0.006014 0.545180 -0.002793
v 0.005202 -0.509348 -0.007752
v -0.006941 0.250071 0.007122
v 0.004297 0.447362 0.008635
v 0.009412 0.366731 -0.010060
v -0.006034 -0.401553 0.006573
v 0.004493 -0.352734 -0.010268
v 0.006105 -0.164011 0.007202
v -0.005986 -0.190700 0.008780
v 0.009160 -0.030320 0.011108
v 0.009736 -0.471651 0.009187
v -0.005041 -0.141312 0.008856
v -0.007493 -0.401168 0.001735
v -0.001061 0.442693 0.005392
v -0.000310 0.310111 -0.008079
v -0.012382 0.142287 0.006530
v 0.006612 -0.364794 0.006589
v 0.002862 -0.449817 -0.002415
v -0.002917 0.500304 -0.007515
v -0.012148 -0.144033 0.008331
v 0.004419 -0.337198 -0.006279
v -0.003891 0.203600 -0.002911
v -0.008324 0.105634 -0.005045
v 0.005696 -0.227680 -0.004054
v 0.012387 0.422840 0.010035
v -0.007789 -0.143622 0.010455
v -0.006790 -0.100590 -0.009220
v 0.002242 0.249209 -0.003335
v -0.011566 0.175008 -0.006105
v -0.011285 0.050574 0.004049
v -0.012006 0.173668 -0.002081
v 0.001182 -0.132361 -0.008672
v 0.003258 0.209739 0.004042
v -0.005751 0.181372 -0.009071
v -0.009877 0.369187 -0.009557
v -0.009843 -0.432120 -0.007506
v 0.000579 -0.268165 0.005086
v -0.011515 -0.225205 -0.007308
v -0.004235 0.464005 0.004291
v 0.008381 0.451794 -0.008771
v 0.000293 -0.445320 -0.009968
v -0.006721 -0.256302 -0.005099
v -0.010005 -0.047427 -0.011514
v 0.007540 -0.235058 0.005964
v 0.006455 -0.456854 0.008800
v -0.008237 0.176129 -0.001557
v 0.009462 0.123812 0.007874
v -0.002481 -0.337286 -0.005704
v 0.008767 -0.118215 0.003721
v -0.009674 0.331505 -0.011034
v -0.008515 0.484614 0.002269
v 0.004460 0.324523 -0.003006
v -0.011780 -0.150930 0.008463
v -0.009234 0.531299 -0.009677
v -0.011351 -0.103547 -0.004644
v 0.004448 0.231713 0.001916
v 0.011947 0.075760 -0.004042
v 0.005015 0.015295 0.004043
v -0.003856 -0.272158 -0.002878
v 0.001459 0.385131 -0.011136
v -0.008577 0.166460 0.008797
v -0.010628 0.406148 -0.006478
v -0.011241 0.510227 0.003583
v -0.006625 -0.107418 0.007532
v 0.008915 -0.058415 -0.009532
v 0.003834 -0.012823 -0.002192
v -0.012496 0.052617 0.002605
v -0.004885 0.131181 -0.007329
v 0.011259 0.185205 -0.011143
v -0.001139 -0.303286 0.002994
v 0.003929 -0.024155 -0.009649
v -0.006956 0.281286 0.008247
v -0.005200 0.511427 0.005052
v -0.008396 -0.508633 0.005421
v -0.009826 0.246486 -0.007811
v -0.002678 0.472164 0.007036
v -0.009806 0.236328 0.010666
v 0.002220 0.378016 -0.001237
v 0.011405 0.165168 -0.000029
v -0.011286 0.044283 0.008470
v 0.000208 -0.008246 -0.008070
v 0.005762 0.077119 -0.002815
v 0.009567 0.110703 -0.002883
v 0.010398 0.534010 -0.005660
v 0.011762 0.508774 -0.009166
v 0.005000 -0.089769 -0.005027
v 0.009018 0.226941 0.010888
v -0.715811 -0.089299 0.005215
v -0.631513 0.288820 0.007240
v -0.109592 0.010378 0.019250
v -1.008152 0.041440 -0.007460
v -0.305697 0.215320 -0.000824
v -0.955713 -0.097309 -0.003466
v -0.556756 -0.335220 -0.008991
v -0.266176 -0.259208 0.000955
v -0.342968 0.075317 0.007151
v -0.402515 0.395902 -0.014241
v -0.612781 0.254696 0.014254
v -0.658956 -0.162462 0.010651
v -0.063959 0.126392 -0.016696
v -0.230513 -0.216316 0.015323
v -0.569636 -0.264298 -0.011021
v -0.444856 -0.316695 -0.008919
v -0.820934 -0.297313 -0.004723
v -0.026671 -0.061484 -0.007869
v -0.609297 0.034616 -0.010444
v -0.903128 -0.205026 0.015545
v -0.297081 -0.301403 0.008594
v -0.836643 -0.242041 0.001958
v -0.935856 -0.173811 0.019500
v -0.613484 0.220140 0.007672
v -0.461559 0.211543 0.000582
v -0.808073 0.241704 0.002377
v -0.262410 0.284061 -0.010289
v -0.774649 0.359451 -0.014498
v -0.372304 0.246211 -0.018864
v -0.156830 -0.085831 0.006799
v -0.965482 0.068859 -0.005960
v -0.484200 -0.181399 -0.011762
v -0.492031 0.150333 0.000216
v -0.898121 0.205124 -0.017138
v -0.504276 0.240831 -0.007061
v -0.714847 0.200623 0.010612
v -1.089022 -0.029858 0.013595
v -0.498757 0.045339 0.007095
v -1.042892 0.183729 0.004775
v -0.939975 -0.233664 0.007667
v -0.776919 0.412689 0.018689
v -0.854703 0.252872 -0.009121
v -0.126717 -0.151345 -0.005252
v -0.430391 -0.215054 -0.019158
v -0.356311 -0.059921 0.000584
v -0.336782 -0.004934 0.019164
v -0.595756 0.041501 -0.018250
v -0.782153 -0.274086 0.015328
v -0.707580 0.112068 0.001586
v -0.708995 -0.346818 0.011559
v -0.872638 -0.274145 0.010369
v -0.338098 0.284143 -0.007068
v -0.440764 0.101133 0.012357
v -0.939578 -0.063664 -0.011439
v -0.568607 0.311241 0.005469
v -0.615245 0.072298 0.007279
v -0.979980 -0.023036 0.004971
v -0.534241 -0.271180 0.008437
v -0.074317 0.228207 -0.016542
v -0.480639 -0.174394 -0.017367
v -0.515133 -0.226581 -0.004405
v -0.751440 -0.194844 0.001406
v -0.324815 0.248497 0.012494
v -1.066837 -0.066615 -0.014949
v -0.781975 -0.310387 0.012391
v -0.593522 -0.204393 0.018878
v -0.936812 -0.053261 -0.015824
v -0.125373 0.060251 0.001560
v -0.263098 -0.025812 0.010428
v -0.284922 -0.090286 -0.003669
v -0.789513 -0.188666 -0.014240
v -0.458285 0.427286 -0.012838
v -0.344393 0.391187 0.014795
v -0.234107 -0.276005 0.020761
v -0.945749 0.125038 -0.008793
v -0.392854 0.104059 0.009475
v -0.865334 0.069423 -0.015615
v -0.647355 -0.060095 0.005020
v -0.299030 -0.089024 -0.002073
v -0.776392 -0.105026 0.003535
v -0.854284 -0.051510 -0.007714
v -0.584418 0.062711 -0.010661
v -0.465814 0.405487 -0.002683
v -0.441880 -0.079902 0.009785
v -0.280660 -0.148351 -0.005933
v -0.689517 0.343196 -0.013618
v -0.945545 -0.189283 0.015066
v -0.292708 0.287505 -0.009944
v -0.435079 -0.026069 -0.017833
v -0.160990 0.084933 -0.019690
v -0.854749 -0.081561 0.003782
v -0.210284 -0.123212 0.001826
v -0.172108 0.047694 0.011558
v -0.722878 0.198199 0.011430
v -0.581210 -0.175309 -0.001483
v -0.895709 0.032705 0.000091
v -0.814147 -0.279994 0.012875
v -0.718905 -0.062332 0.000594
v -0.769626 0.108932 0.018846
v -0.841594 -0.298032 0.009909
v -0.877679 0.076030 -0.011810
v -0.687481 0.058168 -0.005484
v -0.308894 0.100752 0.017124
v -0.792540 0.270333 -0.001905
v -0.028383 0.169636 -0.007389
v -0.663821 -0.240543 0.013845
v -0.406529 -0.135595 0.001863
v -0.345263 0.351438 -0.005658
v -0.836902 -0.265241 0.000700
v -0.923513 0.330504 0.000688
v -0.858639 0.362277 -0.000552
v -0.974823 0.086620 0.000077
v -0.406216 0.180985 -0.017762
v -0.706941 -0.101488 -0.013150
v -0.851906 0.320889 -0.016030
v -0.488985 0.425393 0.009251
v -0.928017 0.083676 -0.012150
v -0.284295 0.375325 -0.020057
v -0.148701 0.135169 -0.014233
v -0.624764 -0.010446 0.003035
v -0.287565 0.123450 -0.013438
v -0.138775 -0.034344 0.002671
v -0.086646 0.091586 0.006793
v -0.583605 0.170281 -0.002133
v -0.038318 0.032252 -0.013836
v -0.343763 -0.234930 0.012374
v -0.449524 -0.111856 0.006705
v -0.592643 0.405930 -0.006608
v -0.954741 0.143025 -0.011348
v -0.686286 0.141217 -0.012501
v -0.301795 -0.180313 -0.003369
v -0.449299 0.155231 -0.001013
v -0.631626 -0.004779 0.011922
v -0.738502 0.046988 -0.000746
v -0.258165 0.288302 0.013756
v -0.163807 -0.172968 0.006268
v -0.881517 0.014710 -0.019176
v -0.808866 0.012527 0.012697
v -0.466465 -0.201358 0.003740
v -0.575940 -0.315982 0.008262
v -0.385509 0.138537 -0.000960
v -0.494102 0.436930 -0.009103
v -0.298644 -0.137730 -0.013061
v -0.674057 -0.310942 0.003275
v -0.515561 0.074029 0.006491
v -0.667819 -0.168244 -0.005785
v -0.299946 0.330136 -0.010347
v -0.330652 -0.166007 -0.005643
v -0.622559 0.392036 0.010709
v -0.966331 0.242830 -0.000736
v -0.830864 0.277784 -0.010341
v -0.662476 0.281014 0.008631
v -0.595370 -0.336809 0.006690
v -0.555048 -0.230650 0.008371
v -0.415958 0.215387 -0.004176
v -0.765281 0.314756 0.008276
v -0.609134 -0.112219 0.019512
v -0.384097 0.054213 -0.014896
v -0.225760 -0.074475 -0.018309
v -0.522545 0.166959 -0.019414
v -0.957809 0.326904 0.004787
v -1.009927 0.003375 0.004094
v -0.080578 -0.077238 0.005892
v -0.779077 0.120571 0.006589
v -0.452262 -0.161851 -0.019588
v -0.870277 -0.126558 -0.011270
v -0.499387 0.119766 -0.010951
v -0.331764 0.050301 0.020866
v -0.489417 -0.195258 -0.004404
v -0.889263 -0.105598 0.009951
v -0.399961 0.102704 -0.009051
v -0.297227 -0.302347 -0.006380
v -0.268448 -0.000494 0.004467
v -0.368873 0.430618 0.003146
v -0.574472 0.317337 -0.016528
v -0.281982 0.150084 0.018775
v -0.374331 -0.338289 0.015797
v -0.388848 -0.243713 0.008156
v -0.146607 -0.016715 0.011339
v -0.524689 -0.361326 -0.001728
v -0.958559 0.128602 -0.019851
v -0.443527 0.122841 0.005614
v -0.097790 0.037406 -0.011343
v -0.765773 0.426020 0.000693
v -0.049205 0.073392 -0.010573
v -0.173483 0.240187 0.013485
v -0.078622 0.236350 -0.000985
v -0.865000 0.366062 -0.009699
v -0.120286 -0.063230 0.017217
v -0.795757 0.051180 0.009888
v -0.375678 -0.086950 -0.012484
v -0.549172 0.380333 -0.014448
v -0.136574 0.300300 0.007384
v -0.773012 -0.231561 0.011098
v -0.659252 0.027754 -0.000744
v -0.830212 -0.152636 0.020385
v -0.141017 -0.186031 -0.000386
v -0.026133 0.010649 -0.009229
v -0.477139 0.364051 -0.018726
v -0.434116 -0.226667 0.001712
v -0.895066 0.045902 0.007826
v -0.302648 0.419564 0.008326
v -0.992308 0.136563 -0.020504
v -0.447662 0.360455 -0.007332
v -0.762812 -0.089289 0.002040
v -0.519520 0.337408 0.004750
v -0.808561 0.271355 -0.012158
v -0.652274 -0.194081 0.014882
v -0.593178 0.225058 -0.015492
v -0.783615 -0.042162 -0.016805
v -0.583389 0.252351 -0.002847
v -0.703910 0.159148 0.019284
v -0.258692 0.354359 -0.013582
v -1.098776 0.051059 0.014674
v -1.014209 0.011975 0.011984
v -0.677513 0.349466 0.002849
v -0.917040 0.257971 -0.018478
v -0.401805 -0.216936 0.005454
v -0.852510 0.125292 -0.005840
v -1.043212 -0.100079 -0.010176
v -0.359980 0.068179 0.015429
v -0.311232 0.006972 0.003188
v -0.686073 -0.091390 0.011773
v -0.826828 0.322145 -0.000525
v -0.593865 -0.344727 -0.004995
v -0.649439 0.375066 -0.014916
v -0.305298 0.377968 -0.006830
v -0.832226 -0.183215 0.014654
v -0.350501 0.123266 -0.011415
v -0.671111 0.256983 -0.009766
v -0.726072 -0.122540 -0.002314
v -0.334257 -0.142146 0.003651
v -0.204388 -0.008078 -0.013277
v -0.085731 0.101824 0.006805
v -0.121474 -0.078524 -0.017637
v -0.461973 0.166843 -0.018321
v -0.255387 -0.164777 -0.019893
v -0.933804 0.271463 -0.017503
v -0.566939 0.214994 0.006503
v -0.319931 -0.103969 -0.010609
v -0.642761 0.374798 -0.015486
v -0.500919 -0.010293 0.006869
v -0.349515 -0.134192 -0.001002
v -0.150602 0.001657 -0.009559
v -1.059364 0.190466 0.008300
v -0.361840 0.341150 0.005504
v -0.821490 -0.187709 0.000985
v -0.745788 -0.129641 -0.006419
v -1.028135 -0.042936 -0.002442
v -0.736426 0.209885 -0.008250
v -0.053359 0.050220 0.014614
v -0.759571 0.289071 -0.020651
v -0.077645 -0.142181 -0.000963
v -0.189752 0.065803 -0.008697
v -0.544498 0.085434 -0.005307
v -0.900068 0.215588 -0.004420
v -0.305223 0.358364 -0.004632
v -0.753602 0.199052 -0.003266
v -0.518482 0.416450 0.017218
v -0.388938 -0.275028 -0.009044
v -0.571975 -0.327349 -0.003658
v -0.407805 -0.092779 -0.008837
v -0.831993 -0.200192 -0.009570
v -0.720894 -0.076868 -0.020185
v -0.167123 0.144253 -0.013191
v -0.321557 0.180591 0.009038
v -0.588041 -0.150559 -0.014671
v -0.871342 0.059905 -0.007914
v -0.381980 -0.349473 -0.001525
v -0.468659 -0.183233 0.014429
v -0.425765 0.020255 0.011577
v -0.210182 0.174879 -0.012928
v -0.279534 -0.268599 0.013787
v -0.202700 0.305273 -0.010544
v -0.501327 -0.227050 0.009980
v -0.184879 0.109589 0.011382
v -1.090259 -0.005121 -0.001141
v -0.678303 -0.163206 -0.007431
v -0.627762 -0.012573 0.018372
v -0.824427 0.022286 0.005818
v -0.385937 0.425316 0.015274
v -0.512847 0.188259 0.005582
v -0.651536 0.203331 -0.009404
v -0.193101 0.304806 -0.020625
v -0.080020 0.146955 -0.001039
v -0.825781 -0.095478 -0.017242
v -0.458882 0.156215 0.004983
v -0.051859 -0.126530 0.005256
v -0.139210 0.173688 0.008456
v -0.499743 -0.093955 -0.011228
v -0.064828 0.007154 0.010781
v -0.425468 -0.211432 -0.012895
v -0.672612 -0.183268 -0.015341
v -0.241928 -0.123961 -0.002625
v -0.677319 0.386905 -0.013029
v -0.424255 0.278271 0.009761
v -0.629459 0.428112 0.017408
v -0.685957 0.012975 -0.014489
v -0.629889 0.256720 -0.005581
v -0.110684 0.051517 -0.005080
v -0.520346 0.102815 0.014987
v -0.506262 -0.152500 0.009282
v -0.770005 -0.208547 -0.004725
v -0.933526 0.005366 0.002162
v -0.786853 -0.105540 0.005918
v -0.244208 0.244329 -0.018199
v -0.448935 -0.080138 0.015687
v -0.436362 0.329444 -0.016852
v -1.003731 -0.115743 0.006633
v -1.004546 -0.006814 -0.010251
v -0.835854 0.293394 -0.018023
v -0.322490 -0.031472 -0.000361
v -0.430314 -0.025835 0.012643
v -0.168667 0.166779 0.018406
v -0.838614 0.178566 0.008754
v -0.423423 -0.143770 -0.019293
v -0.275971 0.149094 0.018673
v -0.383827 0.017917 0.009457
v -0.784677 0.013872 0.001100
v -0.546620 0.382115 -0.013486
v -0.551794 -0.220623 -0.016568
v -0.761938 -0.142228 -0.001734
v -0.812381 -0.289977 -0.013994
v -0.402391 0.291099 -0.006824
v -0.250229 0.401740 -0.002393
v -0.735114 0.238708 0.020641
v -0.701586 0.278411 0.011096
v -0.974726 0.201160 0.004553
v -0.784628 -0.025066 0.011160
v -0.302077 -0.044753 0.019389
v -0.877897 0.135729 0.009505
v -0.127911 0.015351 0.000740
v -0.248088 0.040451 -0.008386
v -0.460595 0.432476 -0.020089
v -0.350493 -0.263777 -0.009410
v -0.937130 -0.053635 0.017889
v -0.489788 0.117398 -0.006062
v -0.335034 0.244438 0.003451
v -0.497174 0.426093 -0.017140
v -0.975905 0.286929 0.009839
v -0.630925 -0.318849 -0.013738
v -0.340848 -0.260057 0.003202
v -0.195113 -0.127638 -0.008383
v -0.600274 -0.266516 -0.017704
v -0.096600 0.176924 -0.006387
v -0.404657 -0.197297 0.015449
v -0.370986 -0.095964 0.006417
v -0.597075 0.023079 0.011652
v -0.774565 0.206066 -0.019270
v -0.756056 0.009673 0.000101
v -0.527444 0.142817 0.009726
v -0.837086 0.224772 0.003996
v -0.809078 0.044119 -0.008829
v -0.707482 0.144105 -0.017533
v -0.660035 0.009527 -0.004234
v -0.214739 0.201580 0.011501
v -0.412078 0.162688 0.002490
v -0.992899 0.075846 -0.012764
v -0.901897 -0.189918 -0.010658
v -0.113549 0.211060 -0.007417
v -0.403722 -0.007680 0.007213
v -0.837855 0.164553 -0.007529
v -0.621113 0.013652 -0.008198
v -0.119550 0.024446 0.020587
v -0.746330 0.106964 -0.019115
v -0.447916 -0.120726 -0.005300
v -0.525329 -0.337392 -0.016280
v -0.045375 0.187472 0.017923
v -0.211893 -0.229301 -0.020423
v -0.613454 -0.081459 -0.002097
v -0.301117 0.077351 0.001596
v -0.436128 0.341106 -0.010136
v -1.017226 0.088196 -0.015063
v -0.573601 -0.004027 0.003486
v -0.609291 -0.024968 -0.013847
v -0.653627 0.414624 0.004955
v -0.129483 0.161266 -0.020650
v -0.769175 0.190877 0.014787
v -0.823705 -0.279809 -0.020199
v -0.251890 -0.200465 -0.011291
v -0.947852 0.332792 -0.016817
v -0.754706 0.408416 0.001326
v -0.398632 0.323777 -0.001765
v -0.477855 0.022515 -0.010610
v -0.862245 0.005422 -0.004477
v -0.371340 0.256297 -0.006220
v -0.738739 -0.094547 0.020086
v -1.045563 0.047024 0.005283
v -0.174641 -0.223689 0.013224
v -0.147283 0.107595 -0.009232
v -0.248331 0.374335 0.006591
v -0.260410 0.186080 0.019345
v -0.880865 -0.165651 -0.011448
v -0.536989 0.213848 0.019763
v -0.283805 -0.079478 0.001774
v -0.495053 0.200613 0.001737
v -0.391829 -0.320906 -0.008022
v -0.660727 -0.241975 -0.015319
v -0.006902 0.038755 -0.014904
v -0.069233 -0.114297 -0.007665
v -1.051287 -0.094210 -0.016028
v -0.762564 0.408915 0.009537
v -0.500038 -0.342173 -0.003610
v -0.860618 0.197927 0.018218
v -0.131956 -0.200430 -0.009501
v -0.517314 -0.084950 -0.013241
v -0.516384 -0.277559 -0.009792
v -0.791189 -0.032525 -0.011248
v -0.676390 -0.182505 0.007902
v -0.935607 0.093604 0.004398
v -0.629504 -0.199561 0.014789
v -0.753660 0.058367 -0.012883
v -0.078918 0.123860 -0.020369
v -0.593991 0.317829 0.010179
v -0.072529 0.023017 -0.018222
v -0.060247 -0.134375 0.015419
v -0.862872 0.065118 -0.001783
v -0.542929 0.317188 -0.019243
v -0.581218 -0.207933 -0.007858
v -0.912286 -0.183310 0.003940
v -1.058254 -0.012049 0.012051
v -0.916504 0.013483 0.013734
v -0.020523 0.160382 0.000786
v -0.923730 0.269624 0.002423
v -0.984533 0.016262 -0.018930
v -0.638783 0.306160 -0.008209
v -0.374943 -0.202014 -0.003257
v -0.647344 -0.014002 0.000713
v -0.236088 0.348212 -0.002029
v -0.581643 -0.089211 0.011707
v -0.125670 -0.083403 -0.015317
v -0.866169 0.195752 -0.013487
v -0.941525 -0.140573 -0.012519
v -0.813971 0.108999 0.008052
v -0.140314 -0.156456 0.009172
v -0.417398 0.149424 -0.002125
v -0.809364 0.280594 -0.004868
v -0.449609 -0.240484 0.018890
v -0.795412 0.228936 0.011267
v -0.197688 -0.115442 0.006700
v -0.248901 0.366847 -0.013488
v -0.634153 -0.214357 -0.008000
v -0.507089 -0.228651 0.005311
v -0.402489 0.152569 -0.012480
v -0.748637 -0.097106 -0.001737
v -0.300656 -0.194168 -0.020758
v -0.351364 -0.087670 0.003732
v -0.898143 0.090889 -0.017665
v -0.770012 -0.072231 0.001988
v -0.849786 -0.164345 0.013661
v -0.348153 0.098927 0.006438
v -0.055251 0.138750 0.007014
v -0.392181 -0.145246 0.017656
v -0.211573 0.132235 -0.013514
v -0.752162 -0.239765 0.008044
v -0.953683 -0.159410 -0.013548
v -0.952124 0.138508 0.018122
v -0.299163 0.176905 -0.005520
v -0.653639 0.125318 -0.003052
v -0.832787 -0.020873 -0.015349
v -0.648244 -0.156831 0.001136
v -1.003300 -0.004037 0.004706
v -0.186678 0.277482 0.005417
v -0.168736 0.026514 0.007923
v -0.050233 -0.118316 -0.008938
v -0.789834 -0.099285 0.001066
v -0.222989 0.042191 -0.015552
v -0.916189 -0.066105 0.005538
v -0.783026 0.058387 0.004595
v -0.690028 -0.351630 -0.020934
v -0.119957 0.099872 -0.016047
v -0.265773 -0.256487 0.020957
v -0.822531 0.174777 0.002537
v -0.587965 0.016054 -0.012550
v -0.646517 0.416003 -0.008074
v -0.862752 0.039956 -0.020742
v -0.676071 -0.175716 0.009425
v -0.620010 0.002270 -0.013624
v -0.704936 0.263574 0.007244
v -0.125483 -0.138534 0.006117
v -0.982637 0.088586 0.016466
v -0.859837 -0.005967 0.011928
v -0.956356 0.236282 0.014074
v -0.692874 0.390558 -0.007749
v -0.794644 0.007148 0.007791
v -0.391278 -0.326773 -0.006149
v -0.264021 0.007791 -0.019691
v -0.116966 0.015844 0.014381
v -0.859705 -0.063076 0.003998
v -0.235599 -0.223732 0.008621
v -0.588564 0.118644 -0.003617
v -0.818071 0.053789 -0.002020
v -0.306457 -0.009491 -0.008303
v -0.178933 0.291186 0.011667
v -0.236579 -0.094907 -0.019953
v -0.936625 0.082288 -0.013011
v -0.132444 -0.115923 0.000992
v -0.516742 -0.106947 0.015616
v -0.316739 -0.315702 0.007422
v -0.235389 0.314754 -0.001707
v -0.639934 -0.245677 -0.020827
v -0.134695 -0.093586 0.003960
v -0.229051 0.199294 -0.019062
v -0.992752 0.006040 -0.007876
v -0.821513 -0.059879 0.016470
v -0.653964 0.216319 -0.009381
v -0.703765 0.303032 -0.016059
v -0.379898 0.227191 -0.020359
v -0.832417 -0.160165 -0.012324
v -0.732944 0.241478 -0.015055
v -0.632809 -0.164405 -0.010717
v -0.161725 0.192361 -0.006773
v -0.736057 0.102520 -0.001229
v -0.630769 -0.071989 -0.018740
v -0.758288 0.129207 0.004037
v -0.969911 -0.161374 0.008373
v -0.778919 -0.106703 0.013333
v -0.654066 -0.284703 0.001406
v -0.078388 -0.010102 -0.001441
v -0.214652 0.328941 0.017627
v -0.913883 0.106134 0.007748
v -0.642818 -0.227619 -0.011269
v -0.466344 0.434469 0.004912
v -0.255953 -0.086901 0.008384
v -0.798176 -0.271285 0.016061
v -0.641589 0.071140 -0.001036
v -0.772283 0.279238 -0.013826
v -0.501899 -0.274460 -0.015649
v -0.153127 0.278838 0.012464
v -0.753381 0.350736 0.012282
v -0.890861 -0.004323 -0.003635
v -0.845248 -0.164068 0.019903
v -0.789229 0.213488 0.013184
v -0.959664 -0.151216 -0.002715
v -0.455684 -0.251442 -0.011082
v -0.630113 -0.049990 0.018096
v -0.892740 -0.081680 0.003871
v -0.948695 0.122268 0.013525
v -0.309416 0.417240 -0.018076
v -0.165157 0.289240 0.011396
v -0.830063 0.253605 0.006727
v -0.131141 0.254492 0.016265
v -0.189909 -0.141313 -0.020992
v -0.421611 0.179265 0.001313
v -0.872138 0.253551 -0.012782
v -0.679091 -0.164779 0.002952
v -0.290505 -0.070230 0.018620
v -1.049977 0.215998 -0.006541
v -0.508038 0.070135 0.020430
v -0.711906 0.134939 -0.008644
v -0.827484 0.277866 -0.018769
v -0.693955 -0.314275 -0.005912
v -0.220729 -0.249136 -0.011120
v -0.652123 -0.201927 -0.007639
v -0.801698 0.224256 0.001895
v -0.748057 -0.196764 -0.013094
v -0.945786 0.317827 0.014278
v -0.239159 0.395843 0.007143
v -0.452075 0.134048 -0.020340
v -0.618725 -0.238271 -0.002657
v -0.390269 0.042493 0.005974
v -0.870704 0.193063 0.012135
v -0.834336 -0.117180 -0.013449
v -0.957936 0.031551 -0.002098
v -0.695663 0.192831 0.004392
v -0.996638 -0.131792 -0.011057
v -0.902511 0.047076 0.001939
v -0.914764 0.358175 0.002862
v -0.601750 -0.085648 -0.000776
v -0.625717 -0.097381 0.009714
v -0.007411 0.007098 0.011713
v -0.700119 0.075672 0.016376
v -0.228845 0.202300 0.010151
v -0.401043 0.021107 0.005615
v -0.458491 -0.174147 -0.018783
v -0.819095 0.358392 -0.001308
v -0.925561 0.027133 0.009820
v -1.024022 0.246002 0.012525
v -0.575210 0.126557 0.017760
v -0.551693 -0.308101 0.002676
v -0.199495 0.158741 -0.013899
v -0.031193 0.183200 0.012974
v -0.759173 -0.108367 -0.017535
v -1.057192 0.036376 -0.009330
v -0.353844 0.214699 0.015030
v -0.367036 0.062502 -0.013666
v -0.729248 -0.039018 -0.002241
v -0.450068 -0.150653 0.008433
v -1.039536 0.085530 0.015205
v -0.638018 0.151837 -0.014907
v -0.352394 -0.016495 -0.000170
v -0.067654 0.035147 -0.011006
v -0.958513 0.173093 -0.012144
v -0.581696 -0.195531 0.005975
v -0.543547 -0.092958 -0.013961
v -0.792862 0.186991 0.010338
v -0.543878 -0.256455 -0.005048
v -0.654319 -0.228158 -0.014904
v -0.508916 0.016708 0.017943
v -0.979816 0.159342 0.019394
v -0.595599 -0.027608 0.017544
v -0.899478 -0.262168 -0.002865
v -0.106522 -0.141640 -0.006931
v -0.568477 0.180908 0.006482
v -0.924852 0.283333 0.010462
v -0.591526 -0.270695 -0.012813
v -0.788530 0.347634 -0.013444
v -0.981098 -0.051531 0.013931
v -0.378573 0.059857 -0.016636
v -0.792912 0.115545 -0.009102
v -0.520359 0.110568 -0.017138
v -0.137184 -0.078250 0.014089
v -0.131747 -0.052693 0.008739
v -0.178910 0.316033 -0.015544
v -0.839472 -0.281479 0.002775
v -0.040424 -0.031438 0.008217
v -0.557877 0.336940 0.018320
v -0.889869 -0.258876 -0.009392
v -1.018702 0.226785 0.011335
v -0.648507 0.201368 -0.017892
v -0.492325 -0.206098 -0.007029
v -0.050176 0.201282 -0.009884
v -0.909103 0.157429 0.018001
v -0.728735 -0.063350 -0.000334
v -0.251754 0.339360 -0.011828
v -0.876350 -0.264448 0.009047
v -0.431673 0.118544 0.002996
v -0.551376 0.330451 0.016654
v -0.288750 0.320472 0.018182
v -0.695120 -0.136329 0.008402
v -0.205731 -0.129589 0.000646
v -0.191867 -0.058456 -0.002686
v -0.279212 -0.258217 0.011986
v -0.580630 0.043974 0.019075
v -0.391813 -0.215414 0.002824
v -0.247562 -0.049870 0.007637
v -0.904802 0.245255 0.019271
v -0.211360 0.215636 0.019359
v -0.223758 0.187893 0.011193
v -0.688443 -0.091346 -0.019348
v -0.729468 0.172110 0.008227
v -0.202447 -0.151994 -0.005911
v -0.173220 0.219823 0.009884
v -0.395879 0.192162 0.009229
v -0.870941 -0.111973 -0.018354
v -0.845254 -0.008724 0.001425
v -0.363830 -0.192995 0.020825
v -0.423294 0.072936 0.012087
v -0.367720 0.088376 0.012898
v -0.734865 -0.196835 0.007479
v -0.400606 -0.065155 0.003333
v -0.455948 0.013300 -0.015053
v -0.764501 -0.187260 0.017557
v -0.108352 0.149828 -0.015517
v -0.492305 0.132894 -0.008092
v -0.449285 -0.223049 -0.013831
v -0.968195 -0.155612 -0.016534
v -1.041602 0.056738 -0.011736
v -0.429531 -0.208304 0.013084
v -0.099826 0.011376 -0.007382
v -0.137386 0.001825 -0.015232
v -0.296896 -0.270229 0.011098
v -0.815622 -0.084310 -0.015929
v -0.326239 0.259848 0.008244
v -0.893955 -0.041604 0.017878
v -0.381758 0.083589 0.014589
v -0.918926 -0.190437 -0.020344
v -0.593679 0.052737 -0.013465
v -0.173821 0.230136 0.016250
v -0.977305 0.239610 0.011448
v -0.638480 -0.128330 0.005873
v -0.899335 0.011030 0.018400
v -0.631967 -0.002139 -0.013440
v -1.086158 0.050289 0.005342
v -0.484053 -0.192539 -0.020808
v -0.533011 0.193388 0.001268
v -0.277145 0.192915 0.010967
v -0.799568 0.001421 0.011354
v -0.705976 -0.135943 -0.012864
v -0.418555 -0.282869 0.019680
v -0.777972 0.078232 0.007146
v -0.124440 0.140255 -0.009027
v -0.841585 0.146902 0.012816
v -0.543955 -0.037292 0.010098
v -0.344568 -0.030104 0.011991
v -0.736551 0.063411 0.016593
v -0.625673 -0.268142 -0.007309
v -0.406801 0.377779 -0.007321
v -0.493132 -0.185890 -0.016881
v -0.589451 -0.340564 -0.005228
v -0.480816 0.333358 -0.000655
v -0.388252 -0.051544 0.017971
v -0.878700 0.122940 -0.015271
v -0.632415 -0.277914 0.019973
v -0.491978 0.193098 0.008073
v -0.360903 0.106807 0.014769
v -0.769907 0.094719 -0.006570
v -0.226976 -0.163621 0.012161
v -0.828301 -0.200416 -0.013863
v -0.050362 -0.022446 -0.017368
v -0.310469 -0.179868 0.020818
v -0.972149 -0.159102 -0.009275
v -0.609093 -0.307527 -0.010641
v -0.745436 0.332745 0.016457
v -0.727958 -0.038379 0.003095
v -0.005754 0.063264 -0.019318
v -1.024012 0.117513 -0.019588
v -0.923505 -0.006495 0.012517
v -0.389772 -0.204636 -0.010899
v -0.607209 0.033182 0.009735
v -0.359469 0.002659 -0.008577
v -0.649353 -0.051235 -0.000849
v -0.705797 0.381525 0.015033
v -0.551465 -0.015615 -0.001897
v -0.479670 -0.339004 -0.003975
v -0.467041 -0.197647 -0.001500
v -0.891201 -0.239626 -0.018031
v -0.301178 -0.100403 -0.019626
v -0.805271 0.147936 0.018736
v -1.022912 -0.048637 0.012083
v -0.099162 0.241978 0.009902
v -0.046648 0.187871 0.007335
v -0.410326 -0.040544 -0.005645
v -0.793650 -0.122825 -0.013639
v -0.682767 0.010747 0.008792
v -0.397056 0.449314 -0.010977
v -0.262350 0.240146 0.018444
v -1.021816 -0.148426 -0.012189
v -0.558175 -0.149319 -0.006186
v -0.599375 0.394341 -0.009360
v -0.252121 0.145680 -0.000578
v -0.739963 0.025450 0.008813
v -0.724795 -0.226005 -0.008725
v -0.906565 -0.208773 0.018705
v -0.357366 -0.329910 -0.018244
v -0.260426 -0.128524 -0.017633
v -0.313316 -0.084914 0.019178
v -0.326653 0.189954 0.008277
v -1.064339 0.059062 0.000869
v -0.757542 -0.113086 0.019722
v -0.743111 0.010716 -0.006439
v -0.964418 0.166501 -0.008756
v -0.076113 0.201093 -0.011242
v -0.132252 -0.059336 -0.003709
v -0.793388 0.331815 -0.007295
v -0.932382 -0.144068 0.014360
v -0.835525 0.128102 -0.015458
v -0.494221 -0.118761 -0.010080
v -1.089236 0.090901 0.011329
v -0.237507 0.123115 -0.001851
v -0.284765 0.399275 0.008896
v -0.669181 0.454216 0.014252
v -0.707751 -0.270988 -0.014554
v -0.541529 0.134955 -0.007702
v -0.353385 0.202948 -0.013251
v -0.644643 0.020070 -0.007688
v -0.736768 0.263169 0.001674
v -0.392348 0.246727 0.017658
v -0.870869 0.217507 -0.014894
v -0.850479 0.111935 -0.020820
v -0.589236 -0.363761 -0.007086
v -0.654602 -0.227880 -0.008827
v -0.038694 -0.093322 0.003097
v -0.300861 0.302015 0.017089
v -0.976705 0.174051 0.009729
v -0.383722 -0.042041 0.002140
v -0.674399 0.298643 0.014317
v -0.707714 0.092530 -0.018689
v -0.815106 -0.198864 -0.011670
v -0.283415 -0.037086 -0.020053
v -0.906445 -0.017001 0.007205
v -0.214356 0.206794 -0.012833
v -0.726688 0.347541 0.018623
v -0.272701 -0.087301 -0.014786
v -0.347044 -0.152935 -0.005341
v -0.620419 0.293079 0.020056
v -0.435401 -0.038284 0.009570
v -1.064650 0.193669 0.012755
v -0.668664 0.415936 0.019755
v -1.012235 0.233127 -0.015138
v -0.687755 -0.014173 -0.012273
v -1.055773 0.112135 0.020439
v -0.056921 0.216084 0.010757
v -0.251023 0.191787 0.017405
v -0.902301 0.210214 0.008830
v -0.543296 -0.105331 -0.013188
v -0.851480 0.261425 -0.019226
v -0.318385 -0.290497 -0.008236
v -0.898751 -0.054054 -0.019873
v -0.268147 0.053309 0.019153
v -0.359092 -0.199205 0.006460
v -0.272506 -0.119360 -0.000341
v -0.653585 -0.142138 -0.015987
v -0.643332 0.462699 -0.018198
v -0.561680 -0.270032 0.002754
v -0.254955 -0.194980 -0.001006
v -0.615274 -0.086418 0.000526
v -1.000170 -0.125876 -0.014160
v -0.259807 0.135348 0.015889
v -0.403536 0.177665 -0.009548
v -1.009525 0.244312 -0.006049
v -0.649190 0.346119 0.018325
v -1.029680 0.018005 -0.013304
v -0.154534 0.253874 0.001836
v -0.202093 -0.224351 0.007769
v -0.693627 0.379974 0.007911
v -0.204787 0.231180 0.013579
v -0.155387 0.074474 -0.005333
v -0.869407 0.073212 0.017253
v -0.377022 0.149071 -0.011713
v -0.353427 0.418385 0.004764
v -0.354794 -0.215527 0.001348
v -1.003858 -0.065297 -0.016213
v -0.697363 0.078523 0.013391
v -0.212396 -0.084621 -0.007914
v -0.873033 0.338573 0.016369
v -0.942953 -0.161314 -0.006634
v -0.573256 -0.018977 0.013212
v -0.462022 0.432921 -0.015021
v -0.521443 0.197089 -0.015531
v -0.147495 0.215485 0.011929
v -0.122512 0.223462 0.010808
v -0.375810 0.086405 0.012308
v -0.683415 0.041351 -0.016005
v -0.552679 0.158083 0.007039
v -0.536093 -0.321345 0.017644
v -0.405599 0.433155 -0.013239
v -0.648691 0.151655 0.014526
v -0.049636 -0.096182 -0.006391
v -0.342632 0.301468 0.009599
v -0.528670 0.366740 -0.016838
v -0.607359 0.026585 -0.011886
v -0.445154 0.258109 0.016870
v -1.077987 -0.045797 -0.016855
v -0.462451 0.340638 0.008726
v -0.832133 0.289895 -0.002534
v -0.324299 0.003138 -0.006097
v -0.735169 0.183430 -0.011443
v -0.135777 0.321349 -0.015808
v -0.394024 0.148935 0.011015
v -0.665200 -0.250897 -0.019294
v -0.638188 0.176009 -0.009088
v -0.798101 -0.088360 0.020000
v -0.934223 0.157812 -0.008795
v -0.403099 -0.093936 -0.018076
v -0.344619 -0.193540 0.007524
v -0.313777 0.428992 -0.000351
v -0.262607 0.220614 0.006659
v -0.370753 0.130957 -0.004174
v -0.697779 -0.022172 0.017862
v -0.411442 0.035181 0.019959
v -0.774229 0.325012 0.020608
v -0.188990 0.318035 0.009458
v -0.632801 0.399088 0.003441
v -0.620294 0.419303 0.006041
v -0.857263 0.219944 0.004333
v -0.865890 0.215172 -0.009287
v -0.529598 -0.087168 -0.010471
v -0.985920 0.055703 -0.015346
v -0.447520 0.106560 -0.018134
v -0.786704 -0.322560 -0.004929
v -0.642492 -0.098169 0.005123
v -0.424889 0.116105 0.010568
v -0.496043 -0.321672 -0.012519
v -0.752052 -0.200347 -0.010010
v -0.832956 0.373972 0.001958
v -0.456540 0.028083 -0.002923
v -0.256847 -0.082507 -0.007789
v -0.815877 0.249652 -0.019620
v -1.028160 -0.085794 -0.008272
v -0.655107 -0.233293 -0.015351
v -0.632063 -0.236461 -0.016406
v -0.752804 -0.254062 0.007786
v -0.891037 -0.076995 0.014883
v -0.893781 0.038967 -0.000223
v -0.125215 -0.010042 -0.006184
v -0.241667 0.016917 -0.019818
v -0.066921 0.157472 -0.006347
v -0.554500 -0.018799 0.016436
v -0.643092 0.160086 -0.006504
v -0.753599 0.244400 0.006772
v -0.543362 0.388077 0.003886
v -0.430967 -0.007374 -0.008194
v -0.590386 0.100260 -0.007303
v -1.045710 0.144891 0.002858
v -0.318775 -0.075912 0.008230
v -1.014723 -0.168974 -0.005135
v -0.871161 0.252109 0.012950
v -0.184493 0.252940 -0.006889
v -1.030951 0.043611 -0.006739
v -0.798917 -0.117215 -0.002688
v -1.056186 0.057404 0.012060
v -0.333462 -0.209188 -0.008931
v -0.025338 0.173343 -0.004115
v -0.478450 0.407855 -0.017138
v -0.455565 -0.057287 -0.006853
v -0.101024 0.204208 -0.001039
v -0.427215 0.412714 0.006365
v -0.707841 0.406819 -0.002818
v -0.788306 0.003340 -0.004103
v -0.811882 -0.149892 0.011065
v -0.518316 0.101925 0.008540
v -0.278290 -0.192289 -0.012056
v -0.089526 -0.035315 -0.001374
v -0.179451 -0.067910 0.004806
v -0.506592 -0.224609 0.002777
v -0.827935 -0.166984 -0.005700
v -0.422162 0.180435 0.007783
v -0.662744 0.313420 -0.007617
v -0.482580 -0.043351 -0.012451
v -0.975513 0.249295 0.006134
v -0.567269 0.375397 -0.003954
v -0.367829 0.170423 -0.010685
v -0.375226 -0.203111 0.002513
v -0.957230 0.181951 -0.019446
v -0.440456 0.180647 -0.010147
v -0.402661 -0.271761 -0.013609
v -0.225746 -0.279697 -0.000595
v -0.044059 0.098583 -0.017475
v -0.961308 -0.183059 0.016824
v -0.826564 0.189667 0.006612
v -0.099562 0.269220 0.009418
v -0.433208 0.158584 0.009848
v -0.187402 -0.074111 0.013817
v -0.045474 -0.076055 -0.010424
v -0.349185 -0.085943 -0.015864
v -0.439949 -0.175884 0.003542
v -0.916514 0.281686 -0.011091
v -0.734855 0.124323 -0.013644
v -0.191880 -0.002304 -0.010319
v -0.875856 -0.106780 -0.005262
v -0.256512 -0.024833 -0.003201
v -0.771405 -0.325956 0.015936
v -0.244275 -0.047612 0.009058
v -0.515386 -0.004944 0.019606
v -0.947065 -0.187692 0.006813
v -0.124117 -0.076763 0.012130
v -0.523494 0.361595 -0.008011
v -0.229902 -0.015250 0.013115
v -0.181245 0.321357 0.015021
v -0.950985 0.308311 -0.004495
v -0.274627 0.020736 -0.017209
v -0.432275 -0.132903 -0.012164
v -0.143911 -0.205732 0.005517
v -0.200034 -0.202650 -0.003936
v -0.049601 0.132600 0.013574
v -0.198580 -0.055285 -0.003656
v -0.297520 -0.248955 0.015824
v -0.336689 -0.294805 0.008336
v -0.875988 0.040087 0.004289
v -0.366671 -0.282485 -0.001963
v -0.426311 0.066394 0.005947
v -0.884507 -0.222554 -0.015284
v -0.903760 0.244560 -0.007824
v -0.360024 0.132425 0.000687
v -0.057816 -0.022518 0.011053
v -0.289375 -0.235231 0.012291
v -0.710667 0.313307 0.009877
v -0.580578 0.397453 0.013724
v -0.474937 -0.128209 -0.003591
v -0.336318 0.407727 0.018680
v -0.355243 -0.082215 0.018821
v -0.158196 -0.106945 0.005318
v -0.097522 -0.179012 -0.012673
v -0.618114 -0.114508 -0.004157
v -0.803003 0.142545 -0.017259
v -0.911304 0.351612 -0.016071
v -0.621154 -0.221679 0.017640
v -0.982445 0.148855 -0.016022
v -0.604485 -0.128552 0.015201
v -0.490836 -0.170806 -0.000245
v -0.202057 0.333655 0.004203
v -0.257562 0.043273 0.007442
v -0.856262 0.181785 -0.014870
v -0.620315 0.258082 0.004943
v -0.270714 -0.090424 0.007739
v -0.603954 0.061087 -0.015405
v -0.753357 0.363264 0.007848
v -0.655704 -0.294174 0.009916
v -0.556639 0.179544 -0.018532
v -0.682583 0.226566 0.017146
v -0.017059 0.041661 0.019623
v -0.937977 -0.160267 -0.019089
v -0.559947 0.380530 -0.008295
v -0.814278 0.207158 0.019658
v -0.940041 -0.066976 -0.010068
v -1.080347 0.040464 0.015872
v -0.340653 0.224407 0.001278
v -0.431805 0.161644 -0.019145
v -0.193510 0.332234 0.014062
v -0.557239 -0.354175 -0.009117
v -0.241842 -0.179663 0.010986
v -0.576566 0.284101 0.016492
v -0.769553 0.433838 0.011074
v -0.254693 0.365629 0.006612
v -0.512142 -0.042480 -0.014758
v -0.536855 0.128901 -0.010071
v -0.649257 -0.216910 0.020798
v -0.450335 0.012541 -0.006026
v -0.647537 -0.232916 -0.000294
v -0.259939 -0.272265 -0.015807
v -0.123592 0.267064 -0.013412
v -0.357340 0.310953 -0.009543
v -0.224178 -0.153488 0.003509
v -0.157424 -0.004016 0.002973
v -0.681912 0.108367 0.011267
v -0.779661 -0.304647 -0.019910
v -0.739807 -0.264732 -0.004445
v -1.002300 -0.170225 0.014153
v -0.460987 0.148383 0.013889
v -0.749488 -0.188514 0.019118
v -0.584777 0.032145 0.019730
v -0.848183 -0.290425 -0.007354
v -0.604528 -0.307491 0.019211
v -0.779361 -0.031290 -0.018955
v -0.743732 -0.137405 -0.018668
v -0.065506 0.226159 -0.004982
v -0.736751 0.155183 0.019532
v -0.440978 -0.043818 0.014799
v -0.297428 0.366706 -0.009033
v -0.542850 -0.289628 -0.015935
v -0.911049 0.065877 0.012867
v -0.717837 0.373111 -0.015486
v -0.803970 -0.280396 0.000531
v -1.066430 0.075749 -0.000990
v -0.880029 -0.055426 0.010773
v -0.388866 -0.255198 -0.002768
v -0.648865 0.087862 -0.006647
v -0.803631 0.095182 0.007822
v -0.332566 0.294551 0.005442
v -0.842985 0.015028 -0.002631
v -0.232692 -0.109804 -0.014759
v -0.186988 0.337102 0.014345
v -0.845829 0.016991 -0.018995
v -0.446450 0.091254 -0.016479
v -0.700592 0.108673 0.006756
v -0.801620 -0.038183 -0.010296
v -0.210136 0.196460 -0.016215
v -0.672920 -0.101203 -0.013347
v -0.674163 0.125515 0.015824
v -0.674300 0.357528 -0.001890
v -0.758652 -0.240952 -0.009867
v -0.047781 -0.031385 -0.013138
v -0.361448 0.383233 0.004370
v -0.425908 -0.048879 0.001444
v -0.362257 0.055269 -0.013787
v -1.002743 0.100048 0.015489
v -0.133114 -0.019473 -0.000558
v -0.949156 -0.230875 -0.005849
v -0.760512 -0.259719 -0.004410
v -0.613191 0.190489 -0.020417
v -0.497123 0.084230 0.019762
v -0.390844 -0.098784 0.006242
v -0.763892 -0.174041 0.005294
v -0.490219 -0.127745 -0.008361
v -0.918703 0.115866 -0.020084
v -0.441981 0.191715 0.008509
v -0.182033 -0.014913 0.015111
v -0.762243 -0.046163 0.002916
v -0.487603 -0.031928 -0.020669
v -0.867063 -0.209166 0.020138
v -0.275784 -0.243550 0.004025
v -0.829482 -0.025785 -0.000525
v -0.971224 0.078162 0.004683
v -0.765386 -0.292069 -0.000508
v -0.638945 -0.247624 -0.003276
v -0.605726 0.146914 0.016501
v -0.878260 0.193738 -0.000219
v -0.249649 -0.042540 0.008296
v -0.257352 0.079384 -0.012928
v -0.697346 0.218174 -0.011773
v -0.280567 -0.082265 0.004288
v -0.305327 -0.234566 -0.015491
v -0.674920 0.391158 0.019312
v -0.325002 -0.248689 0.009853
v -0.409892 -0.310041 0.014470
v -0.760752 -0.104675 0.010469
v -0.648388 -0.080873 -0.012622
v -0.687542 -0.032266 -0.003529
v -0.247157 0.040939 -0.012204
v -0.479155 0.066476 0.015998
v -0.686462 0.180839 0.013774
v -0.472501 0.003771 -0.018326
v -0.941797 0.189366 -0.015931
v -0.504746 0.260441 -0.006706
v -0.622971 0.121614 0.015864
v -0.573455 0.212318 0.007986
v -0.997920 0.016827 0.008669
v -0.224062 -0.073622 -0.001800
v -0.450298 -0.067352 -0.016553
v -0.923674 -0.187797 0.018790
v -0.499725 -0.027003 -0.016573
v -0.901526 -0.235591 0.017261
v -0.386065 0.239364 -0.002456
v -1.020418 0.036685 -0.016830
v -0.741673 -0.143910 -0.015214
v -0.338387 -0.176596 -0.003539
v -0.517500 -0.156538 0.012984
v -0.762162 0.300674 -0.017420
v -0.882405 0.312148 -0.005853
v -0.659019 -0.090760 0.010647
v -0.781585 0.144745 0.012674
v -0.851068 0.189086 -0.001732
v -0.255899 -0.249549 -0.005805
v -0.343803 0.079794 -0.020582
v -0.365087 -0.332779 -0.017439
v -0.765836 0.432164 -0.014098
v -0.106075 0.187850 0.006727
v -0.879334 -0.259766 -0.018572
v -0.864561 -0.211032 0.006735
v -0.846787 0.021690 -0.004116
v -0.722212 -0.233483 -0.008218
v -0.574055 -0.350064 -0.020668
v -0.624331 0.349801 0.017659
v -0.662880 -0.216978 -0.012384
v -1.019436 -0.052745 0.006386
v -0.717940 -0.324351 0.011826
v -0.751627 0.155338 -0.008336
v -0.240449 0.105919 0.009454
v -0.562195 -0.098797 0.020661
v -0.585451 0.175062 0.002175
v -1.024253 0.001157 -0.014279
v -0.066630 0.115357 0.003885
v -0.523681 0.418995 0.009513
v -0.367833 0.038572 -0.018482
v -0.854013 0.288128 -0.006112
v -0.126056 0.150114 -0.015761
v -0.690130 0.394283 -0.001968
v -0.059241 0.009699 0.020538
v -1.026575 -0.109111 0.005365
v -0.965195 -0.017300 -0.006286
v -0.654899 0.413346 0.009024
v -0.767691 -0.263651 0.000826
v -0.545317 0.290457 0.003459
v -0.403926 -0.176461 -0.016885
v -0.669490 -0.321228 -0.017558
v -0.070648 0.200798 -0.000997
v -0.865293 0.134698 0.001103
v -0.886857 -0.109283 -0.004419
v -0.583381 0.345539 -0.003216
v -1.043527 0.198996 -0.000439
v -0.057820 -0.013717 -0.014937
v -0.226440 0.303766 -0.015566
v -0.694034 -0.324411 -0.016042
v -0.461993 0.331040 0.010353
v -0.236178 -0.037864 0.018977
v -0.832341 -0.109983 -0.015924
v -0.649354 0.013265 -0.014561
v -0.928470 0.352137 -0.008263
v -1.037311 0.082994 -0.015030
v -0.652581 0.000546 0.016559
v -0.354202 -0.075191 0.013403
v -0.741888 0.060335 -0.006357
v -0.306011 -0.147347 0.003068
v -1.027938 -0.110021 0.011817
v -1.011059 0.105248 0.004440
v -0.520685 -0.247555 -0.001641
v -0.900482 0.137093 0.015387
v -0.773903 0.384444 0.006909
v -0.773739 0.158988 -0.004393
v -1.070589 -0.054723 0.016382
v -0.589074 -0.286228 0.015370
v -0.660497 -0.256235 0.012439
v -0.658959 -0.253389 -0.015801
v -0.774682 -0.017126 0.004986
v -0.662008 0.005155 0.002950
v -0.408998 0.318968 0.016668
v -0.162720 0.328711 -0.013451
v -0.065616 0.094307 -0.010698
v -0.692637 -0.330419 -0.002342
v -0.400011 -0.256481 -0.004124
v -0.059627 0.158751 -0.020023
v -0.876905 0.154291 0.015105
v -0.664592 0.244188 -0.016185
v -0.366983 0.150649 -0.014951
v -0.555745 0.175663 -0.008115
v -0.738911 0.145051 0.004808
v -0.591306 0.111628 -0.018543
v -0.789668 0.201523 -0.003661
v -0.701533 0.279892 0.013765
v -0.370586 0.180233 0.010590
v -0.881114 -0.101751 0.010600
v -0.689993 0.144191 -0.018453
v -0.892378 0.108746 -0.000665
v -0.772241 0.161489 0.016219
v -0.614834 0.459275 0.007354
v -0.540519 0.362727 0.011979
v -0.668016 0.302246 -0.017476
v -0.713125 -0.092733 0.019652
v -0.931909 0.347918 0.011845
v -0.898118 -0.013884 0.017283
v -0.566608 0.053968 -0.001485
v -0.408521 -0.148372 0.019827
v -0.018603 0.051384 -0.000748
v -0.961619 -0.172000 -0.005034
v -0.810188 0.318410 0.003577
v -0.667052 0.044191 0.010046
v -0.828189 -0.038904 -0.004397
v -0.402830 0.159563 0.002372
v -0.616526 0.321325 0.004639
v -0.250739 -0.012646 0.007648
v -0.704573 0.229363 0.010613
v -0.810803 0.110971 0.020287
v -0.753049 0.288886 0.004180
v -0.094799 0.084787 0.006151
v -0.170360 0.053730 0.016861
v -0.715021 -0.188751 0.016601
v -0.688906 -0.301066 0.001602
v -0.447084 -0.279127 -0.017744
v -0.057752 0.124028 0.007208
v -0.703368 -0.170345 0.013137
v -0.396081 -0.172103 -0.013558
v -0.498276 -0.298419 -0.020646
v -1.067625 0.144392 -0.002328
v -0.536232 0.108129 -0.009192
v -0.260314 -0.069094 -0.017221
v -0.779112 -0.101230 0.009148
v -0.511834 0.343698 -0.005754
v -0.650456 0.442008 0.008693
v -0.488079 0.229872 0.013487
v -0.957471 0.287977 0.002902
v -0.958263 0.061737 0.006713
v -0.966163 -0.089203 0.002736
v -0.369414 0.110047 -0.018268
v -0.575093 0.366487 -0.011425
v -1.031342 -0.003680 -0.012942
v -0.789510 -0.326202 0.008105
v -0.820698 0.006593 0.002525
v -1.060482 0.166112 0.005921
v -0.432673 0.016514 0.018428
v -1.050112 0.222297 -0.009491
v -0.709590 -0.209719 -0.005818
v -0.520706 -0.344211 -0.011569
v -0.612242 0.318029 -0.002148
v -0.307498 0.056005 -0.017564
v -0.628838 0.020825 0.009973
v -0.195328 0.012487 -0.017874
v -0.549978 0.220337 -0.007946
v -0.670196 -0.042940 -0.000841
v -0.398960 -0.252025 0.005304
v -0.689061 0.231371 -0.016471
v -0.526537 0.294533 -0.018714
v -0.795741 0.373831 0.018629
v -0.480264 -0.276275 0.011092
v -0.845263 -0.176464 -0.017408
v -0.456782 0.078540 -0.007842
v -0.469215 -0.037552 -0.015643
v -0.230585 -0.085864 -0.008338
v -0.649008 -0.026741 0.007458
v -0.828219 -0.032975 -0.004979
v -0.156938 0.256283 -0.011209
v -0.912110 -0.149780 -0.020555
v -0.915680 0.299577 0.015957
v -0.784708 -0.116686 0.018379
v -0.473865 -0.226982 -0.007216
v -0.487681 0.175896 0.003997
v -0.104681 0.203658 -0.012868
v -0.943449 -0.098861 -0.010236
v -0.961694 0.220253 -0.002326
v -0.528881 0.424613 -0.018459
v -0.687196 0.306724 0.019309
v -0.541570 -0.184205 0.016179
v -0.516317 -0.109190 -0.008036
v -0.734088 0.262838 -0.020661
v -0.937792 -0.128768 -0.018593
v -1.052132 0.032864 0.015065
v -0.764553 0.137328 -0.012584
v -0.140968 -0.152378 -0.006655
v -0.776239 -0.254487 0.020241
v -0.806330 -0.091770 0.003293
v -0.129866 -0.025821 -0.003415
v -0.355867 0.291168 0.012146
v -0.301376 0.101545 -0.020845
v -0.505481 0.248657 0.005205
v -0.517502 0.409117 0.019009
v -0.781880 0.364954 -0.012377
v -0.330296 0.432709 -0.005762
v -0.464753 0.082518 -0.016162
v -0.611158 0.229197 0.003599
v -0.538771 -0.037586 -0.019753
v -0.476098 0.215936 0.016186
v -0.612378 -0.190156 0.002289
v -0.515002 0.105470 0.014401
v -0.482541 0.017602 0.007453
v -0.903504 0.306959 -0.016339
v -0.270364 -0.040638 -0.010914
v -0.386739 -0.267870 0.018529
v -0.006310 -0.010149 0.016030
v -0.448466 -0.024303 -0.014934
v -0.114270 -0.121769 -0.012949
v -0.792649 0.228000 0.004181
v -0.280854 0.020065 -0.019060
v -0.728380 -0.071665 0.001490
v -0.472493 -0.183023 -0.018763
v -0.404745 -0.326387 0.014763
v -0.042527 -0.028010 -0.012212
v -0.220965 0.191041 0.006867
v -0.189892 0.168739 0.010555
v -0.790399 -0.186886 -0.000059
v -0.854181 0.103046 -0.005297
v -0.708955 -0.283926 -0.000219
v -0.590033 0.314182 0.017690
v -0.640914 0.009539 -0.011780
v -0.401286 0.423318 -0.004372
v -0.728692 0.421683 0.002998
v -0.240847 -0.051284 0.002123
v -0.444064 0.140985 -0.002331
v -0.800396 0.307777 -0.001459
v -0.809970 -0.139085 -0.001363
v -0.964774 0.253943 -0.007685
v -0.722254 0.169887 -0.011181
v -0.751423 -0.149211 -0.017538
v -0.333553 -0.201270 0.006033
v -0.431675 -0.344067 -0.016867
v -0.453022 0.085618 -0.012587
v -0.446176 0.277579 -0.008286
v -0.367929 -0.268191 -0.009472
v -0.701160 -0.353388 0.020933
v -0.542916 -0.311213 0.017320
v -0.249449 0.062318 0.013537
v -0.477775 -0.211133 -0.003958
v -0.940221 -0.113707 -0.001176
v -1.028331 0.020913 -0.014730
v -0.759524 0.170123 0.010464
v -0.939932 0.098239 0.012011
v -0.527622 -0.306593 -0.001621
v -0.469887 -0.176900 -0.013110
v -0.492036 -0.298077 -0.012197
v -0.940872 0.147042 -0.005263
v -0.724132 -0.020415 0.018621
v -0.055793 0.072985 0.014041
v -0.740461 0.279748 0.007802
v -0.948585 0.261445 0.001579
v -0.588571 0.106850 0.011985
v -0.359669 -0.027372 0.019011
v -0.760884 0.341839 0.004326
v -0.948982 -0.195155 0.020167
v -0.452447 0.301712 0.001449
v -0.481510 0.178173 0.002920
v -1.046315 0.169116 -0.017084
v -0.225774 0.240346 -0.019654
v -0.693715 -0.222300 -0.013159
v -0.060907 0.224294 -0.009080
v -0.502489 0.389163 -0.018061
v -0.179476 0.156821 -0.013783
v -0.325781 -0.157748 -0.014405
v -0.240813 0.247190 -0.000913
v -0.061883 0.221874 0.015359
v -0.379173 0.188796 -0.002848
v -0.645004 -0.230157 0.004356
v -0.158870 -0.070096 0.000104
v -0.664911 -0.152207 -0.020687
v -0.463155 0.132983 -0.004232
v -0.408867 -0.234861 0.017233
v -0.279237 -0.146032 0.003198
v -0.573541 -0.174643 0.016002
v -0.993031 0.145285 0.008889
v -0.676490 0.364337 0.013019
v -0.425563 0.236863 0.016799
v -0.589108 -0.232611 0.017255
v -0.381576 0.339417 -0.004471
v -0.296255 -0.018817 0.015563
v -0.614875 0.379150 -0.008741
v -0.152580 -0.126160 0.009341
v -0.471067 0.338822 0.020680
v -1.068764 -0.086533 -0.017786
v -0.169928 0.275787 -0.007307
v -0.813482 0.114069 0.000255
v -0.694616 0.076757 0.008168
v -0.550563 -0.209298 0.010330
v -0.336361 -0.158226 -0.020549
v -0.154208 0.315393 -0.007261
v -0.553186 -0.242413 -0.018134
v -0.808291 -0.011941 0.018901
v -0.233068 0.343512 0.014346
v -0.514626 0.099570 -0.016778
v -0.660122 0.345366 -0.004584
v -0.125374 0.221909 0.007450
v -0.362443 0.256526 -0.011900
v -0.108656 0.124101 -0.011921
v -0.715205 -0.312827 0.013083
v -0.844450 -0.225347 0.016674
v -0.786068 0.197956 -0.018799
v -0.066830 0.060820 0.011219
v -0.246465 -0.061178 -0.010981
v -0.250123 0.198140 0.020550
v -0.675475 0.207209 0.007096
v -0.455007 0.437780 0.012471
v -0.440876 -0.100567 -0.013984
v -0.705741 0.119651 -0.007260
v -0.771482 -0.019502 -0.012301
v -1.064749 -0.055421 -0.015926
v -0.475901 0.294332 -0.013708
v -0.802645 0.186247 -0.004654
v -0.686601 0.077640 0.013234
v -0.746467 -0.156348 -0.018172
v -0.490727 0.276146 0.004153
v -0.375493 0.035798 0.001520
v -0.043684 0.026970 -0.013799
v -0.138052 -0.032807 0.020219
v -0.699868 -0.276319 0.019839
v -0.659749 -0.177044 0.005685
v -0.318699 -0.107769 0.014765
v -0.866381 0.077241 0.004558
v -0.842697 -0.082256 0.005905
v -0.503545 0.369955 0.020512
v -0.502903 0.377766 0.016665
v -0.720742 0.386404 0.010804
v -0.648280 -0.020270 -0.005270
v -0.611843 0.206603 -0.012416
v -0.036402 0.145220 0.004119
v -0.104192 -0.070451 -0.007195
v -0.627572 0.381696 0.010941
v -1.089126 -0.004305 0.006218
v -0.570257 0.112771 0.014571
v -0.682302 0.230349 0.001651
v -0.176478 -0.139599 -0.010570
v -0.728940 -0.279011 0.004539
v -0.779365 0.211427 -0.002421
v -0.037403 0.064869 -0.018061
v -0.395068 0.362897 -0.015056
v -0.502735 0.171999 0.003890
v -0.290667 -0.303770 -0.011075
v -0.137047 0.218657 -0.007919
v -0.598190 -0.154574 -0.013590
v -0.548098 0.274353 -0.002173
v -0.738828 -0.114814 0.011814
v -0.074717 0.249577 -0.004274
v -0.369491 0.292607 0.000222
v -0.595348 -0.314585 0.013423
v -0.529076 -0.006916 -0.004980
v -0.258628 -0.240440 0.017704
v -0.727676 -0.042437 0.009519
v -0.567152 0.335686 -0.001949
v -0.853036 0.280982 -0.017979
v -0.303797 0.267783 -0.014502
v -0.526927 0.094199 0.000029
v -0.609490 -0.240910 0.017879
v -0.045868 -0.101625 -0.005328
v -0.989412 0.072061 0.003709
v -0.641059 0.094876 0.017707
v -0.859975 0.259147 -0.012842
v -0.805914 0.132683 0.017350
v -0.618123 -0.245277 -0.000478
v -0.723011 -0.274653 0.006338
v -0.127652 -0.110474 -0.010821
v -0.065657 0.131473 0.005500
v -0.754858 -0.263945 0.006104
v -0.576404 0.332734 0.007605
v -0.561497 0.375794 0.018975
v -0.516776 0.010851 0.011381
v -0.874359 -0.266839 -0.004298
v -0.997413 -0.155435 0.000779
v -0.415871 0.303212 0.013849
v -0.555454 0.280855 0.019643
v -0.735058 -0.168067 -0.008065
v -0.987502 0.257314 0.009561
v -0.177951 0.227493 0.011621
v -0.666131 0.181568 0.010447
v -0.236039 -0.062788 -0.008060
v -0.054702 0.019098 -0.020934
v -0.134535 0.198908 0.001048
v -0.815855 -0.246805 -0.013833
v -0.875608 0.299738 -0.012683
v -0.327994 0.422252 -0.002072
v -0.456748 -0.116360 -0.018523
v -0.353426 0.383741 -0.010107
v -0.262584 -0.104722 0.005327
v -0.913723 -0.225740 -0.014023
v -0.640477 0.298712 -0.009376
v -0.780315 0.319027 -0.000928
v -0.631418 -0.067971 -0.018436
v -0.549472 0.014298 0.003463
v -0.379361 0.039843 0.000938
v -0.123358 0.064876 0.020450
v -0.512117 -0.354463 -0.001124
v -0.737416 0.285102 -0.005427
v -0.126000 -0.217334 0.013308
v -0.131940 -0.074104 -0.005106
v -0.242823 0.138202 -0.007129
v -0.249470 0.217129 0.008329
v -0.630368 -0.340988 -0.015168
v -0.961148 -0.183916 -0.009262
v -0.705620 -0.310073 -0.005526
v -0.878589 -0.180789 -0.001042
v -0.753786 0.144523 0.020420
v -0.071734 -0.049797 -0.020302
v -0.625108 0.119148 0.012917
v -0.717514 0.299022 0.004484
v -0.898524 0.242945 -0.017582
v -1.027303 0.227379 0.018095
v -0.042543 0.017962 0.017019
v -0.579405 -0.176568 -0.012807
v -0.303298 0.287163 0.003019
v -0.307051 -0.183663 -0.015630
v -0.462455 -0.170655 0.007269
v -1.040474 -0.068444 -0.013942
v -0.726511 0.097300 0.006831
v -0.535543 0.242903 0.010637
v -0.638354 -0.055941 -0.002734
v -0.596993 -0.114249 0.018017
v -0.155831 -0.161128 -0.011744
v -0.568187 0.339529 0.016695
v -0.405004 0.158109 0.001451
v -0.575449 -0.074805 0.008055
v -0.181877 -0.242133 0.011186
v -0.905964 -0.149272 -0.005166
v -0.645851 -0.302808 -0.004971
v -0.808578 -0.195212 0.014958
v -0.456634 -0.135340 -0.016141
v -0.410086 0.115640 0.010104
v -0.111856 -0.089302 -0.016124
v -0.892495 0.336572 0.019071
v -0.569953 0.042004 -0.018401
v -1.043602 -0.035755 0.020154
v -0.690809 0.279844 0.007531
v -0.435636 -0.239926 0.004268
v -0.489779 0.310035 0.001608
v -0.752840 0.089146 0.018601
v -0.347420 -0.203455 -0.001857
v -0.718799 -0.045478 0.006945
v -0.403946 -0.284012 0.004153
v -0.747938 0.439677 -0.015815
v -0.087789 0.043010 -0.000912
v -0.366379 -0.210117 0.008574
v -0.939338 0.340996 -0.007008
v -0.431351 -0.120126 0.009772
v -0.379428 -0.276474 -0.018792
v -0.395633 -0.082979 -0.000525
v -0.974385 0.311956 0.006689
v -0.232304 -0.290539 0.002014
v -0.786390 0.344949 0.020593
v -0.533336 -0.212339 0.001169
v -0.644597 0.392961 -0.012806
v -0.336327 -0.156972 -0.015502
v -0.544033 -0.269936 0.012813
v -0.278125 -0.236475 -0.001784
v -0.444724 0.183427 0.008230
v -0.603429 0.204538 -0.011838
v -0.554793 -0.310134 -0.020616
v -0.612800 -0.265040 0.007489
v -0.339246 0.038335 0.018917
v -1.002584 0.220361 0.017891
v -0.103040 0.285257 -0.013455
v -0.034779 0.184628 0.006304
v -1.001008 -0.179007 0.005333
v -0.633508 0.093929 -0.010884
v -1.005032 0.074875 0.019091
v -0.743246 -0.160805 0.008055
v -0.424605 -0.277099 0.011665
v -0.256906 -0.204206 -0.009441
v -0.740478 -0.158898 -0.015960
v -0.216008 0.195768 0.007089
v -0.633304 0.046099 0.003065
v -0.808306 -0.046833 0.010305
v -0.485628 -0.121840 -0.000664
v -0.772713 -0.168111 0.003000
v -0.437590 0.111907 0.017173
v -0.483700 -0.123353 0.013140
v -0.143021 0.088758 0.001530
v -0.403561 -0.221436 0.000794
v -0.950366 -0.130089 0.012183
v -0.210599 0.306229 0.019559
v -0.362963 -0.057095 0.004162
v -0.375439 0.332991 0.012622
v -0.408713 0.155274 -0.012338
v -0.331627 0.317238 0.014761
v -0.018664 0.140709 0.000258
v -0.815607 0.284303 -0.003232
v -0.545211 0.048689 -0.008375
v -0.176023 -0.050361 0.011878
v -0.748212 -0.185740 0.003237
v -0.684452 -0.235756 0.020413
v -0.791490 0.296846 -0.012187
v -0.145316 0.271598 -0.011042
v -0.435777 0.262745 0.013970
v -0.138392 -0.036151 -0.011926
v -0.674775 0.166564 0.005137
v -0.302046 0.145519 -0.004965
v -0.263935 -0.101163 -0.017503
v -0.559418 0.323823 0.008170
v -0.692393 0.025045 0.009772
v -0.091084 0.039779 -0.012910
v -0.859596 0.295065 0.013461
v -0.831614 -0.116691 -0.014553
v -0.188231 0.036883 -0.019912
v -0.671819 -0.020863 -0.015766
v -0.236165 0.248236 -0.018230
v -0.760887 -0.145108 -0.006992
v -0.624636 0.437321 -0.011518
v -0.212877 0.065975 0.019688
v -0.678866 0.144014 0.017877
v -0.338829 0.370114 -0.008125
v -0.383206 -0.214850 0.001216
v -0.706714 -0.321934 0.002165
v -0.956501 -0.198586 -0.013829
v -0.225923 -0.036453 -0.006503
v -0.579575 -0.362608 0.001331
v -0.969985 -0.166832 -0.000972
v -0.512716 0.079407 0.000570
v -0.440604 0.173744 -0.005090
v -0.561567 -0.046163 0.009468
v -0.093303 -0.006361 -0.010537
v -0.908666 -0.172848 -0.013310
v -0.060370 0.017608 0.000094
v -0.608109 0.321088 0.018550
v -0.185317 -0.206982 -0.008182
v -0.214168 -0.268375 -0.003926
v -0.613419 0.166428 -0.017662
v -0.617163 -0.355024 -0.014065
v -0.106304 0.177815 0.002275
v -1.063769 0.067636 0.019411
v -0.898371 0.187696 0.009693
v -0.941483 0.088423 0.020914
v -0.199533 -0.176894 -0.003970
v -0.940931 -0.217509 0.010329
v -0.652940 -0.293159 0.010486
v -0.532852 0.410812 0.018936
v -0.320462 -0.302939 0.001181
v -0.881651 -0.157363 0.019515
v -0.785872 -0.300898 0.000988
v -0.526482 0.163706 0.014255
v -1.084791 0.014799 -0.003246
v -0.793645 0.226721 -0.016244
v -0.314251 -0.057930 0.001643
v -0.530561 -0.093426 -0.008435
v -0.618597 0.236657 0.009997
v -0.782860 -0.032101 -0.008198
v -0.147358 -0.087409 0.013681
v -0.184969 0.113098 0.004945
v -0.877152 0.068452 0.004852
v -0.705009 0.270034 -0.020784
v -0.366969 -0.065337 -0.006110
v -0.239796 0.225167 -0.017441
v -0.764761 0.035206 -0.015799
v -0.766297 0.063091 0.006579
v -0.498253 0.311113 -0.008430
v -0.761360 0.128015 0.013085
v -0.267457 0.225532 0.014253
v -0.377917 0.262441 -0.002774
v -0.875199 0.353132 -0.012664
v -0.509098 0.128266 -0.004429
v -0.569926 -0.348377 -0.014267
v -0.430044 0.325965 0.006940
v -0.585373 0.321204 0.002105
v -0.406854 -0.287724 -0.007355
v -0.503359 -0.342779 0.000078
v -0.102131 -0.128175 -0.004668
v -0.410615 0.137753 -0.020112
v -0.332497 0.296198 0.011230
v -0.511637 0.394668 -0.006630
v -0.082860 -0.003199 -0.002758
v -0.644102 0.333821 0.010958
v -0.546960 0.213997 0.000472
v -0.548387 0.417762 0.015295
v -0.276637 0.042464 0.013466
v -0.402769 0.384633 0.013018
v -0.667789 -0.233762 -0.013390
v -0.127572 0.034892 0.005648
v -0.524160 0.201485 -0.019389
v -0.020821 0.025593 -0.003095
v -0.673393 -0.034630 -0.018860
v -0.804262 0.177896 0.005599
v -0.512871 0.291863 -0.000874
v -0.990482 0.029127 -0.008220
v -0.585143 0.270839 -0.006257
v -0.820742 0.166941 -0.019003
v -0.428545 0.074367 0.010280
v -0.460579 0.330371 0.017156
v -0.359366 0.156835 0.018830
v -0.748623 0.225166 -0.016931
v -0.142958 0.076747 0.015203
v -0.781283 0.365548 -0.005822
v -0.477996 -0.250446 -0.005393
v -0.697840 -0.105899 -0.004870
v -0.399175 -0.048753 0.010189
v -0.243579 0.270717 0.017311
v -0.685710 -0.101171 0.008596
v -0.415687 -0.001854 0.001956
v -0.808152 0.348479 0.020565
v -0.411297 0.390478 -0.019160
v -0.403855 0.340951 -0.010394
v -0.186065 -0.220759 0.017086
v -0.036042 -0.011843 -0.002164
v -0.657008 -0.342424 -0.018156
v -1.013518 0.247485 0.000163
v -0.128287 0.094543 0.008262
v -0.469167 0.114856 0.002779
v -0.423874 -0.286319 0.010110
v -0.913929 0.258677 0.015551
v -0.329807 0.019606 0.010531
v -0.912498 0.296685 -0.004164
v -0.581771 0.228552 -0.014280
v -0.457773 0.393426 0.015925
v -0.456232 -0.224249 0.008726
v -0.849203 0.013704 -0.011746
v -0.655971 -0.251415 -0.013813
v -0.292508 0.107948 -0.019358
v -0.241246 0.366666 0.017944
v -0.612619 0.420377 0.005981
v -0.546890 0.431109 0.001453
v -0.225810 0.052178 0.004417
v -0.657981 0.138799 0.008629
v -0.995143 -0.058740 -0.003850
v -0.789587 -0.104247 -0.018595
v -0.349077 -0.298999 -0.011790
v -0.324277 0.011729 0.019807
v -1.079183 -0.046718 0.011684
v -0.515808 -0.084517 0.010322
v -0.877956 0.279379 0.015541
v -0.821292 -0.182929 0.013308
v -0.497693 0.264055 0.003430
v -0.380657 -0.290717 -0.014463
v -0.496292 0.405577 -0.005517
v -0.412467 -0.024141 -0.013376
v -0.347241 0.407974 -0.013068
v -1.018919 0.071358 0.006198
v -0.329941 0.072353 -0.013535
v -0.887486 0.251995 -0.018083
v -0.305059 0.140976 0.017184
v -0.378877 0.025400 0.001125
v -0.621920 -0.323515 0.004338
v -0.606978 0.091966 0.013716
v -0.512742 -0.285972 -0.019163
v -0.548344 0.171428 -0.015009
v -0.594500 0.014984 0.019587
v -0.376969 0.013958 0.009918
v -0.793913 0.350170 -0.012502
v -0.959512 0.088657 -0.002338
v -0.385572 0.256775 -0.014510
v -0.120369 0.170160 0.005354
v -0.192527 0.316456 -0.016682
v -0.663867 0.337533 0.014132
v -0.219856 0.362004 -0.019992
v -0.739399 0.121266 0.006525
v -0.472166 0.439257 -0.004841
v -0.177389 -0.203331 -0.016279
v -0.461624 0.171957 -0.016727
v -0.233805 -0.018755 0.004859
v -0.161018 0.323204 0.017635
v -0.211146 -0.149193 -0.013521
v -0.968104 -0.011906 0.007536
v -0.286424 0.327840 -0.008334
v -0.416293 -0.175898 -0.016635
v -0.163142 -0.121632 0.018181
v -0.377292 -0.278756 -0.017792
v -0.018767 0.055554 -0.014757
v -0.723565 -0.147297 -0.004595
v -0.637298 -0.316233 -0.000906
v -0.168752 0.181042 0.019303
v -0.579438 0.174296 0.020780
v -0.408335 0.287095 -0.007589
v -0.956540 0.211062 -0.003614
v -0.464266 -0.183532 0.012690
v -0.704782 -0.121487 -0.003416
v -0.951761 0.055586 0.001364
v -0.402049 -0.184699 0.003400
v -0.918689 0.200566 0.008127
v -0.554974 -0.302152 -0.011122
v -0.001768 0.057540 -0.020280
v -1.052420 -0.097389 0.017678
v -0.247431 0.140771 0.014648
v -0.216697 -0.232298 -0.008623
v -0.236441 0.355271 0.019816
v -0.318666 -0.057562 0.013769
v -0.358281 0.103610 0.019406
v -0.646386 -0.197319 -0.019893
v -0.222803 -0.005993 0.008459
v -0.627855 -0.047357 0.014172
v -0.484378 -0.003044 -0.005660
v -0.415740 0.105523 0.002906
v -0.467066 -0.099664 -0.013338
v -0.569250 -0.312974 0.008340
v -0.657990 0.306500 -0.006832
v -0.460117 -0.293410 -0.008956
v -0.262190 0.377310 -0.019651
v -0.547223 -0.247954 -0.020544
v -0.324859 -0.250627 0.015791
v -1.022207 -0.077666 0.017604
v -1.013195 0.045838 -0.003206
v -0.250133 0.395287 0.000903
v -0.357310 0.029460 -0.012102
v -0.738641 -0.083655 -0.013285
v -0.560348 -0.264002 0.014352
v -0.397124 -0.212685 -0.007846
v -0.864266 -0.247212 -0.014077
v -0.404534 -0.268950 -0.012821
v -0.430813 0.123767 0.004334
v -0.497457 -0.007775 -0.009147
v -0.685800 0.022282 0.004079
v -0.537474 -0.183318 0.002171
v -0.613841 -0.007730 -0.009695
v -0.141094 0.003883 0.002677
v -0.520605 -0.036915 -0.007788
v -0.502513 0.036560 -0.006021
v -0.620166 0.309539 -0.012815
v -0.544577 -0.307763 0.019902
v -0.600305 -0.075308 -0.003894
v -0.559384 -0.083287 0.012915
v -0.302678 0.310592 -0.004951
v -0.984760 -0.150187 -0.008815
v -0.332937 0.282844 0.016179
v -0.161630 0.246929 0.016145
v -0.392815 -0.267800 0.011291
v -0.263704 0.399562 0.000685
v -0.609174 -0.285953 0.018070
v -0.814817 0.362477 -0.006761
v -0.875130 0.348909 -0.002902
v -0.175811 -0.184339 -0.004719
v -0.440057 0.367212 -0.017850
v -0.299202 0.322145 -0.000104
v -0.479977 -0.099330 0.015559
v -1.067822 -0.070660 0.011821
v -0.405951 0.117093 -0.007824
v -0.347691 -0.017945 -0.009235
v -0.657348 0.144975 -0.013474
v -0.511614 -0.161287 -0.001123
v -0.569494 0.442964 0.006312
v -0.426984 0.164206 0.002887
v -0.055939 0.145841 -0.004161
v -0.221962 -0.264694 -0.015583
v -0.888422 0.336779 0.018986
v -0.868552 0.297317 0.000250
v -0.591433 0.441719 0.007667
v -0.870546 -0.181647 0.010124
v -0.533771 0.430411 -0.020666
v -0.371130 -0.130597 -0.014355
v -0.669808 0.117105 -0.004695
v -0.713479 0.080155 -0.001433
v -0.876299 -0.260958 -0.001476
v -0.146271 0.234487 0.017533
v -0.123982 -0.122274 -0.012622
v -0.697062 0.258224 0.020850
v -1.009208 0.080271 -0.000999
v -0.569084 0.130874 -0.014459
v -0.982263 0.113038 -0.007552
v -0.131821 0.113673 -0.005028
v -0.245322 -0.048159 -0.002935
v -0.676119 0.066242 0.015457
v -0.115218 -0.051810 -0.009666
v -0.654644 -0.041433 -0.018091
v -0.798537 0.178863 0.008913
v -0.274913 -0.170098 0.007125
v -0.579735 0.432091 -0.017117
v -0.287841 -0.092318 0.010633
v -0.383717 0.263280 -0.003398
v -1.001079 0.103450 -0.014251
v -0.657677 -0.186234 0.008102
v -0.592043 0.076854 0.011889
v -0.675725 -0.017141 0.007054
v -0.782760 -0.109730 0.020427
v -0.110394 -0.085435 0.009942
v -0.636601 0.198916 -0.001736
v -0.242957 0.362229 -0.016229
v -0.205604 -0.000210 0.000869
v -0.180918 0.056512 0.013965
v -0.290484 0.249970 0.019717
v -0.339551 0.162865 0.020119
v -0.906380 0.199221 -0.014024
v -0.783107 0.222380 0.019000
v -0.138842 -0.006335 -0.020396
v -0.522699 0.000791 0.016660
v -1.062300 0.044874 0.008371
v -0.770354 -0.178305 -0.003764
v -0.792635 0.297711 0.000973
v -0.532478 -0.090788 -0.013616
v -0.758297 0.126832 0.003985
v -0.877550 -0.018872 0.014494
v -0.686994 -0.207352 -0.009104
v -0.934775 -0.227234 0.014994
v -0.056452 0.039017 -0.016640
v -0.804607 -0.216283 -0.003726
v -1.026740 0.058225 0.017944
v -0.253072 0.214093 0.003412
v -0.260069 0.096047 -0.003333
v -0.487112 0.329089 -0.004995
v -0.423582 0.321134 -0.015773
v -0.035021 -0.031140 -0.003657
v -0.352440 -0.268428 0.010128
v -0.213739 0.062279 -0.011595
v -0.658106 0.435159 -0.009891
v -0.291166 -0.268111 -0.003582
v -0.522322 0.447928 -0.003589
v -0.335627 0.066025 -0.005275
v -0.347307 -0.297413 0.004198
v -0.824458 0.403934 0.020699
v -0.522159 0.463850 -0.012908
v -0.858247 -0.251245 0.012656
v -0.724287 -0.020847 0.005723
v -0.323080 0.025178 0.016975
v -0.911609 0.019906 -0.016818
v -0.426578 -0.232963 0.005521
v -0.442066 -0.326719 0.005347
v -0.576269 0.361657 0.018845
v -0.501886 0.172891 -0.002628
v -0.842139 -0.184281 -0.019832
v -0.689006 -0.338748 -0.017692
v -0.900302 0.293702 -0.015517
v -0.968710 0.145719 -0.005959
v -0.516367 0.447154 -0.008529
v -0.815661 0.004095 0.011761
v -0.441592 -0.309227 0.006689
v -0.633079 0.451130 0.005352
v -0.820104 -0.194243 -0.016656
v -0.960645 0.132349 -0.016503
v -0.655374 0.439016 -0.017103
v -0.880424 0.059128 0.014209
v -0.848193 0.236458 -0.020078
v -0.067874 0.233461 -0.017795
v -0.679253 -0.187598 -0.007829
v -0.135282 -0.155751 -0.013448
v -0.317986 0.061304 0.002826
v -0.626445 0.003739 0.019988
v -0.167696 0.038510 0.004788
v -0.759620 0.001873 0.010151
v -0.333717 -0.032095 -0.019759
v -0.160665 0.093340 -0.014601
v -0.425132 -0.055624 -0.011888
v -0.670705 0.223982 0.009565
v -0.285569 -0.030172 -0.000774
v -0.239209 -0.021824 0.002163
v -0.680514 0.398596 -0.000176
v -0.896726 0.028900 -0.012892
v -0.337840 0.358137 0.016267
v -0.616896 0.308234 0.003513
v -0.518327 -0.183192 0.012352
v -0.181951 -0.034030 0.016080
v -0.971846 0.217369 0.013267
v -0.857025 -0.178380 -0.002969
v -0.856850 -0.055166 0.005573
v -0.343161 0.117488 -0.019582
v -0.970268 0.027060 -0.008674
v -0.345291 -0.248929 0.019536
v -0.607022 0.108183 -0.013444
v -0.765686 0.385240 -0.005975
v -0.149841 0.200034 -0.005378
v -0.514534 -0.094364 -0.007619
v -0.235330 0.066484 -0.001454
v -0.403778 -0.332191 0.002589
v -0.871093 0.264559 0.001145
v -0.318539 0.183441 0.004532
v -0.170922 -0.210559 -0.017857
v -0.271014 -0.120320 0.010760
v -0.678562 0.266405 -0.012721
v -0.423676 -0.230458 0.020591
v -0.720503 0.120267 -0.013812
v -0.708061 0.280146 0.003209
v -0.646357 0.378829 0.014956
v -0.026363 0.019679 -0.009057
v -0.359926 -0.173580 0.016625
v -0.455327 0.009084 0.006081
v -0.396269 0.104751 0.012706
v -0.598214 -0.167018 0.010655
v -0.882441 0.233605 -0.007847
v -0.812544 -0.120843 0.008251
v -1.036187 0.158923 0.019620
v -0.306892 0.227461 0.004955
v -0.431740 0.066809 -0.020563
v -0.303229 0.196429 0.007879
v -0.758622 0.118130 -0.012971
v -0.276971 -0.096970 0.016921
v -0.019571 0.023404 0.015457
v -0.579642 0.421419 -0.016346
v -0.407566 0.012489 -0.007168
v -0.926471 -0.196321 -0.009664
v -0.452035 0.186766 -0.001651
v -0.191879 0.327939 0.010627
v -0.138325 -0.217479 -0.003642
v -0.731743 0.098220 0.001159
v -0.944758 -0.110545 0.020007
v -0.755296 0.373028 -0.011515
v -0.575946 0.277735 -0.017523
v -1.029511 -0.091041 0.006698
v -0.573067 -0.139760 -0.017723
v -0.417098 0.031804 -0.020449
v -0.444920 0.421412 -0.013107
v -0.351034 0.167145 0.003802
v -1.051924 -0.017253 0.010940
v -0.690369 0.311915 -0.014532
v -1.075643 0.038619 -0.011811
v -0.905674 0.363420 0.015450
v -1.034016 0.018657 -0.013106
v -0.588784 0.217592 -0.008100
v -0.247175 -0.196777 -0.014814
v -0.211800 -0.204408 -0.010896
v -0.362884 -0.062138 -0.019799
v -0.744558 -0.190359 -0.009846
v -0.407046 -0.003967 -0.002878
v -0.322135 0.291471 0.000333
v -0.278713 0.121885 -0.016892
v -0.829877 -0.238872 -0.003251
v -0.645278 0.306400 0.003950
v -0.929771 -0.004496 -0.002790
v -0.735347 -0.256565 0.019277
v -0.525914 0.145054 -0.019501
v -0.564322 0.157219 -0.016757
v -0.486182 0.377157 0.009065
v -0.686211 0.133969 0.009825
v -0.342919 -0.099384 -0.012360
v -0.477814 -0.191420 -0.008904
v -0.937495 -0.154687 -0.017042
v -1.010222 0.042844 -0.000976
v -0.728402 0.426001 -0.010978
v -0.607660 0.151553 -0.013132
v -0.382525 -0.043078 -0.020465
v -0.863846 0.088576 -0.013544
v -0.563245 0.166088 0.007527
v -0.294231 -0.208137 0.019721
v -0.883054 -0.096467 -0.010605
v -0.165279 0.291139 0.002825
v -0.048223 0.026891 0.001061
v -0.445445 0.189580 -0.017056
v -0.708743 0.389365 -0.001990
v -0.602128 -0.365951 -0.010192
v -0.880765 0.071487 -0.020430
v -0.828583 0.332870 0.016438
v -0.471849 -0.334195 0.016891
v -0.702266 -0.029818 0.007803
v -0.560804 -0.009902 0.020103
v -0.273474 -0.217809 -0.015051
v -0.821859 0.052828 0.010123
v -0.224898 0.007941 0.010263
v -0.364278 0.435117 0.005827
v -0.046980 -0.034715 0.007510
v -0.252818 -0.116583 0.019249
v -0.829256 0.013600 0.007521
v -0.287783 -0.119946 -0.003474
v -0.244329 0.041113 -0.019274
v -0.869682 0.019039 0.004719
v -0.889051 0.165029 0.019662
v -0.472345 -0.167621 0.019718
v -1.005371 0.052344 -0.001415
v -0.232777 0.384424 0.005199
v -0.705389 -0.148703 -0.008893
v -0.528865 0.000100 -0.019280
v -0.637240 0.366512 -0.018766
v -0.673965 0.308742 0.006731
v -0.274215 0.050849 -0.006291
v -0.655772 0.430796 0.006944
v -0.524363 -0.114211 -0.017388
v -0.621080 0.465612 -0.012737
v -0.684387 -0.010887 -0.011808
v -0.872890 0.091952 0.013092
v -0.782972 -0.157098 0.019610
v -0.320648 0.174145 -0.008315
v -0.703815 0.342706 0.007515
v -0.733937 0.336809 0.007699
v -0.486796 0.196991 0.002280
v -0.600746 0.166610 0.002800
v -0.831274 -0.173941 -0.005209
v -0.291456 -0.145161 -0.015178
v -0.837549 0.133919 0.018265
v -0.637645 -0.229540 -0.003038
v -0.859246 0.178850 -0.019838
v -1.051736 -0.098668 -0.003321
v -0.534130 -0.279205 -0.008300
v -0.531817 0.350267 -0.015654
v -0.948433 -0.034819 -0.008680
v -0.538449 -0.213035 -0.004076
v -0.056116 0.064113 0.015746
v -0.674233 0.074218 -0.018703
v -0.336657 -0.246811 -0.006994
v -0.307328 0.180065 -0.000778
v -0.616344 0.140387 0.010100
v -0.766256 -0.271173 -0.018773
v -0.491822 0.203149 0.010098
v -0.809929 0.055858 0.007379
v -0.369227 -0.134448 -0.007943
v -0.505928 0.047704 -0.000632
v -0.620988 -0.081514 -0.020999
v -0.702079 -0.038677 -0.016932
v -0.442773 0.327243 0.013975
v -0.671749 0.084255 -0.015884
v -1.000087 0.284980 0.013451
v -0.328394 -0.210392 0.013511
v -0.763247 -0.303645 0.004921
v -0.949658 0.188138 -0.013238
v -0.363802 -0.259450 -0.013827
v -0.571288 -0.260113 -0.001001
v -0.661852 0.382352 0.019282
v -0.998982 0.065167 -0.004570
v -0.608204 -0.080225 -0.003490
v -0.631915 0.081955 -0.001803
v -0.603101 0.032691 -0.008284
v -0.868312 -0.263813 0.005035
v -0.044862 0.155870 0.019437
v -1.008207 0.121529 -0.009370
v -0.223193 0.021263 0.014945
v -0.874776 0.045004 0.008661
v -0.656514 0.116753 0.006549
v -0.828571 0.335685 -0.006750
v -0.655871 -0.313644 -0.009310
v -0.526045 -0.180439 -0.004455
v -0.168129 -0.119602 -0.005186
v -0.989460 0.110195 0.003194
v -0.115192 -0.112889 0.001068
v -0.334839 0.223698 0.019118
v -0.799831 0.319306 -0.004041
v -0.062415 0.157994 -0.014314
v -0.402725 0.128033 0.018238
v -1.024195 0.104062 0.020216
v -0.380677 -0.285440 -0.011062
v -0.364568 -0.053160 0.016484
v -0.536981 -0.222028 -0.018296
v -0.691953 -0.041883 0.014566
v -0.118974 0.212227 0.004474
v -0.264882 -0.289867 -0.007511
v -0.657013 -0.194818 0.020533
v -0.769862 -0.033931 -0.010395
v -0.821798 0.135949 -0.012550
v -0.289661 0.372549 0.012964
v -0.401169 0.349611 0.005423
v -0.671369 -0.115271 0.013020
v -0.291593 -0.106486 -0.003863
v -0.691270 0.017493 -0.013217
v -0.615869 -0.347704 0.005974
v -1.051654 0.059207 0.002956
v -0.871927 0.090945 0.004976
v -0.740490 -0.006221 -0.018180
v -0.852922 0.163302 -0.018024
v -0.120982 0.225163 -0.008474
v -0.355142 0.186131 0.004263
v -0.676726 0.223644 0.018506
v -0.306478 -0.048801 0.008537
v -0.082652 0.212363 0.019661
v -0.178019 0.194234 0.014834
v -0.196229 -0.073393 -0.004233
v -0.119444 0.172232 -0.016343
v -1.068059 0.122948 -0.009952
v -0.235877 0.095724 -0.010043
v -0.793640 0.366677 -0.015150
v -1.000694 -0.054903 0.017815
v -0.817003 -0.286681 -0.011104
v -0.069710 0.230856 0.016982
v -0.689794 -0.301641 -0.019515
v -0.017745 0.001391 0.004122
v -0.668772 -0.027398 0.002160
v -0.279893 -0.021924 -0.019247
v -0.167907 0.116377 0.006314
v -0.825341 0.146506 0.014693
v -0.470752 0.039032 -0.018675
v -0.476766 -0.324162 0.001436
v -0.259842 -0.216831 0.009993
v -0.668818 0.018937 0.011159
v -0.671190 -0.209303 -0.003073
v -0.314085 0.261659 0.016680
v -0.218492 0.022107 -0.012867
v -0.671980 0.089254 -0.011255
v -0.772525 -0.055780 0.010394
v -0.175863 -0.191433 0.002858
v -0.482976 0.047083 0.009233
v -0.491635 -0.057368 -0.015678
v -0.501424 0.129600 -0.006314
v -0.702488 -0.121829 -0.008719
v -0.849028 -0.129722 -0.015860
v -0.306307 0.147491 0.001833
v -1.021358 0.061472 -0.006008
v -0.327724 -0.050238 0.008952
v -0.096718 -0.083470 -0.008707
v -0.777196 -0.200669 -0.009764
v -0.675777 -0.232104 -0.018732
v -0.175536 -0.156593 0.005119
v -0.596166 0.236183 -0.015240
v -0.288934 0.019628 0.010160
v -0.468105 0.298553 0.013288
v -0.208501 0.373259 0.008330
v -0.767942 -0.178791 -0.016202
v -0.651048 0.050530 -0.009325
v -0.923505 0.304092 -0.017451
v -0.628069 0.372499 -0.000195
v -0.328018 -0.147787 -0.019135
v -0.485144 0.223436 -0.002894
v -0.262411 0.124820 0.001745
v -0.601125 0.105325 0.004567
v -0.136302 -0.200922 0.017113
v -0.393753 -0.250015 0.010805
v -0.820870 0.371702 -0.002769
v -0.971841 0.207688 0.009887
v -0.379822 0.098750 -0.004699
v -0.631230 -0.290215 0.015058
v -0.203630 -0.058634 0.003049
v -0.910267 -0.075893 -0.014173
v -0.898832 0.296112 0.017836
v -0.504192 0.088140 0.012583
v -0.396717 0.012752 -0.010503
v -0.858049 -0.014838 -0.004427
v -0.797365 -0.117693 0.006688
v -0.449829 -0.320241 0.004536
v -0.255507 0.272934 -0.007518
v -0.571184 0.226850 -0.001566
v -0.899173 0.155747 0.019567
v -1.051477 0.097869 -0.011851
v -0.052784 0.196439 -0.009389
v -0.787073 -0.100398 -0.018310
v -0.344510 0.382407 -0.009402
v -0.416560 -0.059811 0.005474
v -0.289108 0.313278 -0.018918
v -0.468800 0.104285 0.007747
v -0.281874 -0.195703 -0.019238
v -0.577623 -0.051402 0.009011
v -0.565868 0.262759 0.007492
v -0.345604 -0.144849 0.009169
v -0.812443 -0.096724 -0.017746
v -0.918929 0.153809 -0.011047
v -0.703641 0.277470 0.013553
v -0.930644 0.219522 0.015786
v -0.354387 0.237851 0.012103
v -0.728835 0.280966 0.006383
v -1.083485 0.125898 0.005120
v -0.487948 0.124993 0.018073
v -0.475244 0.014707 0.004580
v -0.409821 -0.230438 0.011797
v -0.968850 0.033542 -0.006550
v -0.440243 0.423517 -0.019631
v -0.600458 -0.206397 0.020908
v -0.415276 0.105257 0.018292
v -0.487934 0.344228 0.003126
v -0.889419 -0.031047 0.009788
v -0.320057 -0.199526 -0.018840
v -0.942299 0.102615 -0.002477
v -0.610465 0.431235 -0.008691
v -0.539829 0.256925 0.011241
v -0.790209 0.266239 0.010424
v -0.347915 0.186771 0.009778
v -0.308490 -0.122693 -0.006217
v -1.075671 0.035760 0.006440
v -0.840884 -0.122790 -0.003408
v -1.003382 -0.111174 -0.015738
v -1.021167 -0.036657 -0.003880
v -0.726112 -0.029256 -0.010068
v -0.620771 0.279001 -0.017577
v -1.029593 0.248286 0.003192
v -0.875077 -0.223260 0.016795
v -0.501136 0.013339 -0.015927
v -0.584383 0.361670 0.018065
v -0.558777 -0.099170 -0.019569
v -0.965116 0.195728 0.020577
v -0.205069 0.339028 0.017582
v -0.280065 -0.091492 -0.004103
v -0.984699 -0.074103 -0.016001
v -0.133271 -0.189164 0.003842
v -0.957615 -0.230137 -0.019100
v -0.573146 -0.199604 -0.002146
v -0.860025 0.202603 0.014062
v -0.642838 0.331310 -0.015347
v -0.354540 0.385911 0.017486
v -0.403252 0.002856 0.016615
v -0.828352 -0.091648 0.006275
v -0.814539 0.241201 0.000364
v -1.004795 -0.164572 -0.016930
v -0.644162 0.284526 0.002694
v -0.215401 -0.142342 0.014451
v -0.829917 0.156070 -0.007620
v -0.459514 0.193127 0.013187
v -0.602760 -0.365779 -0.012151
v -0.964097 0.011797 0.004850
v -0.311967 0.181136 -0.016021
v -0.604396 0.325135 0.016185
v -0.676146 0.440643 0.020530
v -0.538475 -0.353741 0.006990
v -0.391773 0.197945 0.014229
v -0.547220 -0.019427 0.016907
v -0.158684 -0.027012 0.012558
v -0.048611 0.066044 -0.019917
v -0.395110 0.440057 0.002989
v -0.594577 -0.251209 0.013904
v -0.600739 0.183547 0.008666
v -0.344400 -0.181825 -0.002845
v -0.591905 0.439197 0.020709
v -0.571612 -0.092379 -0.006144
v -0.119342 0.228294 0.009549
v -0.732426 0.314649 -0.009403
v -0.818496 -0.170061 0.011636
v -0.632720 -0.177029 0.017839
v -1.035222 0.214848 0.012356
v -0.757693 0.401104 0.006767
v -0.475406 -0.005150 0.005649
v -0.346774 0.057779 -0.005199
v -0.127157 -0.070480 -0.009858
v -0.261979 0.358531 0.009810
v -0.599851 0.233246 0.015786
v -0.064900 -0.068224 0.010477
v -0.407388 0.052188 0.002425
v -0.490224 0.221277 -0.003437
v -0.577830 0.308131 0.003524
v -0.798169 -0.172496 0.006592
v -0.421824 0.258224 -0.011260
v -0.650186 0.332332 0.012463
v -0.806138 0.207288 -0.000800
v -0.398519 0.130253 0.015998
v -0.540813 -0.175001 0.019713
v -0.754219 0.354188 -0.016136
v -0.853002 0.102123 -0.016231
v -0.701025 -0.283211 0.011495
v -1.040811 0.088428 -0.000455
v -0.776829 0.156892 -0.008781
v -1.068240 0.031368 0.011879
v -0.101648 0.187560 -0.010013
v -0.691828 0.289393 -0.002438
v -0.972440 0.288490 -0.009731
v -0.593807 -0.192547 0.013378
v -0.676544 0.300904 0.003045
v -0.424946 0.215089 0.005262
v -0.142167 -0.055803 -0.007153
v -0.611348 0.013680 0.009334
v -0.496564 -0.069396 0.008599
v -0.139771 -0.142705 0.002222
v -0.772779 -0.200096 -0.005792
v -0.480630 0.207757 0.001499
v -0.382463 -0.105199 0.012654
v -0.281933 -0.078734 -0.011944
v -0.605736 -0.354978 -0.019485
v -0.020872 0.101118 -0.016694
v -0.856903 0.224959 -0.014408
v -0.633819 0.240987 0.011441
v -0.545146 0.269198 -0.015807
v -0.455464 -0.282233 -0.015490
v -0.567002 -0.167851 -0.017434
v -0.132097 0.209810 0.011020
v -0.607560 0.075853 0.013871
v -0.719453 -0.050207 0.009907
v -0.485854 -0.128528 0.004439
v -0.669191 0.270955 0.000519
v -0.265191 0.082254 -0.012488
v -0.589889 0.388821 -0.001201
v -0.592990 0.173849 0.019609
v -0.904638 -0.059189 0.017122
v -0.816123 0.006977 -0.020277
v -0.895016 0.054909 -0.005345
v -0.723306 0.010121 -0.011589
v -0.207508 0.008897 -0.011251
v -0.832202 0.280000 0.005998
v -0.795029 0.378354 0.019984
v -0.363165 0.147472 0.015323
v -0.824420 0.063433 -0.015064
v -0.831540 -0.143146 0.009367
v -0.792255 -0.032327 0.011231
v -0.553903 0.284375 -0.006810
v -0.367684 0.243182 0.002743
v -0.584176 0.067371 0.007997
v -0.534482 -0.324224 0.001915
v -0.721283 0.362900 -0.007483
v -0.650818 -0.241236 0.015063
v -0.393211 0.044546 -0.016588
v -0.655672 -0.194457 0.010789
v -0.300398 0.359262 -0.014020
v -1.051080 0.208211 -0.019359
v -0.751950 0.129578 0.012732
v -1.024454 0.079217 0.001978
v -0.791732 0.185172 -0.002710
v -0.694861 0.437812 0.007421
v -0.977060 0.003628 -0.005391
v -0.671383 -0.077953 0.000977
v -0.428365 0.365724 0.009008
v -0.823640 0.024429 -0.001559
v -0.062412 -0.107797 0.009245
v -0.428619 -0.073621 0.001024
v -0.523919 0.013451 -0.003515
v -0.466543 0.138123 0.020033
v -0.640268 0.218387 0.008150
v -0.857595 -0.006754 -0.018433
v -0.763353 0.082467 -0.006281
v -0.793629 -0.022521 0.005411
v -0.290885 -0.046351 0.013472
v -0.265856 -0.186683 -0.008158
v -0.797744 -0.138003 -0.010301
v -0.981858 -0.036924 -0.017746
v -0.279483 0.343622 -0.009241
v -0.564286 0.183905 0.012469
v -0.960737 -0.141712 -0.007133
v -0.491738 -0.270124 -0.009356
v -0.369131 -0.316916 0.007077
v -0.772359 0.078639 0.011901
v -0.384168 0.041303 0.012741
v -0.414805 0.185704 0.015734
v -0.781491 0.406085 -0.018808
v -0.913714 0.029536 0.006923
v -0.731163 0.312921 -0.016074
v -0.864003 -0.045190 -0.004808
v -0.853156 0.087445 0.000923
v -1.057330 -0.025634 0.014372
v -0.036099 -0.063050 0.014011
v -0.671213 -0.323613 0.002540
v -1.037584 0.073206 0.007785
v -0.889166 -0.048622 -0.006376
v -0.221596 0.090197 -0.001425
v -0.776051 -0.264178 -0.012021
v -1.061101 -0.103945 0.018455
v -0.722070 0.169628 0.010400
v -0.185132 0.068712 0.001092
v -0.243771 0.058253 -0.017047
v -0.738219 0.205257 0.017706
v -0.628883 0.002190 -0.009452
v -0.664233 0.061725 0.008211
v -0.558301 0.382050 0.019788
v -0.322817 -0.299526 0.017958
v -0.112742 0.044191 -0.000407
v -1.057317 0.115237 0.010525
v -0.512050 -0.026795 -0.019789
v -0.380516 -0.051353 0.009920
v -0.412560 -0.060487 -0.003378
v -0.476269 -0.031956 0.005774
v -0.391283 0.100048 0.001852
v -0.308953 0.030735 0.004788
v -0.049495 0.090190 0.014626
v -0.737910 0.373313 0.017040
v -1.006846 -0.161822 0.000686
v -0.224858 -0.047323 0.014184
v -0.617806 -0.043685 0.013652
v -1.019563 0.046563 -0.017473
v -0.820633 0.126761 -0.012655
v -0.778607 0.044002 0.010367
v -0.533622 0.029693 -0.009502
v -0.740023 0.247928 0.002863
v -0.687021 -0.248207 -0.001554
v -0.426718 0.134334 0.009641
v -0.383665 0.346892 0.019562
v -0.498771 -0.320948 -0.011864
v -0.660545 0.134917 0.009420
v -0.539667 0.434238 0.005977
v -0.354188 -0.056530 0.010745
v -0.464653 0.121838 0.008648
v -0.459913 0.191558 -0.007747
v -0.514093 0.230152 0.016110
v -0.417940 0.254588 0.008297
v -0.585132 0.342739 0.003305
v -0.806432 0.323628 -0.002114
v -0.891001 -0.230907 -0.019457
v -0.376638 -0.174740 0.001594
v -0.437243 0.391250 -0.006429
v -0.366728 -0.297671 -0.012287
v -0.671438 -0.233310 0.013854
v -0.504478 -0.071660 0.011483
v -0.569403 0.336846 -0.019679
v -0.215811 0.275839 -0.013170
v -0.281062 0.297665 -0.005364
v -0.853723 0.273604 -0.019578
v -0.681481 -0.267739 0.015512
v -0.193402 0.063525 -0.006942
v -0.654203 -0.056512 0.017352
v -0.680125 0.319215 -0.013181
v -0.059851 0.101472 -0.001829
v -0.872196 -0.077249 -0.004228
v -0.410648 -0.132291 -0.005325
v -0.787641 0.344560 -0.008393
v -0.043474 -0.021860 0.011053
v -0.231937 -0.124456 -0.003319
v -0.469058 -0.355539 -0.004168
v -0.162692 0.103642 0.017739
v -0.141112 -0.219764 0.018600
v -0.377424 0.442643 0.010578
v -0.332529 0.226602 0.019316
v -0.249433 0.006702 0.011165
v -0.431578 -0.219702 -0.014056
v -0.338778 0.050855 0.016084
v -0.599378 0.162944 -0.011080
v -0.502254 0.170731 -0.010721
v -0.751705 -0.304190 -0.005281
v -0.869651 0.084984 -0.001226
v -0.727846 -0.273760 0.017339
v -0.795894 -0.283752 0.008661
v -0.536049 -0.079576 -0.015603
v -0.533546 -0.102958 0.011477
v -0.150794 -0.177329 0.009676
v -0.857143 0.170265 -0.017990
v -1.021989 0.076523 0.003630
v -0.474096 0.372465 0.011249
v -0.768211 0.229396 0.013576
v -0.916334 -0.183108 0.017413
v -0.674676 -0.073664 -0.013105
v -0.462471 0.318955 -0.006737
v -0.753484 -0.175721 -0.009032
v -0.927616 0.298437 -0.019537
v -0.204890 -0.020297 -0.014131
v -0.757185 -0.299467 -0.001473
v -0.154486 0.222628 -0.016741
v -0.229885 -0.236338 -0.020487
v -0.725213 0.338915 -0.004872
v -0.918046 0.132244 0.019317
v -0.943811 0.263612 -0.008276
v -0.573789 0.383958 0.004353
v -0.430633 -0.216681 -0.005341
v -0.863978 0.090222 0.001471
v -0.872042 0.329434 0.020191
v -0.883850 -0.001480 0.007338
v -0.362926 0.247634 0.018235
v -0.756308 -0.050193 0.013139
v -0.601976 -0.230508 -0.018961
v -0.587957 0.193532 -0.000436
v -0.898086 0.343587 0.007828
v -0.554671 0.293958 -0.008562
v -0.379393 -0.230656 -0.013493
v -0.595296 0.093519 -0.007365
v -0.828773 -0.194493 -0.005996
v -0.089747 0.132309 -0.010558
v -0.403901 0.115081 0.009525
v -0.792333 -0.154453 -0.009463
v -0.100590 -0.011335 -0.010748
v -0.320238 -0.291314 0.009773
v -0.918315 0.008060 -0.017785
v -0.696905 0.165334 0.020027
v -0.884691 -0.250448 -0.004960
v -0.396827 0.035422 0.017953
v -0.551647 -0.223007 -0.020060
v -0.284703 -0.015321 0.006422
v -0.176960 -0.207821 -0.002796
v -0.370826 0.172822 -0.010039
v -0.679374 0.334458 0.014878
v -0.530707 0.425125 -0.005282
v -1.022778 0.112032 -0.002648
v -0.559543 -0.320460 -0.009372
v -0.752631 -0.237597 0.017209
v -0.675203 -0.147382 -0.003898
v -0.198421 0.081723 -0.015550
v -0.595526 0.373217 0.019988
v -0.657455 0.229745 -0.020241
v -0.612727 0.144584 -0.008911
v -0.668185 -0.321124 0.003692
v -0.758884 -0.130410 -0.004660
v -0.494232 0.029919 -0.006695
v -0.758679 0.280207 -0.001598
v -0.561778 -0.142550 0.008304
v -0.679386 -0.137994 -0.019645
v -0.225709 -0.280727 0.005518
v -0.849495 -0.042762 -0.012283
v -0.217323 0.025774 -0.008743
v -0.730274 0.366276 -0.019758
v -0.708940 -0.071163 -0.006232
v -1.048840 0.224798 -0.020017
v -0.145463 -0.002202 -0.000388
v -0.499393 0.451251 -0.015469
v -0.946412 -0.191341 -0.016927
v -0.441623 0.460076 0.002971
v -0.454873 0.200968 0.011656
v -0.583956 -0.214735 -0.003842
v -0.547138 -0.221592 0.004168
v -0.690000 0.279422 -0.016563
v -0.146267 -0.222643 0.010994
v -0.716279 0.329931 -0.004529
v -0.305156 -0.178758 -0.001516
v -0.380255 -0.199964 0.017804
v -0.420266 0.252634 0.001372
v -0.738797 0.297119 -0.013765
v -0.265636 -0.093070 0.006430
v -0.202304 0.006659 0.005730
v -0.700234 -0.056219 0.005037
v -0.124135 0.047772 0.009750
v -0.254654 -0.030416 -0.010502
v -0.892567 -0.071708 -0.017179
v -0.875169 0.313441 0.016108
v -0.781571 -0.207123 0.015264
v -0.419784 -0.086307 -0.005499
v -0.387568 -0.074585 0.018360
v -0.274899 -0.063120 -0.008695
v -0.352808 -0.067647 -0.001630
v -0.536708 0.376052 0.020568
v -0.392925 -0.346504 0.000009
v -0.222635 0.259888 -0.007087
v -0.357551 -0.030605 -0.001587
v -0.505631 0.041860 -0.019642
v -0.777122 -0.300527 0.020812
v -0.455479 -0.034868 -0.003482
v -0.579307 0.404679 -0.015919
v -0.476409 -0.283149 0.001435
v -0.172856 0.093244 0.009493
v -0.642578 0.305498 0.013537
v -0.511008 -0.201421 0.009098
v -0.992129 0.025434 -0.002999
v -0.400529 0.162797 -0.009975
v -0.332632 -0.274620 -0.016305
v -0.377710 0.285636 -0.006727
v -0.130961 -0.144782 -0.012176
v -0.188847 0.242861 -0.017889
v -0.239178 -0.124289 -0.010721
v -0.568766 0.277781 -0.002324
v -0.442965 -0.291646 0.002866
v -0.947879 -0.154894 -0.014783
v -0.611831 0.241726 -0.005424
v -0.743078 0.222140 0.018681
v -0.311433 0.330411 -0.001038
v -0.827597 0.134142 0.010237
v -0.621213 -0.101294 -0.008722
v -0.877799 0.272857 -0.019824
v -0.477781 0.274500 0.003538
v -0.577631 0.406039 0.010309
v -0.199722 0.043474 0.004975
v -0.395275 0.266238 -0.014453
v -0.364694 -0.138196 -0.005277
v -0.295896 -0.168963 -0.013897
v -0.777446 0.022226 0.016680
v -0.016927 0.086500 -0.006621
v -0.644838 0.235266 -0.009311
v -0.464436 -0.317367 0.006300
v -0.781231 0.273260 0.017334
v -0.130784 -0.163752 0.014521
v -0.467816 -0.247516 -0.011408
v -0.418275 0.377192 -0.004263
v -0.293232 0.190286 -0.018178
v -0.929867 -0.050917 0.010133
v -0.172665 -0.246912 -0.018649
v -0.800179 -0.035110 -0.010245
v -0.580296 -0.298034 0.006334
v -0.535903 0.398620 -0.001845
v -0.134383 0.131984 0.002183
v -0.348678 0.149416 0.013889
v -0.068586 0.205449 0.000947
v -0.306571 0.124771 0.003598
v -0.876950 -0.089864 0.001551
v -0.489099 -0.182559 0.005624
v -0.488020 0.185255 -0.017498
v -0.418547 0.342570 -0.011970
v -0.963662 0.075399 0.003432
v -0.431912 -0.057429 0.016234
v -0.508421 -0.132632 0.012842
v -0.829575 -0.136826 -0.020979
v -0.537781 -0.275564 -0.000311
v -0.375524 0.317833 0.000596
v -0.262842 -0.019069 0.015425
v -0.548227 0.270361 0.002573
v -0.681756 0.309809 0.020044
v -0.188090 -0.048133 -0.007593
v -0.177623 0.003779 -0.014149
v -0.218736 0.160525 -0.008205
v -0.223448 -0.076476 0.005791
v -0.778184 0.006902 0.011709
v -0.529513 -0.143305 0.000075
v -0.720585 0.326755 -0.016677
v -0.682849 0.361815 0.002982
v -0.427291 0.187136 0.011189
v -0.436708 -0.327983 0.004625
v -0.253609 0.392835 0.020208
v -0.828376 -0.256506 0.011750
v -0.614535 0.452647 -0.001177
v -0.362397 -0.131754 -0.014911
v -0.714296 0.266086 0.010299
v -0.890923 0.135119 -0.004471
v -0.966535 0.232429 -0.004029
v -0.229253 0.001168 0.012826
v -0.074240 -0.007576 -0.020182
v -0.621086 -0.133989 0.009100
v -0.643362 0.296573 -0.007482
v -0.470186 -0.181810 0.002519
v -0.470362 0.234998 0.000124
v -0.438569 -0.057726 -0.010788
v -0.723966 0.308781 0.009293
v -1.082321 0.127883 -0.019068
v -0.795816 -0.243414 0.017173
v -0.840142 0.068080 0.004482
v -0.673881 0.144577 0.005864
v -0.604466 0.301875 0.017791
v -0.395541 0.148871 0.010493
v -0.768618 0.379973 -0.003621
v -0.426548 0.182841 -0.008448
v -0.499575 0.168496 -0.010700
v -0.981064 -0.111860 -0.010050
v -0.841284 0.006078 -0.020082
v -0.530147 -0.058471 0.012008
v -0.624007 -0.178449 0.014844
v -0.246127 -0.107479 0.016153
v -0.398654 0.313164 -0.001646
v -0.775590 0.349774 0.008571
v -0.566006 0.412955 -0.020028
v -0.291810 0.233270 -0.004355
v -0.670095 0.057880 0.001193
v -0.213738 -0.106288 -0.020320
v -0.640947 0.078917 0.000177
v -0.403962 -0.306292 -0.000336
v -0.940546 -0.101523 0.009846
v -1.047802 -0.115372 0.011785
v -1.031746 -0.024408 0.014545
v -0.099987 0.261271 0.004621
v -0.073549 0.033872 0.011219
v -0.812584 0.142904 -0.002046
v -0.204255 -0.196252 0.006319
v -0.153101 0.199724 -0.006728
v -1.000798 -0.010557 0.013449
v -0.623451 0.075369 0.003139
v -0.049862 0.065256 -0.020207
v -0.494281 0.321180 -0.010128
v -0.473427 0.389955 -0.007282
v -0.982934 0.139878 0.011337
v -0.842360 -0.062765 0.015973
v -0.405656 -0.071531 0.011466
v -0.486232 0.222223 -0.019899
v -0.955334 -0.180645 0.011737
v -1.070440 -0.052245 -0.007247
v -0.655291 0.234731 -0.012230
v -0.666959 0.308586 -0.009615
v -0.313911 -0.026271 -0.006076
v -0.210877 0.352487 -0.002535
v -0.380064 -0.172104 -0.002354
v -0.568002 -0.311015 -0.005023
v -0.878269 0.137038 -0.012363
v -0.912916 0.308599 -0.017100
v -0.311662 0.407740 0.009430
v -0.204782 0.302921 -0.015945
v -0.976745 0.072336 0.010487
v -0.648056 0.217577 0.020376
v -0.448456 -0.189721 -0.010278
v -0.266519 0.233697 -0.020695
v -0.435398 -0.200910 0.015015
v -0.876977 0.373236 0.014134
v -1.013688 0.205481 -0.008371
v -0.390167 0.049775 0.006030
v -0.840476 0.234242 0.018955
v -0.618446 0.383860 -0.007423
v -0.376040 0.212099 0.002712
v -0.399382 0.169360 0.008193
v -0.539507 -0.053577 0.012700
v -0.251474 -0.204212 -0.005388
v -0.737781 0.134955 -0.013758
v -0.052345 -0.110804 0.010163
v -0.463278 -0.116286 0.015921
v -0.378695 0.157379 -0.000103
v -0.700059 0.361728 0.017177
v -0.579682 0.286904 0.011897
v -0.804306 0.395073 -0.019563
v -0.185282 -0.239112 -0.019047
v -0.854698 0.276798 0.001059
v -0.513331 0.093024 0.016682
v -0.092320 0.278399 -0.016279
v -1.089057 0.113371 0.014958
v -0.746292 0.014782 0.004337
v -0.750281 -0.127610 -0.001282
v -0.388613 -0.036173 0.006568
v -0.836096 0.295988 0.009085
v -1.021281 0.100551 0.014783
v -0.464714 0.235593 -0.015548
v -0.305777 -0.020754 -0.017548
v -0.260662 0.199729 0.016251
v -0.343529 0.172663 -0.013246
v -0.719996 -0.152775 0.019906
v -0.744632 -0.213862 0.003241
v -0.193200 -0.194557 -0.015468
v -0.944614 0.210715 0.003333
v -0.456714 0.018973 0.017053
v -0.640420 0.110851 -0.012688
v -0.464035 0.194595 -0.019567
v -0.488566 -0.112344 -0.007454
v -0.893998 -0.077846 -0.006556
v -0.893229 -0.224626 0.003242
v -0.793471 0.107704 0.005095
v -0.730997 0.009015 -0.009269
v -0.488652 -0.350972 -0.006835
v -0.333096 -0.082653 0.012894
v -0.956198 0.074696 0.006856
v -0.708547 -0.163861 0.000801
v -0.243328 0.148070 0.005976
v -0.359365 0.017223 -0.011461
v -0.726836 0.087003 0.002120
v -0.695607 0.426415 -0.008105
v -1.052362 0.212687 -0.017515
v -0.287995 -0.171365 -0.004303
v -0.037422 -0.101431 -0.012815
v -0.411171 -0.117022 -0.020298
v -0.584041 -0.198513 0.004239
v -0.254824 0.367620 0.001052
v -0.447134 -0.190421 -0.011322
v -0.171146 -0.049736 -0.005272
v -0.369023 0.150592 0.005641
v -0.922089 -0.210790 0.010546
v -0.241793 0.382880 0.004606
v -0.367418 -0.122261 0.019280
v -0.265822 -0.022174 0.016840
v -0.038062 -0.019473 -0.001344
v -0.200528 0.357033 -0.020985
v -0.553424 0.363095 -0.007913
v -0.168701 -0.102878 0.019290
v -0.221779 0.147822 -0.014961
v -0.338581 -0.279862 0.012894
v -0.291957 -0.012781 0.012025
v -0.758931 -0.158607 -0.012878
v -0.476176 -0.046248 0.019461
v -0.635214 0.441442 -0.015814
v -0.584716 -0.357282 -0.014622
v -0.972711 0.169936 0.010945
v -0.362067 0.059725 -0.007931
v -0.201486 0.250115 -0.001213
v -0.710427 -0.144176 -0.015756
v -0.566506 -0.232828 -0.018043
v -0.029752 -0.002744 -0.006662
v -0.625677 0.463445 -0.004977
v -0.406823 -0.039165 -0.001406
v -0.993182 -0.150086 0.008040
v -0.417939 -0.301600 -0.011565
v -0.111843 0.303032 0.004339
v -0.819080 -0.097418 0.015513
v -0.806339 -0.280571 0.019456
v -0.937195 0.208522 0.015337
v -0.638283 0.400967 -0.009414
v -0.554114 0.349283 -0.003375
v -0.268591 -0.306703 -0.017510
v -0.152601 0.273795 -0.010805
v -0.972640 0.060191 0.006956
v -0.164030 0.275571 0.008758
v -1.017177 -0.092991 -0.005215
v -1.075290 0.001969 -0.004931
v -0.889266 -0.142396 0.012331
v -0.149970 -0.040685 -0.016066
v -0.520917 -0.201266 0.007250
v -0.256089 -0.105038 -0.004463
v -0.561586 -0.197358 0.012102
v -0.300509 -0.204637 0.000956
v -0.088638 -0.088986 0.005381
v -0.472288 -0.288381 -0.019923
v -0.628015 0.023357 0.018730
v -0.120736 0.284419 0.012680
v -0.616509 -0.333745 -0.010352
v -0.415640 -0.173971 0.019890
v -0.547002 0.330482 -0.018992
v -1.078742 0.158539 -0.009947
v -0.481852 -0.135004 0.011374
v -0.848374 -0.019747 -0.004145
v -0.838234 0.358872 0.014478
v -0.352664 -0.140177 0.004889
v -0.582024 -0.333294 -0.011442
v -0.466941 -0.067669 0.009322
v -0.746930 -0.130512 -0.000118
v -0.417216 0.289219 -0.009883
v -0.636138 -0.189829 0.012848
v -0.171012 -0.172225 0.019291
v -0.631059 0.175832 0.003438
v -0.163231 -0.140494 0.002540
v -0.532839 -0.257858 -0.004285
v -0.632108 -0.126366 -0.017197
v -0.970509 -0.177102 -0.004005
v -0.589047 0.404110 0.001379
v -0.970670 0.293547 -0.016648
v -0.072390 -0.053295 0.016273
v -0.663131 0.355129 -0.017547
v -0.184124 0.049015 -0.019288
v -0.979089 -0.051903 -0.009501
v -1.051753 0.063263 0.020297
v -0.542368 0.249507 0.006212
v -0.536994 0.095738 -0.010765
v -0.123316 0.092773 0.014193
v -0.900859 0.209532 0.002860
v -0.981526 0.252438 0.003398
v -0.911377 -0.233894 0.020124
v -0.559317 -0.303015 0.020240
v -0.456986 -0.153584 -0.005450
v -0.119199 -0.188848 -0.007554
v -0.885475 0.371525 -0.015351
v -0.201981 -0.271476 -0.010630
v -0.741681 0.014103 0.020202
v -0.466410 -0.242302 -0.001019
v -0.741928 0.397734 0.004372
v -0.636996 -0.299521 0.006089
v -1.064677 -0.088917 -0.001458
v -0.663300 0.006422 0.004990
v -0.913184 0.054997 0.019033
v -0.354772 0.326678 0.002478
v -0.246698 0.137595 0.015438
v -0.278151 0.327869 -0.018253
v -0.630688 -0.260979 0.018789
v -0.614712 -0.301339 -0.000386
v -0.701506 -0.341044 0.020421
v -0.469790 0.325682 0.001613
v -0.694143 -0.164919 0.002934
v -0.169388 -0.237132 -0.014942
v -0.989993 -0.035398 -0.007793
v -0.120968 0.063956 0.008909
v -0.669758 0.162910 0.020049
v -0.852189 -0.150501 0.009676
v -0.580008 -0.158238 0.004264
v -0.537097 -0.127591 -0.013388
v -0.778608 -0.188407 -0.015981
v -0.096693 0.266962 0.003108
v -0.225056 -0.032301 -0.003882
v -0.617622 -0.097535 -0.006582
v -0.279909 0.191810 0.008705
v -0.268157 -0.154504 -0.013248
v -0.763203 0.166071 0.020397
v -0.764991 -0.131585 0.010576
v -0.627676 0.041038 0.004459
v -0.417094 0.038479 -0.005328
v -0.285494 0.409417 0.001223
v -0.208990 0.057629 -0.019839
v -0.208356 -0.126955 0.015093
v -0.320406 -0.000088 0.005077
v -0.443185 0.228516 -0.006500
v -0.185310 -0.238839 0.004188
v -1.014183 -0.127772 0.008667
v -0.381415 -0.071393 -0.014748
v -0.509757 -0.016392 -0.019371
v -1.073390 -0.046193 0.018510
v -0.441999 -0.169490 -0.008760
v -0.686190 0.194947 0.000777
v -0.235776 -0.123805 0.004347
v -0.022532 0.043272 0.018388
v -0.183139 -0.084836 -0.004668
v -0.727681 0.096040 0.002287
v -0.725284 0.265851 -0.010943
v -0.451659 -0.116083 -0.004020
v -0.881350 0.362515 0.017687
v -0.354115 -0.321604 0.008721
v -0.458238 -0.061869 0.000833
v -0.711011 -0.153538 0.001148
v -0.907313 -0.089215 -0.004444
v -0.786145 -0.004092 -0.007547
v -0.781765 0.110093 0.018658
v -0.874618 0.173729 -0.017540
v -0.374347 0.070239 0.002573
v -0.784795 -0.097690 0.020676
v -0.487249 -0.315623 0.008354
v -0.660545 0.035240 0.018765
v -0.698067 0.351405 0.016812
v -0.974504 -0.039311 0.010049
v -0.666737 0.030490 -0.008276
v -0.345646 0.431747 -0.018798
v -0.315471 -0.299352 0.010019
v -0.779602 0.023376 -0.005425
v -0.714750 -0.330543 -0.016857
v -0.055910 -0.072688 0.008921
v -0.327450 0.133871 -0.012317
v -0.593637 0.009502 0.017728
v -0.425436 0.385500 0.017821
v -0.280458 0.056130 0.013173
v -0.283201 -0.313510 0.020458
v -0.394807 -0.177019 0.014187
v -0.351117 0.093872 -0.010661
v -0.802995 -0.293875 -0.003241
v -1.011769 -0.117395 0.005300
v -0.405779 0.427982 0.009939
v -0.614713 0.395432 -0.003533
v -0.798376 0.164369 0.016845
v -0.393564 -0.218050 0.004205
v -0.792197 -0.138558 0.008232
v -0.975142 0.157456 -0.011635
v -0.671191 -0.058491 0.016893
v -0.784902 0.062942 -0.007250
v -0.288815 -0.023933 0.007598
v -0.235390 -0.061912 0.001523
v -0.639839 0.359614 -0.016443
v -0.185020 0.309760 0.016129
v -0.160235 -0.046277 -0.000085
v -0.167147 0.350236 -0.001304
v -0.346671 0.177375 0.013990
v -0.357814 0.386116 0.012869
v -0.527651 0.379016 -0.002599
v -0.284835 0.303592 -0.019276
v -0.109675 -0.098993 -0.013063
v -0.473692 0.279534 0.002890
v -0.245282 -0.027893 0.018917
v -0.263023 -0.067199 -0.012573
v -0.762346 -0.156720 -0.014570
v -0.586030 0.152327 -0.013274
v -0.397131 0.370072 -0.002567
v -0.449943 -0.030007 -0.010677
v -0.953835 -0.005934 -0.014979
v -0.422324 0.027676 0.007760
v -0.889332 0.214620 0.004981
v -0.293845 0.405363 -0.005444
v -0.440071 0.156123 -0.011186
v -0.852901 0.263916 0.013176
v -0.527704 -0.094274 -0.011570
v -0.835885 -0.177520 -0.017895
v -0.861556 -0.272589 0.018363
v -0.729465 -0.126198 0.004874
v -1.002113 0.162968 0.007681
v -0.795560 -0.110377 0.020495
v -1.056422 0.162395 -0.014568
v -0.871441 -0.007228 -0.014935
v -0.699595 -0.083064 0.019630
v -0.033494 0.047870 -0.005541
v -0.060657 0.099444 -0.014953
v -0.999046 0.138200 0.001743
v -0.499735 0.313591 0.014286
v -0.871674 0.375281 -0.003312
v -0.959481 0.227771 -0.002356
v -0.803443 0.213325 -0.007308
v -0.926488 0.261979 -0.012352
v -0.500461 0.229597 -0.012827
v -0.236988 -0.193251 0.004993
v -0.220016 -0.132224 0.011087
v -0.919977 0.233792 -0.012032
v -0.435613 0.157405 0.006394
v -0.706070 0.414304 0.011532
v -0.638500 -0.016400 -0.011879
v -0.756349 -0.003059 -0.004860
v -0.782139 0.030428 -0.002395
v -0.667824 -0.194928 0.007014
v -0.619355 0.408865 0.002661
v -0.355574 0.271015 0.011838
v -0.436396 0.305001 -0.001320
v -0.415765 -0.061903 0.018113
v -0.764704 0.421084 0.004718
v -0.597419 -0.341408 0.007400
v -0.512931 -0.069687 -0.020636
v -0.468111 -0.023451 0.014809
v -0.752279 0.417720 -0.012474
v -0.401574 0.207253 0.014308
v -0.891704 0.353813 0.003505
v -0.371023 -0.205198 0.008551
v -0.593300 0.179658 0.002599
v -0.375868 -0.045572 -0.003562
v -0.973594 -0.016575 -0.014352
v -0.906705 -0.042919 0.020299
v -0.742579 -0.321184 0.019997
v -0.658499 -0.087854 -0.002314
v -0.542782 -0.104561 -0.005000
v -0.714914 0.169203 -0.020162
v -0.738560 -0.301501 0.018100
v -0.751952 -0.041062 0.016547
v -0.024178 -0.025822 0.002805
v -0.138591 -0.224864 0.016233
v -0.366593 0.114716 -0.008396
v -0.716886 0.150640 0.020702
v -0.435486 -0.282186 0.019386
v -0.749358 0.369869 0.018848
v -0.179836 0.212583 0.012571
v -0.033432 0.089679 -0.003455
v -0.302913 0.388466 -0.012935
v -0.624950 0.347537 0.017469
v -1.072344 0.076079 -0.018816
v -0.528593 0.281999 -0.002145
v -0.650952 0.084546 0.010500
v -0.527175 -0.233730 -0.017630
v -0.738573 0.001933 0.020086
v -0.885073 -0.203218 -0.020193
v -0.932822 0.322212 -0.005039
v -0.110640 0.127175 0.008268
v -0.802598 0.373214 0.014852
v -0.475334 -0.211874 -0.006631
v -0.113286 -0.075044 0.002200
v -0.833323 0.065209 0.017361
v -0.410250 -0.009742 0.006981
v -0.713941 0.322173 -0.016232
v -0.366027 -0.299973 -0.016504
v -0.249991 0.165672 -0.014532
v -0.395784 -0.301462 0.015275
v -0.486338 0.052950 0.012893
v -0.253835 -0.190355 -0.014438
v -0.910453 -0.229179 -0.001648
v -0.208658 -0.215950 -0.016555
v -0.217516 0.294434 -0.012620
v -0.553874 -0.069612 -0.017148
v -0.517490 0.042173 0.012247
v -0.536947 0.143383 -0.017665
v -0.721298 0.326158 -0.001006
v -0.372273 0.444780 0.004429
v -0.434580 0.257475 0.007399
v -0.459966 -0.027977 -0.013233
v -0.319541 0.056985 -0.012696
v -0.299606 0.292997 0.019854
v -0.692580 -0.284860 -0.017817
v -0.429858 0.269724 0.020663
v -0.320767 0.335348 0.003877
v -0.864459 -0.128074 -0.009013
v -0.997119 0.219874 0.009889
v -0.986898 -0.014841 0.019662
v -0.555007 0.414751 -0.018285
v -0.252095 0.144704 0.009782
v -0.912882 -0.209717 -0.017642
v -0.507848 -0.303957 -0.020496
v -0.555882 -0.074675 0.003702
v -0.263972 -0.076716 0.007605
v -0.611551 -0.047014 -0.009978
v -0.352672 -0.188353 0.010172
v -0.935860 0.086380 0.011063
v -0.763487 0.436863 -0.013008
v -0.647004 0.004779 -0.006178
v -0.914665 0.112347 0.017785
v -0.241007 -0.290343 -0.001528
v -0.252040 -0.117310 -0.015033
v -0.548764 -0.222059 -0.019972
v -0.351848 0.231586 0.020570
v -0.784433 -0.145981 -0.020414
v -0.434991 -0.280187 -0.013743
v -0.746782 -0.049301 -0.017016
v -0.715172 0.152632 -0.006833
v -0.208735 0.085721 -0.008252
v -0.158404 -0.036479 -0.011435
v -1.016224 0.080193 -0.002820
v -0.342054 -0.004556 0.019702
v -0.048281 0.201025 -0.018190
v -0.718737 0.309782 -0.008848
v -0.500238 0.456154 0.012752
v -0.604177 0.073997 -0.008064
v -0.312771 0.329992 0.007730
v -0.723196 0.113257 -0.015564
v -0.643214 0.400400 0.012899
v -0.330312 -0.142478 0.019758
v -0.210797 0.158486 -0.003486
v -0.470840 0.282137 -0.011196
v -0.336893 -0.119258 0.017461
v -0.069388 -0.013988 0.002310
v -0.829935 -0.062703 -0.012836
v -0.332347 0.220723 0.005573
v -0.291161 0.013754 0.003899
v -0.509428 0.428982 -0.000479
v -0.625222 0.061050 0.000460
v -0.156982 0.255573 0.005191
v -0.213835 0.193885 0.004309
v -0.133197 -0.210256 -0.009828
v -1.010725 0.165575 0.012234
v -0.584107 0.206721 0.014606
v -0.295450 0.125582 0.005589
v -0.782944 0.387429 -0.000733
v -0.375548 0.224262 -0.007559
v -0.124108 0.019844 0.001525
v -0.351474 -0.251568 0.019224
v -0.706054 -0.033850 0.009804
v -0.572101 -0.134670 0.012552
v -0.649046 0.415733 -0.003234
v -0.525998 0.010134 -0.010039
v -0.495991 0.102527 0.006369
v -0.538016 -0.067476 -0.001473
v -0.371720 -0.036630 0.005287
v -0.948541 -0.060141 0.010855
v -0.325777 0.187610 -0.009410
v -0.650414 -0.222192 -0.014158
v -0.178264 0.346773 -0.015796
v -0.274391 -0.180605 -0.005509
v -0.736133 0.376945 0.002105
v -0.854926 -0.194524 -0.004387
v -0.782836 0.390397 -0.019550
v -0.634922 0.359143 0.002878
v -0.453439 -0.016455 0.009125
v -0.456038 0.128228 -0.018148
v -0.319440 0.297427 0.018485
v -0.505077 0.413242 0.019837
v -0.735845 0.279454 0.010536
v -0.955618 0.064694 0.001037
v -0.767552 -0.155556 -0.014491
v -0.330676 -0.290004 -0.002163
v -0.156678 0.315635 -0.010048
v -0.520235 0.386480 0.002423
v -0.072256 0.174863 -0.011528
v -0.301691 0.101739 -0.011228
v -0.255282 0.370784 0.000025
v -0.761595 0.377480 0.007151
v -0.072296 0.094352 -0.000326
v -0.772134 -0.256918 0.002101
v -0.141010 0.130462 -0.012229
v -0.590369 0.032355 0.008477
v -0.840810 -0.074978 0.016740
v -0.419730 0.216247 0.001522
v -0.141286 -0.134050 -0.009180
v -0.918808 -0.053926 -0.014286
v -0.421586 0.362359 -0.006952
v -0.680626 0.239668 -0.015995
v -0.570586 0.119543 0.004341
v -0.778451 -0.194639 -0.003961
v -0.505308 0.128639 0.012795
v -0.573213 -0.342302 -0.012594
v -0.979934 -0.105014 0.013983
v -0.787416 -0.301477 0.013350
v -0.632326 0.125088 0.005297
v -1.022273 -0.111058 -0.010402
v -0.855434 0.033707 -0.011910
v -0.416339 0.270199 -0.000017
v -0.637614 -0.300038 -0.001769
v -0.919388 0.281112 0.017674
v -0.971578 0.090309 0.012390
v -0.815277 -0.302698 -0.017738
v -0.542929 0.054313 -0.019690
v -0.494616 0.063750 -0.009482
v -0.183079 0.050017 0.009607
v -0.383567 0.018394 -0.005542
v -0.880083 -0.278234 0.010158
v -0.752947 0.209280 0.006452
v -0.580234 0.125098 -0.015957
v -0.316342 0.270828 0.018154
v -0.026918 0.007889 -0.015946
v -0.900618 -0.260355 0.012296
v -0.162267 -0.227029 -0.013668
v -0.194108 0.282371 -0.001880
v -0.203353 -0.179152 -0.009528
v -0.141372 0.094528 -0.018342
v -0.641292 -0.132071 -0.004303
v -0.626104 0.106372 -0.002836
v -0.774774 0.087574 -0.020443
v -0.193757 -0.154499 0.019296
v -0.219502 -0.198054 0.009193
v -0.466730 0.257619 0.007192
v -0.317833 0.008248 0.007966
v -0.346819 -0.339348 -0.019147
v -1.019524 -0.100397 0.002476
v -0.692606 -0.307552 0.009054
v -0.563820 -0.174567 -0.017287
v -0.884867 0.331750 0.001873
v -0.915282 0.335083 0.009500
v -0.851310 -0.010261 0.005851
v -0.899435 0.226480 -0.005371
v -0.070802 0.011956 -0.014799
v -0.792261 -0.300243 0.007380
v -1.001337 0.275389 -0.017369
v -0.554103 0.205789 0.017838
v -0.775474 -0.173315 0.001647
v -0.769895 -0.308822 -0.006575
v -0.075050 -0.154469 -0.014908
v -0.788231 0.330200 0.010281
v -0.302819 -0.206067 0.020044
v -0.418877 -0.318033 -0.004353
v -0.320179 -0.302930 0.020601
v -0.931394 -0.032628 0.003170
v -0.562093 0.361470 0.018576
v -0.579386 -0.296635 0.012084
v -0.863058 0.066278 0.014132
v -0.922455 0.340481 0.000971
v -0.441329 -0.128207 -0.006252
v -0.949340 0.248951 -0.016530
v -0.785289 -0.168498 0.014043
v -0.361187 -0.061501 -0.020975
v -0.444328 -0.237200 -0.016472
v -0.458945 0.138896 0.018905
v -0.532023 0.317303 0.013660
v -0.715024 0.015979 0.013209
v -0.454066 0.060899 -0.015915
v -0.359571 0.390223 -0.018004
v -0.561572 0.459488 -0.003279
v -0.768330 0.258068 0.008308
v -0.656273 0.298621 -0.012245
v -0.930472 0.190025 -0.000906
v -0.634516 -0.006757 -0.000364
v -0.245129 0.096717 -0.019696
v -0.705794 -0.321157 -0.004882
v -0.717035 0.018088 0.007921
v -0.787227 -0.120613 0.019797
v -0.640753 0.054225 -0.019376
v -1.071849 0.081493 -0.001055
v -0.702476 0.017173 0.009420
v -0.663252 -0.343975 -0.001903
v -0.551609 -0.156344 0.020328
v -0.250964 0.100053 0.011641
v -0.393584 -0.104704 -0.003755
v -0.353343 0.059727 0.015234
v -0.447577 -0.348637 -0.002334
v -0.924284 0.046278 0.008280
v -0.953690 0.311026 0.006455
v -0.148657 0.146853 0.008325
v -1.071614 0.072300 -0.008678
v -0.395559 0.243125 -0.007081
v -0.382985 0.155071 0.014170
v -0.429477 0.328035 -0.020761
v -0.470450 -0.322330 0.017027
v -0.533794 -0.037100 -0.013328
v -0.793731 0.342994 0.014513
v -0.501137 0.327573 0.008433
v -0.401057 -0.020532 -0.015153
v -0.582405 -0.357898 0.002636
v -0.858170 0.146444 0.008355
v -0.154735 0.089167 0.008140
v -0.668744 -0.052635 -0.001106
v -0.624152 0.358380 -0.003265
v -0.291373 0.135723 0.018844
v -0.768095 0.257501 0.017610
v -0.121440 -0.167583 -0.015918
v -0.331835 0.319939 0.006915
v -1.067859 0.189287 -0.005321
v -0.561606 0.158205 0.012180
v -0.410622 0.298133 0.002506
v -0.526498 0.210240 -0.015405
v -0.567468 0.007614 -0.018480
v -0.506225 -0.087011 0.006968
v -0.594459 0.029756 0.015976
v -0.206149 0.355729 0.015145
v -0.474430 -0.123063 -0.001060
v -0.721552 0.067609 -0.004710
v -0.820671 -0.179741 0.012763
v -0.430974 0.168884 0.000414
v -0.457763 -0.033863 0.000562
v -0.137465 0.024931 -0.010623
v -0.539190 -0.334795 -0.005808
v -0.506519 0.262596 -0.018494
v -1.016897 0.212683 0.011787
v -0.106042 0.109532 0.018093
v -0.881344 0.257251 0.015411
v -0.551716 -0.099862 0.004826
v -0.419579 -0.333217 0.006134
v -0.542559 -0.116472 0.004157
v -0.663270 0.409017 -0.002825
v -0.411009 0.070879 -0.017437
v -0.386937 -0.050856 0.005939
v -0.785350 0.242542 -0.001491
v -0.365954 -0.326863 -0.008253
v -0.856852 -0.002827 -0.008058
v -0.177084 -0.045513 -0.004784
v -0.235192 -0.202292 0.008200
v -0.170668 -0.101157 0.006762
v -0.886804 -0.078995 -0.017179
v -0.871160 0.065932 0.000714
v -0.737116 -0.104802 -0.009735
v -0.589359 0.273756 0.000568
v -0.751994 0.418771 0.017103
v -0.847160 -0.049921 -0.008133
v -0.368719 -0.218614 -0.003715
v -0.581255 0.322392 0.006683
v -0.490407 -0.343729 -0.015150
v -0.512728 -0.176342 0.007858
v -0.811192 0.286565 -0.007512
v -0.425314 -0.255867 -0.013717
v -0.631836 -0.338132 0.005821
v -0.415786 0.408946 0.013876
v -0.369345 0.358518 -0.000128
v -0.539501 0.342188 -0.009629
v -0.916751 -0.077917 -0.014854
v -0.767341 -0.080390 0.019594
v -0.339284 -0.334268 -0.020863
v -0.350990 0.426409 0.017968
v -1.075510 0.167243 0.003511
v -0.620185 0.361811 -0.012634
v -0.208609 0.136508 0.020231
v -0.863601 -0.113347 -0.004751
v -0.378820 0.171899 -0.005824
v -0.509326 -0.043002 0.014581
v -0.619669 0.356469 -0.009727
v -0.438229 -0.344990 0.007842
v -0.404798 0.430700 0.002796
v -0.231041 0.065103 0.005223
v -0.611265 0.321346 -0.011319
v -0.855861 -0.164717 -0.009797
v -1.027005 -0.075010 -0.014628
v -0.842068 -0.028261 -0.011765
v -0.378671 -0.308377 -0.012468
v -0.950152 -0.223853 -0.017171
v -0.582608 -0.364750 -0.009671
v -0.719496 0.061204 0.014506
v -0.482380 0.329983 -0.014043
v -0.430691 0.224836 -0.016490
v -0.528464 0.282697 0.003345
v -0.827058 -0.103140 -0.012038
v -0.422799 0.120915 0.008922
v -0.992364 0.177579 -0.004852
v -0.804300 -0.121318 0.001733
v -0.620276 0.440731 -0.000356
v -0.451994 -0.244654 -0.007473
v -0.981536 0.052004 0.014205
v -0.813381 -0.109180 0.008545
v -0.920369 -0.158086 -0.005138
v -0.490694 -0.135706 -0.007803
v -0.776984 0.167634 -0.008791
v -0.498965 0.373107 -0.001272
v -0.024275 0.111715 -0.010749
v -0.669630 -0.217265 0.012604
v -0.797513 0.208637 -0.004999
v -1.017287 0.070296 0.017186
v -0.315031 0.163020 -0.011401
v -0.917303 0.361795 -0.000902
v -0.301121 0.388324 0.006090
v -0.952128 -0.170479 0.014528
v -0.220754 0.016891 0.010950
v -0.105539 0.265312 -0.017120
v -0.591459 -0.038483 -0.017671
v -0.213051 -0.067133 -0.008688
v -0.367098 -0.122110 0.017470
v -0.509777 0.282427 0.000861
v -0.530953 0.176748 -0.018810
v -0.824732 -0.257132 0.019061
v -0.334704 -0.013297 0.002013
v -0.063848 -0.091572 -0.011078
v -0.463739 -0.123571 0.008926
v -0.390238 0.104976 0.013326
v -0.466096 0.183389 -0.001573
v -0.518108 -0.306344 -0.014586
v -0.301803 -0.036079 -0.020633
v -0.253926 -0.239942 0.000556
v -0.162647 0.088724 -0.018612
v -0.469998 0.119251 -0.014452
v -0.205898 0.338018 0.014040
v -0.809912 -0.049352 -0.010677
v -0.467380 0.174103 -0.010575
v -0.854211 -0.231300 -0.018183
v -0.559453 0.057002 -0.001648
v -0.413250 -0.279561 -0.004409
v -0.887743 -0.018764 0.001052
v -0.030895 -0.046210 -0.006135
v -0.917406 -0.169092 0.010472
v -0.545921 -0.253859 -0.003878
v -0.938726 0.044119 0.012803
v -0.436035 0.363418 -0.005565
v -0.678145 0.361512 -0.003679
v -0.789126 0.230451 -0.007789
v -0.527935 0.100456 -0.002707
v -0.686067 -0.073144 0.015338
v -0.430088 -0.301822 0.006261
v -0.637237 0.246699 -0.020312
v -0.497681 0.325405 -0.000555
v -0.916779 0.110118 0.016060
v -0.895266 0.111900 -0.018843
v -0.056930 -0.078318 0.017755
v -0.585685 0.142885 -0.001466
v -0.886354 0.272019 -0.002798
v -0.817148 -0.094791 0.000528
v -1.076045 0.108181 0.015482
v -0.873820 0.082094 -0.012874
v -0.352332 -0.030548 0.020668
v -0.267902 0.331128 -0.009676
v -0.295881 0.080340 0.000886
v -0.204680 0.090306 0.012537
v -0.970260 0.131775 -0.009033
v -0.174601 0.144972 -0.015821
v -0.905615 0.160693 0.011073
v -0.076944 0.133507 0.009604
v -0.680451 0.005884 0.019661
v -0.241450 -0.055590 0.006746
v -0.984534 0.181713 -0.009782
v -0.220313 0.363084 -0.017086
v -0.807493 0.225807 -0.019241
v -0.725278 0.437676 -0.012831
v -0.872257 -0.064471 0.013689
v -0.314308 0.303193 -0.010284
v -0.538683 0.044967 -0.018218
v -0.370949 -0.117751 -0.000728
v -0.205605 0.165950 0.020210
v -0.205942 -0.084241 -0.017641
v -1.054894 0.150011 0.004906
v -0.046967 0.000143 0.019138
v -0.570868 0.363493 0.016345
v -0.425538 -0.172001 0.006928
v -0.993125 -0.007327 0.014085
v -0.934006 -0.135527 0.012860
v -0.501825 -0.154736 0.013227
v -0.812531 0.138445 0.018477
v -0.719472 0.443506 0.020635
v -0.148708 0.152315 0.012670
v -0.573965 0.430829 0.002311
v -0.406029 -0.112899 0.019159
v -0.759935 0.086525 -0.016859
v -0.869784 -0.016326 0.010186
v -0.826697 0.167389 -0.017593
v -0.350547 0.298356 0.017993
v -0.268196 0.145251 0.016351
v -1.006474 0.199226 -0.014530
v -0.644840 0.062324 0.018379
v -0.353334 0.187913 0.015922
v -1.087699 0.071017 0.003714
v -0.969824 0.266940 -0.008968
v -0.721573 -0.059185 -0.014314
v -0.707319 0.278131 -0.017519
v -0.123090 0.234851 -0.020643
v -0.923686 -0.023977 -0.017123
v -0.064304 -0.020607 0.006215
v -0.524905 0.049016 -0.013542
v -0.185372 0.359829 -0.005596
v -0.746701 -0.301109 -0.005995
v -0.649466 0.013087 0.016501
v -0.602372 0.122594 0.003480
v -0.120090 0.025583 0.013500
v -0.469522 0.211863 -0.004584
v -0.369789 0.044360 0.003922
v -0.848516 -0.152082 0.013936
v -0.580098 0.154535 0.004459
v -0.577653 0.386246 0.008398
v -0.197445 0.235748 0.007939
v -0.052532 0.127510 0.006930
v -0.717970 -0.305639 -0.005932
v -0.847580 0.037314 0.008638
v -0.951699 0.269663 -0.011125
v -0.245537 0.027431 -0.007282
v -0.537588 0.211693 -0.014481
v -0.179825 0.204142 -0.016056
v -0.262658 0.226188 -0.014728
v -0.117753 0.214134 0.007884
v -0.959603 -0.120094 -0.002716
v -0.233191 0.284793 0.018588
v -0.949221 -0.053565 0.018372
v -0.455382 0.329744 -0.019579
v -0.416641 0.202995 -0.018226
v -0.051853 0.125989 -0.010408
v -0.399417 0.323051 0.006650
v -0.920362 0.262378 -0.007410
v -0.338950 0.228023 0.019601
v -0.822577 0.160464 0.017451
v -0.970451 -0.092714 -0.020688
v -0.438711 -0.351391 -0.003536
v -1.094939 0.084345 -0.014777
v -0.348754 -0.086832 0.004365
v -0.045060 -0.056625 0.009273
v -0.970011 0.231957 0.005525
v -0.668263 -0.314693 -0.005333
v -0.167896 0.055019 0.013622
v -0.802672 0.048694 -0.007034
v -0.806255 -0.252711 0.000209
v -1.059022 -0.026352 0.020733
v -0.877301 -0.163370 -0.002733
v -0.082236 -0.066516 -0.001892
v -0.628471 -0.254831 0.001629
v -0.545791 -0.038554 -0.007031
v -0.913767 0.232881 0.012257
v -1.058835 0.112751 0.018020
v -0.181866 -0.118395 -0.011300
v -0.718345 0.346154 -0.002131
v -0.687992 0.372364 -0.019374
v -0.482727 0.446098 -0.010326
v -0.588625 0.354554 -0.019297
v -0.197989 -0.033606 -0.004327
v -1.037270 0.225065 0.012700
v -0.623438 0.424859 0.001955
v -0.887502 0.198609 0.019009
v -0.428225 -0.272881 -0.008139
v -0.650566 -0.005976 0.020532
v -0.448090 0.382558 -0.008923
v -0.351043 0.185431 0.020550
v -0.842581 -0.039688 0.001893
v -0.410025 0.380792 -0.017654
v -0.873053 -0.275758 -0.020131
v -0.223802 0.314852 -0.010156
v -0.797602 -0.237675 -0.003546
v -0.343660 -0.055708 -0.014116
v -0.115847 0.283332 -0.008001
v -0.943084 -0.031752 -0.018119
v -0.039039 0.007701 0.014827
v -0.280867 0.054298 0.011704
v -0.402735 -0.342351 0.019536
v -0.270362 0.234412 -0.015900
v -0.501265 -0.318952 -0.001458
v -0.226397 0.288262 -0.009311
v -0.126811 0.236401 -0.006164
v -0.732334 0.168345 0.018688
v -0.631090 -0.346045 0.005054
v -0.077340 -0.020212 0.020669
v -0.381558 0.259288 0.000928
v -0.639883 -0.121874 0.020627
v -0.535022 -0.198703 -0.006712
v -0.917269 0.284167 -0.016650
v -1.044044 0.020500 -0.012081
v -0.388712 0.361903 0.011485
v -0.552025 -0.058623 0.020707
v -0.485108 0.386814 0.017341
v -1.032584 0.063030 -0.004734
v -0.703415 -0.096283 -0.019237
v -0.582095 0.057471 -0.006072
v -0.020079 0.018567 0.006246
v -0.984101 0.244548 0.019723
v -0.446101 -0.043481 0.014407
v -0.891351 -0.126310 -0.016107
v -0.295675 0.272451 0.020838
v -0.598420 -0.192349 0.005248
v -0.057782 0.127791 -0.007683
v -0.739566 0.402242 -0.008675
v -0.468687 -0.026361 -0.008391
v -0.351647 0.015220 -0.010152
v -0.706456 0.162788 -0.006722
v -0.677679 0.110145 0.001300
v -0.277959 0.156033 -0.008408
v -0.010727 0.109222 -0.007234
v -0.671916 -0.330412 0.018119
v -0.955095 -0.183501 -0.005774
v -0.316340 0.171520 -0.006981
v -0.370408 -0.065784 -0.012083
v -0.467634 -0.142052 -0.009386
v -0.328234 -0.211491 0.001735
v -0.235964 -0.242667 0.002055
v -0.954087 -0.113040 -0.008517
v -0.833919 -0.024028 0.016604
v -0.548394 -0.034762 0.017591
v -0.941160 0.213796 -0.009700
v -0.413436 0.085378 0.018857
v -0.702799 -0.022317 -0.000967
v -0.874356 0.098504 0.001763
v -0.587888 0.371542 0.002570
v -0.506907 -0.065687 -0.013928
v -0.797044 -0.204529 0.015401
v -0.598591 0.010066 -0.011826
v -0.608820 -0.116911 0.019206
v -0.292512 -0.176376 0.020565
v -0.152476 0.060087 -0.009521
v -0.415797 -0.305570 -0.013123
v -0.678074 0.019869 -0.012138
v -0.670364 -0.109699 0.001167
v -0.745290 0.271625 0.003812
v -0.300195 -0.069809 -0.010541
v -0.429889 -0.066513 -0.003351
v -0.781329 -0.187875 0.020068
v -0.749352 0.152697 -0.010377
v -0.386396 0.180047 0.005914
v -0.221528 0.285481 -0.015437
v -0.017951 0.154879 0.010285
v -0.603460 -0.294968 -0.015416
v -0.442862 0.453168 0.003132
v -0.819381 -0.240180 0.013859
v -0.370801 0.061860 -0.012334
v -0.261676 0.331589 0.011995
v -0.337053 -0.125802 -0.003733
v -0.794229 -0.241932 -0.002377
v -0.418622 0.369309 -0.012315
v -0.859756 0.362262 0.015041
v -0.751549 -0.200464 0.018864
v -0.805105 0.130762 -0.002802
v -0.285904 0.361714 0.014015
v -0.554193 -0.254094 -0.012439
v -0.323379 0.193929 -0.009095
v -0.336609 0.380314 -0.001124
v -0.538856 -0.056984 -0.001914
v -0.635454 0.237912 -0.012561
v -0.219495 -0.240488 0.019467
v -0.596919 0.338877 -0.002599
v -0.225110 0.326075 0.006099
v -0.958814 0.326690 0.002173
v -0.681434 -0.074298 -0.009758
v -0.741111 0.203787 -0.016849
v -0.294236 -0.180132 -0.007971
v -0.663518 0.109941 0.019200
v -0.142288 0.298212 -0.010412
v -0.530708 0.460752 0.018118
v -0.292757 -0.200475 0.017826
v -0.165818 -0.106925 0.020053
v -0.011620 0.058709 -0.007250
v -0.701548 -0.240362 0.002854
v -0.308123 0.051695 -0.016444
v -0.716659 0.394385 -0.010451
v -0.408371 -0.252832 0.005412
v -0.810185 -0.310531 0.002739
v -0.760942 0.252658 0.005234
v -0.308190 -0.102258 0.015027
v -0.848121 0.336439 0.001364
v -0.910670 0.061860 0.002622
v -0.615319 -0.075360 0.016629
v -0.489996 0.438278 -0.012392
v -1.017750 0.269320 -0.017951
v -0.778371 -0.326485 -0.002466
v -0.239142 0.321730 -0.011824
v -0.321476 0.171596 0.017565
v -1.010764 0.275977 0.006007
v -0.149922 -0.203386 -0.017074
v -0.168474 -0.101768 -0.017073
v -0.550847 0.374875 0.010350
v -0.299941 -0.028013 -0.001007
v -0.588065 0.219176 0.010808
v -0.620746 -0.350585 -0.000439
v -0.059963 0.031780 0.016274
v -0.234339 0.225350 -0.011368
v -0.554713 0.048147 0.008248
v -0.112304 -0.095500 0.002364
v -0.307535 0.359935 0.020190
v -0.954454 -0.099397 -0.012913
v -0.433177 -0.132641 -0.019101
v -0.335274 0.395029 -0.012699
v -0.587983 0.149838 -0.002122
v -0.621714 -0.000557 0.009481
v -0.604035 -0.200944 0.010777
v -0.515005 -0.332799 -0.002863
v -0.740954 -0.304665 -0.014319
v -0.714090 0.170537 -0.019525
v -0.321026 0.393679 -0.003345
v -0.361981 0.134702 -0.017925
v -0.862158 0.190868 0.008387
v -0.316472 0.356748 0.008976
v -0.251364 -0.154055 0.016838
v -1.002364 -0.174383 0.003596
v -0.728446 0.297689 0.013809
v -0.920852 -0.140566 -0.011945
v -0.766601 0.104827 0.014141
v -0.840824 0.129836 0.004464
v -0.110460 -0.117811 0.014096
v -0.450966 0.265437 0.011447
v -0.711910 0.077744 0.003419
v -0.493474 -0.093180 -0.018741
v -0.582769 -0.255763 0.015001
v -0.871184 -0.047224 0.006286
v -0.666188 -0.319045 -0.018781
v -0.330239 0.405427 0.012556
v -0.542595 0.144455 0.015049
v -0.694187 0.019006 0.001638
v -0.205147 0.202559 -0.017071
v -0.578499 0.360409 0.013781
v -0.179440 0.130322 0.014192
v -0.237709 0.337210 0.008349
v -0.371019 0.135996 -0.002421
v -0.936498 0.207168 -0.017633
v -0.526228 -0.234558 0.007616
v -0.230724 0.038889 -0.019610
v -0.459327 0.055025 0.006925
v -0.060836 0.107258 -0.019725
v -0.760593 0.378285 0.012935
v -0.685658 -0.012006 -0.013002
v -0.385029 0.011754 0.011913
v -0.875216 -0.012156 0.012074
v -0.554107 -0.276633 0.009207
v -0.243188 0.032898 0.007231
v -0.441794 -0.236499 -0.008826
v -0.607438 0.211778 0.001923
v -0.281072 0.325112 0.001681
v -0.642017 0.345267 0.011255
v -0.257946 0.359318 -0.008863
v -0.631804 -0.009896 -0.005063
v -0.198990 0.119510 -0.019897
v -0.573611 0.037036 -0.010026
v -0.541092 0.296726 -0.006657
v -0.804603 0.280657 0.001261
v -0.891590 0.226835 -0.011096
v -0.381149 0.225778 -0.011431
v -0.744599 0.357530 -0.005619
v -0.338136 -0.285147 -0.005236
v -0.101160 0.142317 0.005251
v -0.313008 0.112644 -0.003772
v -0.296043 -0.196715 0.004960
v -0.533690 -0.003317 0.005225
v -0.899241 -0.257317 0.017835
v -0.494331 0.147843 -0.009752
v -0.365896 0.092755 -0.004550
v -0.451413 -0.077485 0.002343
v -0.588126 0.044581 0.005274
v -0.577695 0.438224 -0.013547
v -0.181890 -0.044381 0.018098
v -0.886552 0.024625 0.011082
v -0.687120 0.031168 -0.009752
v -0.470760 0.138871 0.008259
v -0.769004 -0.105228 -0.013823
v -0.955468 -0.099091 0.009683
v -0.733174 0.141705 -0.010806
v -0.957826 0.221721 -0.005533
v -0.611971 -0.251590 -0.012017
v -0.727443 0.394863 -0.017549
v -0.200855 -0.221884 -0.008752
v -0.208721 0.020745 -0.006104
v -0.549119 -0.315582 0.015383
v -0.213001 0.120087 -0.011379
v -0.694231 -0.168707 0.007694
v -0.696487 0.445844 0.017280
v -0.391726 0.067794 -0.005155
v -0.796794 0.167631 -0.008795
v -0.991323 -0.123612 0.000219
v -0.129397 -0.131730 0.009693
v -0.827689 0.280494 0.000041
v -0.313125 0.424910 -0.007075
v -0.180273 0.000681 0.013934
v -0.127389 0.181377 -0.019423
v -0.600995 -0.042901 0.014825
v -0.513034 0.451088 -0.012225
v -0.519063 -0.199149 0.013798
v -0.564963 0.285475 0.008773
v -0.754427 0.171530 -0.015061
v -0.414533 0.127341 0.004194
v -1.010776 -0.008479 0.012070
v -0.961771 -0.040023 -0.012658
v -0.913887 -0.134582 -0.012684
v -0.477476 0.311484 -0.007433
v -0.471481 0.439945 0.014902
v -0.639601 -0.354962 0.017561
v -0.848164 -0.142924 0.010853
v -0.710474 0.281652 -0.001608
v -0.900963 0.048849 0.002207
v -0.208930 -0.249135 -0.020552
v -0.351668 0.398958 0.020885
v -0.373361 0.075203 0.011703
v -0.400037 0.147204 0.004082
v -0.308265 -0.045043 -0.005154
v -1.004116 0.111032 -0.009917
v -0.664201 0.456314 -0.015973
v -0.605950 -0.217340 -0.020871
v -0.734182 -0.083848 -0.005548
v -0.497398 -0.098361 -0.018566
v -0.604965 0.153669 -0.015827
v -1.026793 -0.009924 -0.008953
v -0.803477 0.001299 -0.004326
v -1.048411 0.104542 0.003635
v -0.535622 -0.217812 -0.013835
v -0.640258 -0.351681 0.004476
v -0.699011 0.045814 -0.002046
v -0.731437 0.283637 -0.017127
v -0.130479 -0.091563 0.015006
v -0.658099 0.341303 -0.003896
v -0.558985 -0.332481 0.005480
v -0.494041 -0.190224 -0.000320
v -0.837444 0.219169 0.012211
v -0.111213 0.150457 -0.016106
v -0.214727 0.318508 -0.020245
v -0.316840 0.098298 0.020591
v -0.795911 0.025969 -0.004595
v -0.427664 -0.032842 0.015592
v -0.337330 0.078101 -0.001864
v -0.753170 0.377682 -0.016802
v -0.433987 0.225252 0.016695
v -0.856731 0.348873 0.000381
v -0.380973 0.340254 -0.000614
v -0.344082 -0.173943 0.002578
v -0.195476 -0.140479 0.020325
v -0.404948 -0.147376 0.019451
v -0.323574 0.204045 0.002290
v -0.401618 -0.351174 0.011770
v -0.697289 0.220971 0.015239
v -0.147157 -0.137917 0.001202
v -0.761602 0.156205 0.006096
v -0.695753 -0.047517 -0.016696
v -0.864173 0.303679 -0.020242
v -0.378180 -0.218868 0.020714
v -0.672368 -0.002018 -0.008847
v -1.025226 -0.132293 0.009015
v -0.815896 0.111618 0.012908
v -0.898475 0.236138 0.003057
v -0.216205 -0.046152 0.005228
v -0.366992 -0.315873 0.006584
v -0.337055 -0.244553 0.010899
v -0.561309 -0.295189 0.010966
v -0.449718 -0.049753 0.000933
v -0.252047 0.344017 0.003330
v -0.820814 -0.189920 -0.014829
v -0.823628 -0.040952 0.011437
v -0.234666 -0.156086 0.012277
v -0.215999 -0.271103 0.016403
v -0.158486 0.292171 0.012897
v -0.468046 0.415744 0.011603
v -0.923572 0.184514 0.019346
v -0.141595 0.161778 -0.020036
v -0.752360 -0.008846 0.005890
v -0.892678 0.122151 0.016448
v -0.694043 -0.086306 -0.011932
v -1.057885 -0.108254 -0.011419
v -0.795941 -0.098980 0.006827
v -0.178779 -0.135294 0.016738
v -0.992304 0.006881 0.002568
v -0.055332 0.091702 -0.009043
v -0.227157 0.054760 -0.003886
v -0.831550 -0.306270 0.016894
v -0.881432 -0.061925 -0.019743
v -0.386224 -0.300242 -0.003938
v -0.516619 -0.258869 -0.014842
v -0.639292 -0.058828 0.002126
v -0.839621 -0.059061 0.005475
v -0.323045 -0.040427 0.002595
v -0.487804 -0.072785 0.013886
v -0.194286 -0.197836 0.012904
v -0.674368 0.274502 0.017801
v -0.182220 0.314354 0.011643
v -0.720681 0.146370 0.003680
v -0.476529 -0.333080 -0.009580
v -0.140548 -0.180204 0.013966
v -0.305216 0.362682 -0.020959
v -0.744882 -0.211734 0.004216
v -0.263375 -0.094093 0.020935
v -0.145719 0.328388 -0.004738
v -0.503497 0.164303 -0.012880
v -0.930779 -0.196425 0.013580
v -0.022083 0.115111 -0.005242
v -0.134279 0.166520 -0.017636
v -0.651932 -0.032746 0.009985
v -0.219039 0.139778 -0.013558
v -0.717157 -0.085141 0.003463
v -0.880526 0.143903 -0.014967
v -0.582408 -0.145667 -0.009248
v -0.165095 0.081175 -0.002407
v -0.593572 0.215906 0.009001
v -0.745138 0.099429 -0.004065
v -0.256208 -0.210961 0.004045
v -0.779446 0.309392 -0.017133
v -0.224210 -0.206893 0.013692
v -0.082485 -0.138084 0.020243
v -1.036868 -0.112058 -0.018195
v -0.535619 -0.012369 0.018336
v -0.678583 -0.141615 0.019752
v -0.432049 0.318233 -0.017254
v -0.193176 0.350082 -0.005969
v -0.325587 -0.029838 0.017464
v -0.855948 0.216819 0.017941
v -0.792720 0.092342 0.020837
v -0.171260 -0.139623 -0.017699
v -0.374496 0.271450 -0.011807
v -0.990656 0.229797 0.020141
v -0.705342 0.311602 0.001937
v -0.216445 0.012005 -0.013004
v -1.041269 0.178471 0.001898
v -0.698653 0.352722 0.009491
v -0.345414 0.328736 -0.018993
v -0.354014 -0.121656 -0.019194
v -0.401464 -0.201378 -0.009040
v -0.200569 0.142109 0.007646
v -0.378956 -0.180673 0.001436
v -0.079854 -0.125368 0.010118
v -0.944081 0.050646 0.017437
v -0.102733 0.224511 0.005841
v -0.174948 -0.225176 0.003738
v -0.467842 -0.068812 -0.012878
v -1.088676 -0.000455 -0.013792
v -1.001724 -0.052868 -0.000365
v -0.600402 -0.274814 -0.011178
v -0.996919 0.221145 0.015739
v -1.049293 -0.046263 0.014619
v -0.349519 0.361102 -0.007625
v -0.291259 0.086608 0.010511
v -0.469382 0.034097 0.011996
v -0.945981 -0.138220 -0.002995
v -0.781203 -0.329806 -0.001950
v -0.657616 -0.203526 0.018404
v -0.519138 0.316273 0.011755
v -0.253692 0.347626 -0.005666
v -0.145642 0.054368 -0.017457
v -0.423969 -0.100229 0.005425
v -0.653168 0.197916 0.020670
v -0.743359 -0.257479 -0.020377
v -0.828562 0.409427 0.018356
v -0.685463 -0.196434 -0.014686
v -0.151840 0.199811 0.018357
v -0.177191 0.190031 -0.007250
v -0.847844 0.219810 0.003955
v -0.140219 0.129162 0.011448
v -0.591866 0.323538 0.004576
v -0.648173 0.351367 -0.020321
v -0.267068 0.382715 -0.019413
v -0.599284 0.117569 0.004417
v -0.607113 -0.289013 0.001776
v -0.129837 -0.000799 0.008039
v -0.846818 0.039509 -0.015540
v -0.313607 -0.114277 0.009888
v -0.985099 0.024469 0.006185
v -0.627396 0.326072 0.001919
v -1.027847 0.148877 0.017343
v -0.673173 -0.212711 -0.006009
v -0.325603 0.408537 -0.004131
v -0.738094 0.168073 0.011303
v -0.599255 -0.006658 0.004854
v -0.625698 0.416462 0.019468
v -0.148416 0.179245 0.019881
v -0.951029 0.059820 -0.004852
v -0.294518 0.318232 0.017443
v -1.015907 0.037016 -0.014536
v -0.393132 -0.155229 0.003226
v -1.025890 0.063919 0.012202
v -0.994835 -0.019547 -0.020973
v -0.831717 -0.222184 0.012281
v -0.861208 0.307312 0.016087
v -0.814760 -0.284964 0.010734
v -0.911796 0.278108 -0.007061
v -0.653688 0.072124 0.007266
v -0.292711 0.396578 -0.013612
v -0.561253 -0.337690 -0.009730
v -0.386355 0.327027 -0.001651
v -0.712069 0.147167 0.013712
v -0.731291 -0.066575 -0.010642
v -0.116115 -0.053894 0.010053
v -0.270896 -0.256346 0.013873
v -0.457290 0.451137 0.001940
v -0.210982 -0.134346 -0.016670
v -0.782178 0.170654 0.007748
v -0.344746 -0.041375 0.010983
v -0.641557 -0.349431 -0.013528
v -0.227196 -0.038705 0.019682
v -0.297768 0.410258 -0.011691
v -0.659930 -0.181334 0.004533
v -0.618376 -0.073715 0.015139
v -0.383517 -0.000724 0.008846
v -0.609999 0.099265 0.006124
v -1.084035 0.001252 0.018882
v -0.614144 0.031073 -0.007541
v -1.002237 0.076593 0.013644
v -0.510896 0.232642 0.005381
v -0.220453 0.286253 0.000517
v -1.018652 -0.137949 -0.016246
v -0.930072 0.084412 -0.019031
v -1.007478 0.002423 0.003443
v -0.562806 0.130950 0.014220
v -0.474487 0.275681 -0.007340
v -0.851176 0.118897 -0.007234
v -0.183016 0.273714 -0.005623
v -0.174709 -0.199164 -0.001014
v -0.324295 -0.200638 -0.010998
v -1.004017 0.223238 -0.019077
v -0.275464 -0.004108 0.014557
v -0.693873 -0.268449 -0.016418
v -0.083987 -0.064672 -0.019522
v -0.775683 0.275497 0.004860
v -0.368055 0.002893 0.003853
v -0.682929 0.067462 0.009765
v -0.292553 0.263709 -0.009589
v -0.203448 0.331018 0.001125
v -0.348716 -0.144466 -0.014163
v -0.343548 0.233070 0.012982
v -0.418798 -0.205906 -0.018548
v -0.768046 0.379574 0.000270
v -0.453125 -0.221788 -0.002428
v -0.617759 0.213968 -0.000306
v -0.717564 0.257663 0.010114
v -0.746476 -0.220154 -0.006739
v -1.009099 -0.167335 0.012457
v -0.740611 0.373310 0.004773
v -0.463435 0.185527 0.019236
v -0.092312 -0.170308 0.013122
v -0.835248 0.155683 -0.015283
v -0.243651 -0.267716 -0.019199
v -0.443021 -0.192973 -0.011358
v -0.709304 -0.111684 0.019255
v -0.200009 0.338682 0.016090
v -0.321066 -0.282319 0.015476
v -0.512777 0.063211 -0.006723
v -0.307108 0.089981 0.005586
v -0.770583 -0.011298 -0.016784
v -0.716657 0.415980 0.001041
v -0.862530 0.265612 0.020794
v -0.938073 0.067468 0.014714
v -0.291272 0.038147 -0.002142
v -0.787534 -0.161899 0.018877
v -0.682380 -0.077235 -0.020733
v -0.813498 0.274529 0.010027
v -0.384886 0.271730 -0.012216
v -0.164531 -0.028163 0.012826
v -0.361133 0.323950 0.013287
v -0.569513 -0.132671 -0.018358
v -0.485907 0.201219 0.014329
v -0.246618 0.060319 -0.017111
v -0.585505 0.076388 -0.017226
v -0.540706 0.265024 -0.014274
v -0.625804 -0.229920 -0.019983
v -0.357842 0.298332 0.000785
v -0.232821 0.197573 0.012051
v -0.241907 -0.121270 -0.007524
v -0.556609 -0.203063 0.005365
v -0.886811 0.076216 0.015235
v -0.256750 -0.035201 0.004982
v -1.033208 0.024624 0.007131
v -1.049636 0.164566 0.002260
v -0.594139 -0.210960 0.002074
v -0.398179 0.303166 -0.015921
v -0.685746 0.070604 0.007874
v -0.394317 0.403172 0.009589
v -0.152265 -0.102850 0.019598
v -0.040192 -0.058633 -0.007315
v -0.354668 0.331907 0.002809
v -0.905512 -0.188766 0.016025
v -0.097591 -0.049566 0.012575
v -0.781550 -0.218253 0.005895
v -0.514840 0.360508 -0.011069
v -0.327474 0.343887 0.008504
v -0.535613 0.369012 0.016570
v -0.431109 0.349710 -0.008061
v -0.884566 0.194929 0.006073
v -0.591784 -0.343263 -0.011808
v -0.444045 -0.161144 0.018560
v -0.803471 -0.042638 -0.010336
v -0.369609 -0.293106 0.004671
v -0.586507 -0.126227 -0.002233
v -0.318734 -0.297309 -0.002571
v -0.461181 0.211715 -0.018065
v -0.293336 0.121173 0.016845
v -0.941482 0.109932 -0.000097
v -0.257166 0.241020 0.016606
v -0.744479 0.333164 0.002449
v -0.316637 -0.055419 -0.014732
v -0.367885 -0.286815 -0.016861
v -0.457001 -0.204972 0.012205
v -0.284654 -0.185808 -0.013723
v -0.339424 -0.094718 0.002277
v -0.968020 -0.202724 0.016163
v -0.938527 0.015122 0.002895
v -0.697470 0.206415 0.010079
v -0.643709 -0.196037 0.000602
v -0.374736 0.357457 -0.004437
v -0.082947 0.193500 0.010525
v -0.067883 0.044322 -0.012516
v -0.603153 0.277252 0.017747
v -0.853259 -0.250132 0.014918
v -0.712740 -0.012196 -0.018211
v -0.436743 -0.095856 -0.012178
v -0.621974 -0.344312 0.015439
v -0.339728 0.073203 0.003242
v -0.464221 -0.302761 0.003649
v -0.599351 0.103091 -0.008283
v -0.990449 0.096858 0.009867
v -0.398790 0.357633 -0.012754
v -0.195607 0.058356 -0.001256
v -0.445704 0.363604 -0.017097
v -0.344810 0.017463 -0.018967
v -0.425067 0.182942 -0.012296
v -0.213995 0.285187 0.008417
v -0.914075 0.120742 0.006728
v -0.145867 0.157840 0.010333
v -0.393624 0.124981 -0.004087
v -0.389419 0.179768 -0.015920
v -0.615071 -0.226210 0.009366
v -0.828681 -0.293475 0.010918
v -0.327037 -0.027002 0.005165
v -0.563474 -0.030156 0.003019
v -0.840257 0.151847 0.001518
v -0.748200 -0.189614 0.015829
v -0.368009 -0.293055 -0.016648
v -0.523681 -0.172146 -0.016781
v -0.654981 0.414555 0.007688
v -0.695514 -0.061607 -0.006839
v -0.102191 0.068802 0.020243
v -0.377089 0.232047 -0.015590
v -0.323384 -0.222720 0.008426
v -0.912178 0.356930 0.009306
v -0.474544 -0.041243 0.010169
v -0.827032 -0.261948 -0.011986
v -0.761683 -0.231140 -0.015615
v -0.682290 -0.228186 -0.020282
v -0.106425 0.287009 -0.016017
v -0.607042 0.319948 -0.005921
v -0.704250 0.275410 -0.008108
v -0.325068 -0.038856 -0.019864
v -0.066291 -0.092201 0.011698
v -0.009819 0.117050 0.018068
v -0.842341 0.168273 -0.014198
v -0.503455 0.343308 -0.018467
v -0.660831 -0.010736 0.009191
v -0.198032 -0.011865 0.015203
v -0.289856 0.078121 -0.015688
v -0.636921 0.382071 0.016847
v -0.704123 0.229442 0.015290
v -0.336405 -0.256810 0.005966
v -0.468401 0.398453 -0.009011
v -0.549631 0.198311 0.004878
v -0.256678 -0.096169 -0.000152
v -0.172442 -0.122456 -0.005520
v -0.311034 -0.095178 -0.018275
v -0.973660 0.171524 0.020918
v -0.798714 0.247301 -0.013756
v -0.540662 0.340767 -0.016530
v -0.407076 -0.129950 -0.002764
v -0.235227 0.250282 0.011305
v -0.434605 -0.237988 -0.019373
v -0.032252 0.116818 0.012286
v -0.714376 0.005837 -0.004257
v -0.536080 -0.075537 -0.014201
v -0.953678 0.018357 0.000708
v -0.378121 -0.267797 -0.002194
v -0.492650 0.108814 0.009231
v -0.094475 -0.006886 -0.001535
v -0.511940 0.131508 -0.001976
v -0.541787 0.335391 -0.011374
v -0.444522 0.094089 0.015550
v -0.807564 0.284370 -0.009427
v -0.702809 0.407329 -0.013651
v -0.574648 -0.013393 0.002736
v -0.383188 0.328503 0.001181
v -0.770590 0.266228 -0.002962
v -0.552239 0.122342 -0.015939
v -0.304815 0.056434 0.007184
v -0.379041 -0.085281 -0.004092
v -0.317728 -0.311568 -0.002542
v -0.559647 0.327698 -0.004468
v -0.481416 -0.055740 0.003576
v -1.045299 -0.008970 0.008378
v -0.647304 0.061767 0.020153
v -0.844174 0.206862 -0.007955
v -0.754176 0.332215 0.010714
v -0.515414 -0.040688 0.003718
v -0.647101 -0.078189 -0.010403
v -0.108226 0.091860 0.003594
v -1.063511 -0.060934 -0.018146
v -0.654694 -0.306642 0.015033
v -0.744065 -0.109962 -0.020873
v -0.547551 0.469467 -0.018237
v -0.525701 -0.034362 0.004643
v -1.044304 0.045645 -0.008500
v -0.309455 -0.283479 0.018029
v -0.888338 0.250410 0.020567
v -0.834610 -0.208990 -0.012656
v -0.933900 -0.136865 0.013174
v -0.852994 0.261279 -0.008710
v -0.838028 0.187870 -0.016818
v -0.488083 0.269842 -0.018938
v -0.831495 0.077304 -0.011201
v -0.406836 0.261908 -0.013313
v -0.594238 -0.361637 0.007129
v -0.897111 -0.130435 0.017303
v -0.182800 0.042370 -0.020384
v -0.675800 -0.339210 -0.014064
v -1.045816 0.225885 0.006734
v -0.179161 0.097239 0.000654
v -0.378255 -0.229558 -0.013796
v -0.440748 0.102230 -0.014349
v -0.596192 -0.009952 0.012736
v -0.667814 -0.043154 0.018097
v -0.057652 -0.108473 0.012566
v -0.507782 0.395947 0.010539
v -0.932233 -0.090868 0.016168
v -0.480885 -0.226304 -0.014843
v -0.135621 0.318398 0.019426
v -0.598132 -0.255719 0.005290
v -0.033290 -0.039287 0.000345
v -0.347518 -0.305357 0.019761
v -0.082128 -0.123432 -0.008227
v -0.240745 0.329125 -0.002046
v -0.310513 -0.121353 0.000552
v -0.177205 -0.090346 -0.002505
v -0.913524 0.038048 -0.020516
v -0.318314 0.384532 -0.010101
v -0.187489 0.133874 -0.001122
v -0.130130 0.264082 0.014369
v -0.667151 0.133746 0.004019
v -0.178453 0.233842 -0.017471
v -0.265874 0.381806 0.007322
v -0.962423 -0.151063 0.004196
v -1.013592 0.234675 -0.014682
v -0.601298 -0.210063 0.018617
v -0.793217 -0.289234 0.006913
v -0.441367 0.076969 -0.006105
v -0.613791 -0.157974 0.012200
v -0.460732 -0.214693 -0.006106
v -0.048171 0.158783 0.005978
v -0.420247 0.250750 0.016538
v -0.699032 -0.242425 -0.007001
v -0.679114 0.145682 0.018102
v -0.995093 -0.139741 0.006663
v -0.698111 -0.088795 0.005880
v -0.153460 -0.217752 0.008484
v -0.638524 0.370941 -0.004883
v -0.547608 0.266132 0.004696
v -0.184583 0.095313 -0.007879
v -0.495564 0.067914 0.002555
v -0.383836 0.144910 0.020212
v -0.845244 0.338515 0.013672
v -0.887404 0.221268 -0.015748
v -0.966596 0.044937 0.012152
v -0.479621 0.352356 0.001374
v -0.980970 0.046260 0.015974
v -0.368326 0.212352 -0.000860
v -0.073601 0.028477 -0.002303
v -0.868673 -0.075442 0.005176
v -0.272394 0.139233 -0.011993
v -0.347787 -0.232159 0.010781
v -0.601929 -0.198061 0.010731
v -0.952231 -0.172251 0.020940
v -0.225089 -0.204005 -0.016466
v -0.443482 0.396902 0.016567
v -0.846873 0.398793 -0.019161
v -0.561629 0.363132 -0.017035
v -0.798135 0.382442 -0.020079
v -0.285073 0.394914 -0.009307
v -0.617244 0.201256 -0.015768
v -0.296140 0.185993 -0.019674
v -0.446762 0.261640 -0.019813
v -0.868102 -0.059165 -0.018346
v -0.536523 -0.242086 0.017285
v -0.557526 -0.319078 -0.015675
v -0.572026 0.357673 0.010626
v -0.827474 -0.177027 0.019170
v -0.615800 -0.337673 -0.001608
v -0.712440 0.008700 -0.017656
v -0.601708 0.349390 0.020802
v -0.433030 -0.324367 0.005147
v -0.169656 -0.111779 0.018782
v -0.963989 -0.043821 0.001613
v -0.457417 -0.147284 0.019961
v -0.893165 0.251096 -0.002505
v -0.242475 -0.059948 -0.007881
v -0.421002 -0.028896 -0.006708
v -0.571691 0.284599 0.006716
v -0.219131 0.260754 0.009340
v -0.607044 -0.041855 0.007873
v -0.877379 0.085169 0.008274
v -0.887111 0.287248 -0.006247
v -0.410632 0.100394 0.007676
v -0.085605 0.195243 0.001588
v -0.484076 -0.324045 -0.012300
v -0.688754 0.297460 0.008793
v -0.272336 0.264077 -0.010084
v -0.640358 0.121303 -0.000609
v -0.146122 0.148396 0.006356
v -0.614023 0.196902 0.001275
v -0.753615 -0.035944 -0.008681
v -0.790161 0.230344 0.015338
v -0.445251 -0.302472 0.002384
v -0.905941 0.167809 -0.018900
v -0.481380 -0.158552 -0.020397
v -0.472815 -0.176585 -0.003209
v -0.864470 0.325205 -0.006723
v -0.225649 -0.148527 0.011866
v -0.661654 0.271336 -0.011729
v -0.453684 -0.319647 -0.019787
v -0.203450 0.334865 -0.005480
v -0.394232 -0.324643 0.011898
v -0.406109 -0.092973 -0.003413
v -0.589107 -0.043100 -0.004347
v -0.766031 0.332982 -0.011386
v -0.117400 0.165892 0.007361
v -0.422982 0.203403 -0.013654
v -0.697708 0.446484 0.012524
v -1.014659 0.221948 0.008146
v -0.893731 0.093353 0.011080
v -0.810142 -0.121342 -0.016646
v -0.344614 0.367007 -0.016804
v -0.927458 0.347407 0.000141
v -0.163188 -0.032715 0.000717
v -0.652825 0.116430 0.010941
v -0.483170 0.043367 -0.001067
v -0.894335 0.023025 0.008861
v -0.353611 0.042112 0.015734
v -0.352311 0.336812 0.018554
v -1.007712 0.178103 -0.020428
v -0.432288 -0.215734 0.020757
v -0.786818 0.167093 -0.014107
v -0.492373 -0.057212 0.009679
v -0.438735 0.002956 0.001208
v -0.486355 0.412840 -0.000894
v -0.505392 0.294590 0.003727
v -0.909616 0.289453 -0.018980
v -1.061658 -0.088198 0.005693
v -0.741758 0.208919 0.000590
v -0.620858 0.187262 0.002415
v -0.547110 -0.248003 0.015903
v -0.858766 0.327728 0.018901
v -0.117550 0.150797 -0.002972
v -0.663922 0.289262 0.006393
v -0.660837 0.186116 -0.012734
v -0.416137 -0.045928 0.018668
v -0.286959 0.342253 -0.002207
v -0.496621 -0.276780 0.009932
v -0.100408 0.000368 0.005073
v -0.485814 -0.062107 -0.002588
v -0.479107 -0.313134 -0.010798
v -0.668829 0.373928 0.010175
v -0.646157 0.054951 0.015440
v -0.868728 -0.037780 -0.013872
v -0.209978 0.177762 0.008997
v -0.626176 -0.035659 0.014565
v -0.818052 -0.112393 -0.010629
v -0.245319 0.112399 0.005684
v -0.130134 0.117870 0.012299
v -0.490217 0.403243 0.000128
v -0.283311 0.311957 -0.011364
v -0.252426 -0.272162 -0.020504
v -0.229651 -0.254021 0.012089
v -0.574018 -0.250761 0.009037
v -0.851198 0.225331 -0.008963
v -0.132442 -0.166690 -0.006496
v -0.419883 0.236952 0.017505
v -0.279584 -0.009275 -0.003045
v -0.434302 -0.121129 0.001473
v -0.641148 0.132402 0.004316
v -0.456217 0.395193 0.002204
v -0.096560 0.083982 0.010737
v -0.409715 -0.276538 -0.010881
v -0.723893 -0.041170 -0.001827
v -0.997136 0.044981 0.015714
v -0.595356 -0.324979 0.002852
v -0.925944 0.194950 0.000609
v -0.258899 0.377113 0.008005
v -0.041539 0.206336 -0.007791
v -0.726405 -0.022713 -0.000868
v -0.605941 0.328302 -0.015224
v -0.625083 0.106024 -0.017239
v -0.606233 -0.271996 0.010403
v -0.753104 0.193211 -0.009752
v -0.135945 -0.166165 0.006245
v -0.735524 -0.042925 -0.011110
v -0.710800 -0.005920 0.019983
v -0.105233 0.018606 -0.000001
v -0.936778 0.288468 0.018635
v -1.048383 -0.119202 0.000717
v -0.671694 0.041402 0.003279
v -0.349834 -0.028947 -0.015913
v -0.522865 0.003101 -0.011339
v -0.496225 0.015576 0.008050
v -0.823191 0.231744 -0.016186
v -0.218988 -0.110324 0.005518
v -0.744605 -0.226344 0.012686
v -0.889340 0.081337 -0.020529
v -0.291350 0.164496 -0.005348
v -0.464233 -0.165982 0.017525
v -0.512102 0.360994 0.017999
v -0.809137 -0.221920 -0.017428
v -0.669447 0.044069 -0.000731
v -0.969330 0.223065 0.014961
v -0.703021 -0.094019 -0.008008
v -0.268244 -0.189903 0.013946
v -0.524393 -0.025951 -0.012661
v -0.539661 -0.004029 0.014083
v -0.743666 0.151490 -0.005458
v -0.336047 -0.323808 0.019005
v -0.859204 -0.096386 -0.017870
v -0.096895 0.092707 -0.002692
v -0.107052 -0.009157 -0.003273
v -0.497400 0.076214 0.006187
v -0.290007 -0.065505 -0.017365
v -0.124709 0.256953 0.020711
v -0.503924 0.270320 0.012926
v -0.718482 0.015537 0.004793
v -0.176304 -0.101336 0.011442
v -0.940363 0.107965 -0.020368
v -0.480924 -0.312379 -0.002944
v -0.834726 -0.017990 -0.015085
v -0.954735 -0.017651 0.005117
v -0.318831 0.325501 0.011966
v -0.947924 -0.003928 0.002437
v -0.984904 0.007962 -0.016031
v -0.996659 -0.013154 0.005915
v -0.520769 -0.060981 -0.019713
v -0.432595 -0.209989 -0.005753
v -0.319126 -0.213345 0.016665
v -0.130423 0.097396 -0.015687
v -0.362240 -0.003390 0.016010
v -0.521068 -0.200504 0.014669
v -0.834035 -0.184078 0.013904
v -0.524206 0.096945 0.020067
v -0.589711 0.039448 0.018632
v -0.283215 -0.103318 -0.015154
v -0.215003 0.176001 -0.006904
v -0.761717 0.427804 -0.001656
v -0.995324 0.144369 0.007180
v -0.356076 0.224428 0.004289
v -0.513703 -0.077542 0.007265
v -0.342571 -0.218665 -0.009226
v -0.878567 -0.153750 0.018479
v -0.762804 0.119424 -0.015082
v -0.252171 -0.035083 0.003681
v -1.020413 0.168521 0.016029
v -0.308052 -0.061768 0.009719
v -0.570547 0.201721 0.013579
v -0.720011 0.236935 -0.000584
v -0.391867 -0.154163 0.011739
v -0.195718 0.325410 -0.015055
v -0.363430 -0.160880 0.013881
v -0.568244 -0.004699 0.009841
v -0.229641 0.152901 0.017864
v -0.267079 -0.110151 0.018927
v -0.794606 0.098763 -0.015287
v -0.332958 -0.185454 -0.013540
v -0.335955 0.318450 -0.007220
v -0.638085 -0.316604 -0.020788
v -0.213693 0.210635 0.018703
v -0.454146 -0.113959 0.007932
v -0.605384 -0.151526 -0.015278
v -0.850463 0.176730 0.018226
v -0.114228 -0.121678 -0.005328
v -0.682597 0.061842 -0.006240
v -0.974578 -0.084198 0.018849
v -0.200135 0.223025 0.019938
v -0.938442 -0.196709 0.016208
v -0.165547 0.290419 -0.017381
v -0.488723 0.159891 0.015965
v -0.560103 -0.150140 0.013311
v -0.515403 -0.043239 0.002919
v -0.518973 0.122315 -0.018023
v -0.828979 0.149941 -0.020382
v -0.281601 -0.006789 0.008428
v -0.388586 0.040669 0.000176
v -0.459549 -0.257126 -0.007256
v -0.682283 0.414429 -0.015084
v -0.893054 -0.068258 0.003910
v -1.008593 -0.123157 -0.003691
v -0.361029 0.206611 0.019175
v -0.514528 -0.218688 0.009774
v -0.076112 -0.044525 0.000616
v -0.310898 0.274275 0.012800
v -0.490931 -0.061998 0.016871
v -0.572561 -0.060357 -0.010172
v -0.236967 0.120107 0.002582
v -0.748768 -0.076817 -0.013307
v -0.843687 0.095311 0.019774
v -0.451432 -0.300456 -0.002610
v -1.060461 -0.009276 -0.010838
v -0.402186 -0.068165 0.001257
v -0.788322 0.172628 0.001918
v -0.200368 0.116620 -0.012862
v -1.072518 -0.073999 0.020851
v -0.139002 -0.206351 0.000142
v -1.067456 -0.070647 -0.007647
v -0.476777 0.449202 0.012507
v -0.895631 -0.233274 -0.003953
v -0.472435 0.119705 -0.006972
v -0.895347 0.143980 -0.009379
v -0.236183 0.128066 0.005035
v -0.749196 0.252757 -0.004323
v -0.485805 0.222737 0.013635
v -0.885866 -0.122113 -0.007001
v -0.532315 -0.086811 -0.000278
v -0.695732 -0.291316 0.006975
v -0.969482 -0.183007 -0.016811
v -0.399289 0.116448 0.011714
v -0.392043 0.003469 0.020424
v -0.237018 0.078816 -0.008613
v -0.125192 -0.072744 -0.018733
v -0.616057 -0.114694 -0.020001
v -0.618781 -0.200353 -0.011180
v -0.331257 -0.319502 0.008343
v -0.349409 0.138213 -0.020973
v -0.374435 0.126687 -0.002615
v -0.741076 0.394603 0.002767
v -0.456970 -0.023842 -0.014368
v -0.980903 0.237193 0.017597
v -0.388844 0.116592 -0.011987
v -0.594862 -0.126420 0.015897
v -0.114740 -0.020768 0.007829
v -0.576475 0.383735 0.004941
v -0.263547 0.094571 0.019146
v -1.030488 0.067736 0.008576
v -0.340412 -0.187024 0.002131
v -0.130247 -0.098992 0.003775
v -0.611418 0.102425 -0.011315
v -0.549117 -0.057704 -0.020592
v -0.970353 0.306603 0.005126
v -0.075140 -0.019564 -0.020487
v -0.703988 -0.247160 -0.020874
v -0.858181 0.381698 0.015888
v -0.902484 0.179966 0.008347
v -0.540958 -0.056368 0.001796
v -0.916603 -0.236576 0.019127
v -0.231375 0.035437 0.004846
v -0.130728 -0.208470 -0.005915
v -0.533013 -0.156902 -0.005300
v -0.742095 -0.015770 -0.005823
v -0.429026 0.093941 0.019478
v -0.928895 -0.084810 0.006053
v -0.838286 0.214678 0.017388
v -0.490020 -0.040954 0.001963
v -0.627939 -0.234058 -0.019148
v -0.640859 -0.144449 -0.000883
v -0.598519 0.394409 0.009100
v -0.119107 -0.042429 0.002952
v -0.651648 0.360600 0.019454
v -0.734451 0.190909 -0.020883
v -0.887125 0.064936 0.014619
v -0.376502 0.250803 -0.011845
v -0.886020 -0.233364 -0.017939
v -0.470940 0.301587 -0.010286
v -0.360329 -0.056848 -0.016558
v -0.779352 0.008256 -0.018432
v -0.342910 0.426890 0.008503
v -0.261432 0.351114 -0.008076
v -0.460248 -0.037209 0.009964
v -0.442433 0.066714 0.016591
v -0.948875 0.213105 -0.006041
v -0.069464 0.062960 0.001723
v -0.213643 -0.105135 -0.010795
v -0.246732 0.375009 -0.017288
v -0.751387 0.173076 -0.015285
v -0.287889 -0.048028 0.007490
v -0.040017 -0.056046 -0.001825
v -0.535389 -0.369015 0.002372
v -0.182933 0.018201 0.015003
v -0.445608 -0.045499 0.003924
v -0.847793 -0.101631 -0.013966
v -0.035695 0.167929 -0.010909
v -0.795931 -0.296943 0.012488
v -0.395048 -0.054658 -0.005458
v -0.702058 0.034841 -0.001598
v -0.634099 0.065048 0.004025
v -0.183147 0.051932 -0.017185
v -0.673606 0.190305 0.008975
v -0.772164 -0.005986 -0.002879
v -0.383120 0.015082 0.012401
v -0.584784 -0.121593 -0.006192
v -0.137749 -0.148716 0.000935
v -0.155417 -0.141592 0.007829
v -0.881938 -0.060720 0.011458
v -0.802853 0.046199 -0.005400
v -0.699306 0.012765 0.003719
v -0.733468 0.385567 0.007991
v -1.003535 0.115064 -0.017044
v -0.658859 0.019473 -0.018886
v -0.229818 0.038339 -0.011074
v -1.032585 -0.032320 0.004363
v -0.463590 0.353682 -0.005232
v -0.183020 -0.055683 0.003439
v -0.152530 -0.172818 -0.009403
v -0.252239 -0.006186 -0.018756
v -0.225259 0.220758 -0.013939
v -0.544438 -0.119261 -0.018733
v -0.959208 -0.054144 0.001539
v -0.905552 -0.222442 -0.011397
v -0.663334 -0.091201 -0.010418
v -0.615828 0.338840 -0.009292
v -0.502096 0.197953 0.010471
v -0.729946 0.028324 -0.003299
v -0.234036 -0.022594 0.004303
v -0.531599 0.090040 -0.015686
v -0.593773 0.015592 -0.019483
v 0.582412 0.141281 0.018358
v 0.464148 -0.135302 -0.015490
v 0.469952 -0.240027 0.014720
v 0.908912 0.331734 -0.010765
v 0.527541 -0.033749 0.011628
v 0.664652 0.143992 -0.006910
v 0.814895 0.111584 -0.012724
v 0.343529 -0.297346 -0.006534
v 0.620600 -0.144443 0.013783
v 0.233851 0.116996 0.016930
v 0.882067 0.224563 -0.015455
v 0.625105 0.077446 -0.014200
v 0.260790 -0.106704 0.016105
v 0.363962 -0.282804 -0.001274
v 0.240835 0.277010 0.015145
v 0.807279 0.355838 0.001297
v 0.906661 0.303618 -0.009926
v 0.809208 -0.252797 0.013489
v 0.862423 0.156607 -0.014188
v 0.101226 -0.104707 -0.012473
v 0.832187 0.248607 0.000046
v 0.274859 0.282683 -0.005520
v 0.823639 -0.273674 0.017111
v 0.087311 0.139526 0.016419
v 0.208255 0.285479 0.018054
v 0.889903 0.201558 -0.004464
v 0.354519 0.226636 -0.008949
v 0.572766 -0.161266 0.006553
v 0.213280 0.149987 0.020147
v 0.379798 -0.249615 -0.013080
v 0.606166 0.317749 -0.020641
v 0.346787 -0.155935 -0.001948
v 0.705294 0.175453 -0.015343
v 0.689078 -0.047172 -0.008588
v 0.704459 0.205782 -0.003741
v 0.875307 0.340656 -0.006572
v 0.291115 -0.239120 -0.009805
v 0.813407 0.331686 0.014706
v 0.197696 -0.259962 0.001420
v 0.004302 0.068360 0.018916
v 0.200481 -0.193477 0.018073
v 0.711788 0.214590 -0.007932
v 0.618728 -0.060341 0.004233
v 0.434102 -0.146668 -0.012557
v 0.407465 0.224318 -0.015373
v 1.084396 -0.039352 0.018784
v 0.784485 0.020610 -0.005643
v 0.925041 0.158432 -0.011554
v 0.533316 0.238480 0.013240
v 0.647661 -0.142173 -0.017695
v 0.806372 -0.283645 0.001218
v 0.271068 0.193454 0.009188
v 0.293089 0.259458 0.009566
v 0.906933 -0.108577 -0.009720
v 0.369880 0.297152 0.003647
v 0.937932 -0.180042 -0.009733
v 0.622243 -0.344942 0.005701
v 0.862077 -0.032448 -0.010923
v 0.290042 0.259491 0.015004
v 0.134696 0.302357 0.003975
v 0.010557 0.042779 -0.018330
v 0.624863 0.264911 -0.017679
v 0.365010 0.262841 0.001490
v 0.898964 -0.123233 0.017862
v 1.035775 -0.105442 -0.008133
v 0.824082 0.178328 0.010938
v 0.292478 -0.085358 0.018478
v 0.241910 -0.071213 0.014458
v 0.761347 0.402847 -0.010940
v 0.028675 0.170557 -0.015258
v 0.235521 0.312449 0.020467
v 0.516409 0.309272 0.018191
v 0.427078 0.458880 0.019054
v 0.304472 -0.210344 -0.010592
v 0.976163 -0.195109 0.013296
v 0.452505 0.274342 -0.008024
v 0.524361 -0.047295 0.002796
v 0.640421 0.412100 -0.011508
v 0.990244 -0.033957 -0.020241
v 0.104829 -0.024101 -0.015877
v 1.013791 -0.089848 0.017630
v 0.669632 0.163428 -0.005529
v 0.390689 0.011330 0.018166
v 0.508098 0.212998 -0.005765
v 0.835365 0.007665 0.016643
v 0.072309 0.213477 0.012495
v 0.519026 0.435159 0.006320
v 0.497484 -0.033465 -0.000117
v 0.411252 -0.082790 0.006220
v 0.585191 -0.011183 0.001220
v 0.698622 -0.326197 0.013455
v 0.612913 0.325932 -0.001975
v 0.242265 -0.074056 -0.007396
v 0.692243 0.316011 -0.016318
v 0.924677 -0.128996 -0.019041
v 0.588106 -0.300257 0.013242
v 0.756846 -0.323538 -0.018359
v 0.849481 -0.061909 0.006261
v 0.485982 -0.025228 -0.019937
v 0.844006 0.367255 -0.013516
v 0.762105 0.218245 -0.007569
v 0.270782 -0.298280 -0.015964
v 0.847647 0.088155 0.019642
v 0.481474 -0.087959 0.017576
v 0.582801 -0.254472 0.005357
v 1.018590 0.267258 0.017154
v 0.627899 0.227226 0.005142
v 0.421897 0.182766 0.011574
v 0.759352 0.368746 0.004239
v 0.732121 0.379802 0.014950
v 0.618571 -0.190695 0.009204
v 0.869164 -0.002296 0.016517
v 0.412945 -0.113267 -0.011145
v 0.764437 0.343377 0.011376
v 0.119558 0.173748 -0.013016
v 0.125338 0.004445 -0.020940
v 0.302195 0.268514 0.008127
v 0.945149 -0.185883 0.011838
v 0.590144 0.247583 -0.003073
v 0.008323 0.031077 -0.001279
v 0.652071 0.100598 0.019997
v 0.778427 0.101346 0.004500
v 0.595105 -0.091850 0.000238
v 0.826582 0.375508 -0.004992
v 0.863796 0.221058 -0.014449
v 0.907665 0.247853 0.018990
v 0.807348 0.025781 0.019435
v 0.358291 -0.250124 -0.013319
v 0.981021 0.257840 0.006981
v 0.747792 -0.182110 0.008713
v 0.511148 0.438253 0.011733
v 0.239644 0.082248 0.010658
v 0.721275 0.191088 0.019734
v 0.644978 0.391476 -0.014584
v 1.053912 -0.068953 0.000351
v 0.233505 -0.223240 -0.008734
v 0.873517 0.045557 0.020596
v 0.809874 -0.195913 0.009129
v 0.318236 -0.249280 0.015130
v 0.783411 0.420518 -0.003989
v 0.193143 0.315655 0.004953
v 0.802439 0.041586 0.006556
v 0.769219 -0.071276 0.016678
v 0.645468 -0.231325 0.012547
v 0.954385 0.187494 0.001326
v 0.488595 0.394095 -0.000345
v 0.761733 0.174673 -0.000606
v 0.347066 0.406538 0.018891
v 0.611721 -0.286160 -0.007394
v 0.995200 0.079019 -0.011770
v 0.288122 0.225488 -0.018592
v 0.646513 -0.284204 -0.011372
v 0.728509 -0.204849 -0.005654
v 0.983436 0.188949 0.012212
v 0.848017 0.116168 0.002884
v 0.712214 -0.337175 0.006707
v 0.306489 0.252340 0.009256
v 0.922208 0.188184 0.017569
v 0.352918 0.279991 -0.020290
v 0.701845 -0.001616 0.009278
v 0.338515 -0.055975 -0.007516
v 0.235345 -0.023296 -0.013236
v 0.537493 0.051380 -0.015242
v 0.541752 0.326809 -0.014352
v 0.982127 0.081003 0.006385
v 0.936563 0.253593 -0.017228
v 0.361491 0.431097 0.003006
v 0.554300 -0.225392 0.018759
v 0.220305 0.224513 0.006185
v 0.206219 0.226049 0.000975
v 0.597883 0.216626 -0.000397
v 0.395328 0.062010 0.004282
v 0.575642 -0.101245 0.006385
v 0.507955 -0.012964 0.019284
v 0.368540 -0.338354 0.001460
v 0.149017 0.098194 -0.006198
v 0.836974 -0.292171 0.018510
v 0.342578 -0.315637 0.008328
v 0.482600 0.182995 -0.017149
v 0.589456 -0.188946 -0.013088
v 0.982050 -0.048528 0.011997
v 0.397112 -0.085717 -0.015763
v 0.733530 0.091368 -0.018091
v 0.814908 -0.259380 -0.000576
v 0.154857 0.340083 0.002648
v 0.041947 0.159827 -0.000843
v 0.545392 0.035941 -0.003324
v 0.229363 -0.049197 -0.008014
v 0.366039 -0.188841 -0.004162
v 0.169504 -0.092109 0.017781
v 0.672970 -0.032984 0.013281
v 0.305895 0.212978 0.008006
v 1.047998 0.131936 -0.019613
v 0.277775 0.188041 0.008359
v 0.445159 0.065137 0.010043
v 0.958363 0.000713 0.004891
v 0.905510 -0.014481 -0.016384
v 0.256720 -0.203999 -0.015231
v 0.463525 -0.136897 -0.012353
v 0.405767 -0.254259 0.009199
v 0.689888 0.274248 -0.014216
v 0.737440 0.279037 -0.012332
v 0.382059 0.447164 0.014840
v 0.153108 -0.214109 0.005072
v 0.163556 -0.065963 -0.006913
v 0.135701 0.300310 -0.003614
v 0.274486 0.141635 -0.007123
v 0.511571 0.447615 0.017781
v 0.541052 -0.182760 -0.010189
v 1.016993 0.226077 0.004703
v 0.130289 0.296931 0.003742
v 0.555073 -0.156772 0.008639
v 0.730910 -0.121941 -0.002063
v 0.626218 0.439880 0.015837
v 0.515476 0.353415 0.007393
v 0.323504 -0.212884 -0.014864
v 0.851011 0.121101 -0.003355
v 0.250487 -0.128425 0.018278
v 0.998652 0.024827 0.001394
v 0.601153 -0.251036 0.015042
v 0.516260 0.258065 -0.016648
v 1.069444 0.069896 0.002982
v 0.864937 0.303183 -0.016164
v 0.436505 0.061648 -0.007273
v 0.869305 -0.128946 -0.012906
v 0.217217 -0.221631 -0.005437
v 0.135327 0.105025 0.015084
v 0.741477 0.197439 -0.019198
v 0.486360 0.322012 -0.008216
v 0.741071 -0.019895 0.004659
v 0.094073 -0.104768 -0.015060
v 0.523843 -0.199718 -0.015273
v 0.903812 0.287592 -0.001618
v 0.872135 -0.253238 0.001208
v 0.351472 -0.052898 0.003459
v 0.200438 -0.227212 0.019481
v 0.210857 -0.043933 0.012859
v 0.929723 -0.103070 0.018664
v 0.527005 0.301562 -0.008470
v 0.531477 0.289850 -0.004709
v 0.773764 0.150537 0.001766
v 0.193474 0.336345 -0.008542
v 0.752987 0.399536 -0.014382
v 0.453218 -0.085945 0.015035
v 0.676231 0.317235 -0.013309
v 0.179094 0.238412 -0.020214
v 0.591695 0.330180 0.003337
v 0.092273 0.040258 0.012642
v 0.153715 0.280965 0.013910
v 1.029033 0.126161 0.020520
v 0.280112 -0.237926 0.016682
v 0.285681 -0.043560 0.010637
v 0.758119 0.008409 0.012798
v 0.928521 0.232600 -0.000534
v 0.657143 -0.018322 -0.009933
v 0.852051 0.040643 0.014342
v 0.795317 0.122062 0.012345
v 0.821663 -0.302219 -0.014138
v 0.720696 -0.250874 -0.009226
v 0.368831 0.163221 0.010567
v 0.489649 -0.311749 0.010869
v 0.613329 0.195625 0.020749
v 0.360325 -0.092332 -0.015276
v 0.781318 0.248952 0.020643
v 0.660747 0.434310 -0.011352
v 0.602827 0.257640 -0.001325
v 0.966807 0.194245 0.007154
v 0.216079 0.174372 0.018178
v 1.057682 0.076118 -0.015036
v 0.124404 0.094406 0.010538
v 0.342367 0.415213 -0.018620
v 0.491443 0.301601 -0.018646
v 0.763540 -0.012719 -0.011305
v 0.129727 -0.130983 0.013275
v 0.594831 0.112859 -0.009624
v 0.975885 -0.134422 -0.019040
v 0.189407 -0.021040 0.018755
v 0.701599 -0.309713 0.012481
v 0.611104 0.023296 -0.001923
v 0.665518 0.195063 0.012477
v 0.413228 0.430150 -0.018543
v 0.733807 -0.278172 0.017484
v 0.520971 0.444065 -0.001572
v 0.578715 -0.082059 0.017528
v 0.263458 -0.222048 -0.007513
v 0.538258 0.186364 0.012040
v 0.138181 -0.180664 0.017878
v 0.863715 0.127916 0.001748
v 0.036376 -0.042401 -0.014528
v 0.358450 -0.249242 -0.006742
v 0.646714 -0.026491 -0.014467
v 0.149177 -0.168868 0.003567
v 0.420531 -0.191222 0.010846
v 0.494995 0.257771 0.000300
v 0.514704 -0.357862 -0.000610
v 0.292354 -0.152267 0.011316
v 0.760630 0.133628 -0.015540
v 0.652426 0.096891 0.001298
v 0.660108 0.031765 0.008269
v 0.956464 0.015772 0.012908
v 0.544398 -0.043814 0.017486
v 0.697852 0.032843 0.014912
v 0.799519 -0.171812 0.008131
v 0.707567 -0.337325 0.004127
v 0.296781 0.307467 0.005016
v 0.546255 0.300213 0.004123
v 0.501680 -0.346156 -0.016406
v 0.734670 0.155223 0.017023
v 0.998038 -0.072337 -0.010510
v 0.330667 -0.013357 -0.020099
v 0.682671 -0.077022 -0.016255
v 0.752854 0.359519 0.007774
v 0.515444 0.442902 -0.004935
v 1.056259 -0.054160 0.010082
v 0.953990 0.052923 -0.012789
v 0.845095 0.015993 -0.002402
v 0.611867 0.017825 0.000093
v 0.160436 0.015141 0.003365
v 0.411141 0.241190 -0.020126
v 0.806318 0.386785 0.004782
v 0.268592 0.258186 -0.006327
v 0.157912 -0.204351 -0.013042
v 0.389071 -0.219331 0.005204
v 0.835204 -0.100477 0.005656
v 0.685745 0.445495 0.004105
v 0.442182 0.235345 -0.013231
v 0.883341 -0.087282 0.012381
v 0.726470 0.262399 -0.014548
v 0.098972 0.243993 -0.006330
v 0.977961 0.239728 -0.015380
v 0.314147 -0.211891 0.017953
v 0.721477 0.232414 -0.018004
v 1.027464 -0.138497 0.011281
v 0.592289 0.210329 -0.007655
v 0.571552 -0.301296 -0.004107
v 0.205609 0.162061 0.009248
v 0.749128 0.271259 0.013720
v 0.473551 -0.287247 0.019066
v 0.875588 0.118430 -0.006921
v 0.527189 0.350719 0.006145
v 0.387419 0.008601 -0.012400
v 0.898237 0.261595 0.010932
v 0.827943 0.105133 0.001446
v 0.823642 -0.233877 -0.014405
v 0.616777 -0.060299 0.014721
v 0.965264 0.263653 0.011849
v 0.342258 0.214501 0.006835
v 0.894899 -0.186840 0.001610
v 0.827049 -0.176060 0.001503
v 0.849784 0.037667 -0.020646
v 0.565522 -0.088625 -0.007278
v 0.425215 0.014830 -0.008009
v 0.481205 0.194226 0.014146
v 1.040267 0.052258 -0.013538
v 1.023428 -0.125511 -0.000091
v 0.303839 -0.172293 0.013940
v 0.069644 0.001830 0.019310
v 0.360820 -0.119806 0.015549
v 0.546758 -0.319752 -0.016012
v 0.368325 0.109679 -0.008560
v 0.732261 0.347193 0.009024
v 0.357324 0.112447 -0.017846
v 0.674218 0.261936 -0.018314
v 0.457949 0.370888 0.001340
v 0.602461 -0.085231 0.009775
v 1.036803 -0.103540 0.002871
v 0.880836 -0.248175 -0.017218
v 0.789037 -0.163178 0.013666
v 0.193002 0.232154 0.020024
v 0.470891 0.393776 -0.016946
v 0.794111 0.347375 -0.016342
v 0.424988 0.019278 0.015758
v 0.479727 0.078522 0.007904
v 0.562497 0.066877 -0.020774
v 0.988021 -0.091647 0.001648
v 0.670529 0.297767 0.015665
v 0.987047 0.058073 -0.007281
v 0.666573 0.237523 0.001237
v 0.593771 0.402262 0.018283
v 0.340963 -0.005383 -0.003447
v 0.634125 -0.111316 0.011691
v 0.564916 -0.054336 -0.002054
v 0.196632 -0.008508 0.013551
v 0.570985 -0.355492 0.015027
v 0.730831 0.331027 0.016360
v 0.837308 -0.150865 0.016504
v 0.310134 -0.299525 -0.012438
v 0.688542 -0.196357 0.010373
v 0.111999 0.038104 0.016097
v 1.061767 -0.041295 0.010502
v 0.576064 -0.125592 -0.001895
v 0.555567 0.362060 0.019536
v 0.970950 0.311402 -0.013025
v 0.297877 -0.270129 -0.012553
v 0.615509 0.373860 -0.016836
v 0.170618 -0.025481 0.019774
v 0.411077 0.197320 0.009961
v 0.531211 -0.054692 -0.000971
v 0.425303 -0.304608 0.018521
v 1.082683 0.100829 -0.000744
v 0.216036 0.273013 -0.003255
v 0.319611 -0.135356 0.003444
v 1.071038 0.065693 0.001606
v 0.909149 0.250451 -0.009811
v 0.605206 -0.278325 -0.001382
v 0.219053 0.141714 -0.001653
v 0.367068 0.047219 0.019737
v 0.106351 0.239033 0.006017
v 0.259232 -0.008526 0.006751
v 0.747103 0.360666 0.020608
v 0.643211 -0.096672 -0.004587
v 0.185747 0.351328 -0.004231
v 0.379989 0.165225 0.015535
v 0.399470 -0.008339 -0.007406
v 0.672744 0.366240 0.003913
v 0.721817 -0.057011 -0.007302
v 0.189409 -0.156324 0.005388
v 0.916032 0.065880 -0.008490
v 0.883992 0.344866 -0.020056
v 0.506935 0.337646 0.011123
v 0.190397 0.219454 0.020875
v 0.885865 0.157048 0.004987
v 0.139495 0.080763 0.002236
v 0.298268 -0.081151 0.007548
v 0.539935 0.299046 0.004948
v 0.233972 -0.065379 -0.017839
v 0.058025 0.028593 0.012683
v 0.655602 -0.065542 -0.001594
v 0.459724 0.325858 0.018636
v 0.357770 0.270854 0.003424
v 0.614518 -0.078122 -0.005006
v 0.616359 -0.252618 -0.009861
v 0.352644 0.392133 -0.014000
v 0.235239 -0.240585 0.015785
v 0.444659 0.203870 0.014099
v 0.771960 0.035680 -0.015139
v 0.215193 0.117909 -0.008825
v 0.440844 -0.012038 0.014274
v 0.723190 0.327163 -0.010388
v 0.071161 0.003612 -0.020977
v 0.848577 -0.171619 -0.013022
v 0.493645 -0.023530 -0.000736
v 0.347956 -0.217586 -0.011048
v 0.236912 -0.112492 0.014003
v 0.542704 -0.086620 -0.006399
v 0.816198 0.029815 -0.014726
v 1.023084 -0.042439 0.017438
v 0.792651 0.106678 0.007546
v 0.460771 -0.309696 -0.004062
v 0.120788 -0.164339 0.004050
v 0.505695 0.006355 0.019666
v 0.364019 0.227417 0.002434
v 0.576047 -0.132755 -0.002592
v 0.061492 -0.049192 0.020602
v 0.172266 0.181348 0.000111
v 0.086718 0.095026 -0.020181
v 0.828203 0.245309 -0.003593
v 0.485860 -0.011325 -0.016254
v 0.550272 -0.224683 0.016319
v 0.739368 0.190797 0.017595
v 0.372975 0.440698 -0.015476
v 0.455504 0.000757 -0.000674
v 0.277214 -0.303575 0.002462
v 0.999063 -0.113673 -0.005283
v 0.516030 0.128355 -0.015046
v 0.583041 -0.091322 0.017227
v 0.271989 -0.128529 -0.000937
v 0.406640 0.301134 -0.013513
v 0.766863 -0.016846 0.004578
v 0.424510 0.219773 0.005678
v 0.354428 -0.185026 -0.019765
v 0.168799 0.052005 -0.004670
v 0.110035 -0.038932 -0.007321
v 0.200891 -0.136833 -0.007297
v 0.960485 0.267051 -0.011266
v 0.556664 0.082424 0.013878
v 0.839473 0.007039 0.009603
v 0.594560 0.217822 0.013814
v 0.655376 -0.008874 0.010123
v 0.198423 0.259915 0.018753
v 0.679961 0.003694 0.009120
v 0.029543 0.119875 0.005884
v 0.299452 -0.162421 -0.014404
v 0.606492 -0.254470 0.001914
v 0.557362 0.297168 -0.007519
v 0.364370 -0.228670 -0.013819
v 0.287907 -0.067443 0.007613
v 0.285926 0.341673 -0.007870
v 0.098189 0.281067 -0.007237
v 0.442147 0.139668 -0.018204
v 0.485348 0.132311 0.014771
v 0.842176 0.118124 -0.017105
v 0.261114 0.124390 -0.001192
v 0.590499 -0.284212 -0.006022
v 0.780090 0.265533 0.001215
v 0.530340 -0.309087 -0.016290
v 0.641690 -0.226516 -0.006031
v 0.396609 0.408355 0.002985
v 0.642420 0.264631 0.016855
v 0.642088 0.282080 -0.000490
v 0.296717 0.007639 -0.015758
v 0.581894 0.168633 0.012076
v 0.448343 -0.140387 0.006061
v 1.024635 -0.153897 -0.003061
v 0.918405 0.117418 0.001468
v 0.788422 0.407787 -0.018131
v 0.654930 -0.229709 -0.001041
v 1.049313 0.073130 -0.002739
v 0.494582 0.146181 -0.013375
v 0.263758 0.128431 -0.007278
v 0.268835 -0.292563 0.009615
v 0.059229 0.091063 0.000498
v 0.881974 0.237926 -0.016490
v 0.211216 0.182114 -0.008713
v 0.814166 -0.166565 0.009879
v 0.233159 0.141091 -0.014171
v 0.703077 -0.250348 -0.018257
v 0.456663 0.228735 -0.004366
v 0.194437 -0.116766 0.016324
v 0.301634 -0.149706 0.019810
v 0.316600 0.325255 0.003155
v 0.664400 -0.287631 -0.016289
v 0.148975 -0.012949 -0.000853
v 0.195633 -0.093148 -0.011174
v 0.970379 -0.098300 -0.014124
v 0.435434 -0.246067 -0.003797
v 0.031912 -0.005209 -0.013852
v 0.469584 0.262321 0.018391
v 0.599683 -0.175935 0.010545
v 0.915776 -0.150417 0.009416
v 0.234190 -0.088239 0.002564
v 0.907066 -0.216430 0.016373
v 0.330338 0.361613 -0.006362
v 0.019387 -0.000928 0.010160
v 0.618478 -0.029513 -0.014975
v 0.158204 0.166056 0.009707
v 0.146934 -0.202045 0.014521
v 0.813135 -0.272911 -0.008432
v 0.124367 -0.034429 0.017107
v 0.399702 0.085820 -0.020396
v 0.352350 0.332200 -0.008432
v 1.066707 -0.036933 0.013057
v 0.671666 -0.312728 -0.012343
v 0.035997 0.059029 0.000969
v 0.241485 0.241881 -0.017514
v 0.484320 -0.281756 -0.012183
v 0.073129 0.043644 0.014655
v 0.668681 0.128971 -0.010678
v 0.934185 0.024259 0.001628
v 0.467300 0.447078 0.003210
v 0.612964 0.008938 0.012387
v 0.266750 -0.275667 0.014436
v 0.096229 -0.120726 0.014003
v 0.156623 0.157521 -0.005443
v 0.855713 0.362183 0.017834
v 0.327609 -0.050725 0.012151
v 0.973789 0.253754 -0.007851
v 0.073612 0.039500 0.010691
v 0.085677 0.130007 0.011290
v 0.431526 -0.111991 0.007280
v 1.020804 0.095361 -0.015882
v 0.573419 0.370601 -0.020562
v 0.937849 -0.028976 0.014819
v 0.853530 0.027735 0.006145
v 0.473771 0.184172 0.009387
v 0.678989 0.076789 0.001307
v 0.776708 -0.282754 0.014935
v 0.526724 -0.034966 -0.007235
v 0.768474 -0.108016 0.009015
v 0.589115 0.156767 -0.006583
v 0.390966 -0.302252 -0.000160
v 0.297109 0.233381 0.017431
v 0.951972 0.215915 0.000406
v 0.213914 -0.135442 -0.012223
v 0.571751 0.379939 0.008581
v 0.265966 -0.171391 0.019968
v 1.049093 -0.006511 -0.002932
v 0.190107 0.355029 -0.002085
v 0.560284 0.388696 0.015153
v 0.665211 -0.135718 -0.000532
v 0.676866 0.277542 0.015843
v 0.788303 0.184431 -0.004499
v 0.500928 -0.028155 -0.015371
v 0.280910 0.039587 -0.000581
v 0.059865 0.153820 0.001877
v 0.125624 0.223351 -0.005115
v 1.075623 0.061821 -0.008611
v 0.214986 0.015654 -0.010295
v 0.969398 0.197494 -0.003687
v 0.723808 0.079634 0.020965
v 0.029604 0.147184 0.005653
v 0.662916 0.344978 0.013362
v 0.857436 -0.080904 -0.009845
v 1.083342 -0.013686 -0.019426
v 0.352445 -0.221492 -0.015315
v 0.599635 0.045243 -0.015006
v 0.237151 0.181928 0.018212
v 0.374247 0.042309 0.005618
v 0.384865 -0.203097 0.001212
v 0.177914 -0.103916 0.012358
v 0.923557 -0.091832 0.003156
v 0.921771 0.132294 -0.010075
v 0.570423 -0.351987 0.015131
v 0.229934 -0.199680 -0.020849
v 0.730396 0.314992 0.011068
v 0.474006 0.373856 -0.001918
v 0.511744 0.285748 0.019358
v 0.902790 0.278300 0.013909
v 0.592791 -0.256221 0.016496
v 0.803426 0.271706 -0.001952
v 0.611249 0.010441 0.019649
v 0.735850 -0.336234 0.020375
v 0.665656 -0.304730 0.014244
v 0.758338 -0.283939 0.011158
v 0.846417 0.100768 -0.012253
v 0.152472 0.042604 -0.018270
v 0.143060 0.062860 -0.002386
v 0.541232 -0.361846 -0.011657
v 0.585036 0.315845 0.010961
v 0.074104 0.169325 -0.017040
v 0.463140 -0.269890 0.005153
v 0.957483 0.316498 -0.012894
v 0.785947 -0.298704 0.019712
v 0.626597 0.188231 -0.015404
v 0.529549 0.220851 -0.019340
v 0.516559 0.389008 -0.013844
v 0.905814 -0.239743 0.004671
v 0.496949 -0.197335 -0.001603
v 1.028329 0.066818 -0.018216
v 0.978324 0.171479 0.007958
v 0.702000 -0.135816 0.002731
v 0.730340 0.265685 0.011793
v 0.786802 -0.234199 -0.018501
v 0.120827 0.085721 -0.016851
v 0.411069 -0.069265 0.010527
v 0.188944 -0.028202 0.003670
v 0.515237 -0.238144 0.010265
v 1.058763 0.008253 0.003122
v 0.615078 0.219804 -0.017719
v 0.249577 0.055754 -0.014946
v 0.480254 0.259552 0.016383
v 0.394931 -0.104028 -0.003393
v 0.939932 0.289732 -0.018832
v 0.670410 0.292963 -0.002872
v 0.452443 -0.129989 -0.001055
v 0.755515 0.264048 0.008167
v 0.806588 0.405541 -0.014639
v 0.963792 0.120940 0.011736
v 0.594216 0.445514 -0.003608
v 0.823839 0.288827 -0.012743
v 0.955847 -0.032828 -0.020581
v 0.132623 0.121567 -0.019739
v 0.773673 0.167306 -0.006991
v 0.710356 -0.344150 -0.019908
v 0.131192 0.129134 -0.017242
v 0.551694 -0.028122 -0.002038
v 0.647128 0.167277 0.001703
v 0.468240 0.108134 0.000391
v 0.883174 -0.175445 -0.000184
v 0.584184 0.110992 0.013592
v 0.336566 0.418897 0.011486
v 0.529954 -0.323545 0.020949
v 0.722409 0.160260 0.012925
v 0.919220 -0.014116 -0.020736
v 0.538315 0.257646 -0.018741
v 1.044972 -0.001686 0.010902
v 0.419412 0.408884 0.016900
v 0.634556 0.195849 0.006214
v 0.870291 0.073735 -0.011984
v 0.142770 -0.141139 -0.015040
v 0.491821 -0.354015 0.009678
v 0.286915 -0.066003 0.013578
v 0.662161 -0.226331 -0.013428
v 0.363859 -0.078566 -0.013329
v 0.344136 -0.143849 -0.017036
v 0.883846 -0.084062 -0.017686
v 0.064022 0.131440 0.009248
v 1.085672 0.112436 -0.015375
v 1.023773 -0.072553 -0.005918
v 0.371774 0.015010 -0.019444
v 0.878294 0.246408 -0.016362
v 0.937105 -0.035716 0.017732
v 0.965226 0.253803 0.001701
v 0.154770 0.256212 -0.009007
v 0.234449 -0.140947 -0.003628
v 0.193334 0.086201 0.015910
v 0.998363 0.008199 -0.015670
v 0.014549 0.145158 0.017130
v 0.264617 0.049726 -0.001840
v 1.020820 0.103790 -0.002590
v 0.251188 -0.296660 0.020022
v 0.626617 0.098115 -0.008754
v 0.663146 -0.074811 -0.002638
v 0.886402 0.122210 0.009953
v 0.596982 -0.354160 0.011278
v 0.780946 -0.016783 0.004533
v 0.525796 -0.099038 -0.012710
v 0.428603 0.229052 0.001694
v 0.264539 0.036476 0.018671
v 0.761878 0.090539 -0.011592
v 0.894005 -0.007915 -0.009479
v 0.727923 0.377967 -0.020591
v 0.755449 0.118969 0.010226
v 0.017826 0.071295 -0.014768
v 1.070366 0.086416 -0.020937
v 0.616740 0.239270 -0.018440
v 0.943648 0.084476 -0.010556
v 0.429621 0.392863 -0.004061
v 0.562354 0.189757 -0.020797
v 0.136268 0.017814 0.011682
v 0.741567 0.049331 -0.015997
v 0.575015 -0.010971 0.019108
v 0.751140 -0.160310 0.010625
v 0.203939 -0.223647 -0.015168
v 0.018832 0.064094 0.010171
v 0.200904 -0.100887 0.011480
v 0.481145 -0.307454 0.004947
v 0.241004 0.249730 0.009788
v 0.380320 0.447075 0.018940
v 1.029293 -0.087507 0.002000
v 0.272824 0.076700 -0.010712
v 1.051409 0.176174 0.013269
v 0.938816 -0.001933 0.007740
v 0.551142 0.194724 -0.016935
v 0.823422 -0.302888 -0.017536
v 0.975249 0.274051 -0.007630
v 0.335092 -0.216499 -0.005486
v 0.527655 0.346865 0.010888
v 0.847465 -0.004003 0.019857
v 0.654646 0.248591 0.014610
v 0.880433 0.069122 -0.007394
v 0.574022 0.319248 -0.019741
v 0.317535 0.417303 0.004503
v 0.548991 0.370414 0.008570
v 0.786016 -0.159073 -0.014773
v 0.675600 0.083627 -0.015206
v 0.892913 -0.192109 0.013025
v 0.440607 -0.246841 -0.017153
v 0.022782 0.032292 0.006410
v 0.126720 0.022846 0.011216
v 0.758268 0.017737 0.016409
v 0.804005 0.286693 0.000033
v 0.804747 0.141582 -0.007360
v 0.722278 0.201017 0.017335
v 0.392842 -0.089933 -0.007914
v 0.797125 -0.009963 0.020821
v 0.846772 0.074871 -0.014302
v 0.950089 0.256796 0.018918
v 0.249635 -0.027182 0.002056
v 0.343402 -0.324994 0.005390
v 0.672772 -0.353883 -0.006470
v 0.995865 0.088453 0.016475
v 0.623697 0.099254 -0.001485
v 0.610283 0.137465 -0.003088
v 0.708838 0.068066 0.002585
v 0.181342 0.010165 -0.019756
v 0.471012 -0.307620 -0.013617
v 0.745082 0.034603 0.009870
v 0.870543 -0.074275 -0.006264
v 0.864534 0.290472 -0.009891
v 0.220455 -0.001870 -0.000094
v 0.119397 0.206292 -0.011576
v 0.755898 -0.313988 0.017365
v 0.557565 -0.184549 0.009467
v 0.848821 0.007428 -0.013536
v 0.774774 0.269362 0.020478
v 0.730268 -0.134235 0.013659
v 0.978376 0.102134 -0.007018
v 0.938246 0.062756 0.010228
v 0.374955 -0.085228 0.009739
v 0.338048 0.058328 -0.011135
v 0.216500 -0.047761 -0.000371
v 0.359179 0.142691 0.018488
v 0.570523 -0.313260 -0.015699
v 0.031007 0.154823 -0.004442
v 0.941207 0.025290 0.014587
v 0.451586 -0.200388 -0.006255
v 0.439970 -0.202059 -0.014589
v 0.923339 0.353680 0.019168
v 0.285683 -0.142915 0.020907
v 0.769182 -0.173504 0.014963
v 0.496752 0.379150 -0.001121
v 0.765326 -0.249681 0.003284
v 0.337763 -0.143701 -0.019467
v 0.729221 0.028295 0.000431
v 0.167615 0.048902 -0.008344
v 0.712755 0.211428 0.015292
v 0.665307 -0.165656 -0.008096
v 0.136738 0.225367 -0.005107
v 0.655241 0.164136 -0.017351
v 0.641373 -0.217360 -0.010383
v 0.525795 -0.200012 -0.006009
v 0.346612 -0.028931 0.019736
v 0.394944 -0.136384 -0.009112
v 0.750513 -0.284291 -0.016755
v 0.454561 -0.235769 -0.012786
v 0.169099 -0.045382 -0.001529
v 0.999698 0.055441 -0.011193
v 0.619826 0.391481 0.012136
v 0.038768 0.048914 0.012864
v 0.485026 -0.251196 -0.009356
v 0.677824 -0.241840 0.020709
v 0.126364 0.269403 -0.020232
v 0.833838 -0.261546 0.020704
v 0.641768 0.203262 0.015883
v 0.383344 0.365614 -0.009283
v 0.626436 -0.121725 0.015254
v 0.806321 0.230285 -0.007940
v 0.534874 -0.254937 -0.020824
v 0.915489 -0.048569 -0.016780
v 0.485557 -0.339167 -0.004828
v 0.796814 0.035112 -0.018376
v 0.493713 -0.079153 -0.002238
v 0.754497 -0.242392 0.017322
v 0.706617 0.088444 -0.009407
v 0.783293 -0.022669 0.017597
v 0.364394 0.072591 -0.016509
v 0.374553 -0.287514 0.003767
v 0.115540 0.120589 -0.003572
v 0.584130 -0.083552 0.005474
v 0.146284 0.311790 0.010944
v 0.972753 -0.078036 0.004907
v 0.550979 -0.044780 0.000308
v 0.910590 0.246180 0.014507
v 0.223009 -0.237328 -0.007196
v 0.514774 0.080644 -0.015940
v 0.649230 0.317286 -0.011615
v 0.096060 -0.016372 -0.020049
v 0.913278 -0.096606 0.007392
v 0.756935 -0.209254 -0.020855
v 0.794172 0.268598 0.010939
v 0.468062 -0.230412 0.018711
v 0.621779 0.092951 0.007991
v 0.880639 0.261746 0.019990
v 0.843265 0.377881 0.007428
v 0.855851 -0.171782 0.020489
v 0.546820 0.344113 -0.015934
v 0.652819 0.281534 -0.011479
v 0.213154 0.138234 0.015258
v 0.587103 0.029325 0.012527
v 0.118119 -0.050394 0.009085
v 0.332189 0.235499 0.015420
v 0.483247 0.049839 0.006356
v 0.405112 -0.148675 0.012533
v 0.890604 0.344848 0.019488
v 0.811517 0.374830 -0.004590
v 1.082566 0.149128 0.004304
v 0.584395 -0.260793 0.014570
v 0.522987 0.392234 -0.020163
v 0.692680 -0.279357 -0.006027
v 0.128512 0.184671 -0.010672
v 0.858344 -0.275355 -0.005684
v 0.545364 -0.343413 -0.015034
v 0.344165 0.374174 0.014227
v 0.943686 -0.184258 -0.004687
v 1.079553 0.061213 -0.011861
v 0.192704 0.363514 0.019110
v 0.263919 -0.245881 0.016497
v 0.830703 0.372077 0.008518
v 0.402888 -0.261044 0.015360
v 0.289231 -0.056056 0.014922
v 0.291857 0.045802 -0.020571
v 0.953604 -0.137872 0.004229
v 0.731196 -0.302778 -0.007712
v 0.578260 0.209777 -0.005531
v 0.892145 0.175499 -0.005681
v 0.694288 -0.241356 -0.004698
v 0.432247 0.393034 -0.010707
v 0.287118 -0.303216 0.015225
v 0.594318 0.359622 -0.017074
v 0.321495 0.387983 0.015980
v 0.486503 0.342599 -0.010098
v 0.934920 0.038220 0.013451
v 0.241801 -0.089602 0.019285
v 0.433578 0.238755 -0.006848
v 0.531697 -0.351377 -0.016331
v 0.404323 0.016915 -0.002140
v 0.056385 0.067351 -0.015373
v 0.147539 -0.151260 -0.000094
v 0.819687 0.196608 -0.014500
v 0.817563 -0.216570 0.011022
v 0.692168 -0.213981 -0.011463
v 0.389842 0.160095 0.012044
v 0.116174 0.193035 0.020613
v 0.598617 -0.220578 -0.001572
v 0.757642 0.245005 -0.002455
v 0.794509 0.082365 0.013730
v 0.227741 0.106885 0.012831
v 0.561256 -0.241065 0.020786
v 0.556324 -0.241294 0.009352
v 0.630136 0.336539 -0.008110
v 0.559453 0.102543 -0.013200
v 0.083947 0.184992 0.014303
v 0.236847 0.045109 -0.001721
v 0.601518 0.135081 0.002630
v 0.311237 0.370447 -0.004434
v 0.013633 -0.023017 0.016527
v 0.704799 0.327638 -0.008389
v 0.890473 0.126766 -0.010472
v 0.993417 0.071914 -0.005156
v 0.651805 0.329851 -0.018161
v 0.677011 -0.114391 -0.006793
v 0.470869 -0.358545 -0.004163
v 0.372247 0.127346 0.004357
v 0.630166 0.349283 0.009325
v 0.770269 -0.230801 -0.003930
v 0.504909 -0.014369 -0.009944
v 0.896864 -0.098837 -0.004478
v 0.450898 -0.109323 0.008145
v 0.641384 -0.313686 -0.010092
v 0.499890 0.104920 0.001043
v 0.794016 -0.268526 -0.001081
v 0.131537 -0.119736 0.019194
v 0.312563 0.393113 -0.002979
v 0.547606 0.089434 -0.012942
v 0.376677 -0.148051 -0.002090
v 0.517642 -0.246012 0.016037
v 0.229769 0.050290 -0.010303
v 0.409454 0.095380 0.008587
v 1.043896 0.116120 0.001133
v 0.690862 0.192636 -0.012178
v 0.138356 0.271100 -0.001871
v 0.586464 0.148714 -0.013605
v 0.747965 -0.005832 -0.016662
v 0.586545 -0.332984 0.013866
v 0.326132 -0.189223 0.004483
v 0.726121 0.023214 -0.014096
v 0.590158 -0.113899 0.016088
v 0.344992 0.212672 0.014160
v 0.212818 0.227008 -0.019640
v 0.629640 0.170708 -0.003157
v 0.329479 -0.040637 0.014972
v 0.590727 0.115208 -0.013432
v 0.089014 0.263571 0.002883
v 0.388087 0.010175 0.020131
v 0.504129 0.394208 -0.009717
v 0.614322 -0.040930 0.001947
v 0.799925 -0.157502 0.016109
v 0.581409 -0.352484 0.012861
v 1.012637 0.245335 -0.002283
v 0.642427 -0.339476 0.007781
v 0.826882 -0.031627 -0.012672
v 0.750340 0.402011 -0.013291
v 0.842518 -0.078680 -0.011597
v 0.924736 0.296379 -0.014284
v 0.484443 0.325218 0.020113
v 0.584672 0.034538 -0.011664
v 0.112831 -0.089071 0.010762
v 0.488325 0.142296 0.016001
v 0.228458 -0.168628 0.020439
v 0.341129 0.362797 -0.011803
v 0.394774 -0.041602 0.008430
v 0.935701 0.033896 0.001719
v 0.994442 0.256535 -0.016049
v 0.303107 0.210786 -0.018994
v 0.957655 0.000575 -0.002972
v 0.804453 0.245383 -0.003369
v 0.299762 0.197970 -0.013791
v 0.816617 -0.186834 -0.008244
v 0.967477 0.004077 -0.009879
v 0.547138 -0.271611 -0.020017
v 0.483450 -0.244307 0.001938
v 0.540789 0.071037 0.010424
v 1.027064 0.035612 0.014552
v 0.665068 0.062056 -0.020570
v 0.511299 -0.081703 0.019313
v 0.787237 -0.218592 -0.014032
v 0.620912 -0.345669 0.011618
v 1.035471 -0.084795 -0.010996
v 0.824089 0.093447 0.003042
v 0.804845 0.092980 0.016748
v 0.410038 0.200070 -0.012336
v 0.775089 0.057089 -0.005984
v 1.028752 0.145675 0.017046
v 0.659967 -0.181601 0.019884
v 0.941217 0.308491 -0.011498
v 0.385032 0.255154 0.009152
v 0.759071 -0.069931 -0.003998
v 0.140636 0.041565 0.002531
v 0.465212 -0.130349 -0.012867
v 0.588919 -0.131982 -0.014188
v 0.752604 -0.163506 -0.014145
v 0.508063 0.065875 0.001571
v 0.278399 0.347804 0.001611
v 0.432145 -0.066190 0.013929
v 0.664769 -0.303678 -0.017200
v 0.645999 -0.019098 0.011763
v 0.552939 -0.213228 0.017122
v 0.220724 -0.162657 0.018958
v 0.749954 0.189650 -0.000151
v 0.672239 0.325965 -0.008022
v 0.397675 0.171255 0.017069
v 0.233579 0.265928 0.015412
v 0.288005 -0.194700 0.016871
v 0.251890 0.399434 -0.016893
v 0.782892 0.245299 -0.017807
v 0.600027 0.338960 -0.011251
v 0.116105 0.288252 0.014909
v 0.503236 0.284326 0.007047
v 0.023873 0.028026 -0.010421
v 0.967814 0.290767 0.008451
v 0.827019 -0.124206 -0.002160
v 0.559230 -0.017941 0.002985
v 0.807987 0.353391 0.001388
v 0.490091 0.440102 -0.009640
v 0.717178 0.378772 -0.018363
v 0.365464 -0.313121 -0.006106
v 0.431713 0.249069 0.009231
v 0.818294 0.296311 -0.016587
v 0.588750 0.434100 0.000732
v 0.058273 0.194277 -0.001638
v 0.789980 0.270552 0.019901
v 0.216511 0.306715 0.015119
v 0.645949 0.155411 0.001901
v 0.477974 -0.154563 0.012512
v 0.319927 0.415372 0.012231
v 0.152736 -0.144401 0.019703
v 0.418726 0.342726 -0.000309
v 0.152082 0.189686 0.013840
v 0.630282 0.231944 -0.011152
v 0.753087 0.332752 0.002444
v 0.349474 0.249241 0.004935
v 0.850370 0.136113 0.009089
v 0.277173 -0.304886 -0.009453
v 0.786171 -0.112208 0.000145
v 0.651107 -0.301760 0.001277
v 0.743955 -0.221258 0.019852
v 0.393831 0.300814 0.012337
v 0.873039 0.329722 -0.020244
v 0.203493 0.036829 -0.015736
v 0.355439 -0.037239 -0.008184
v 0.650883 0.412880 0.015746
v 0.537406 -0.068518 0.003595
v 0.657141 0.196143 -0.013290
v 0.268220 0.344750 0.001398
v 0.254990 0.349383 0.018221
v 0.152995 0.253992 0.020532
v 0.163466 0.151636 -0.013074
v 0.583962 -0.343323 0.006137
v 1.000456 0.270244 0.012303
v 0.557800 0.269578 -0.008926
v 0.170384 -0.094048 0.012099
v 0.199080 -0.159173 -0.004434
v 0.729399 -0.193814 -0.015356
v 0.323692 0.178062 0.013904
v 0.272882 0.371315 0.019441
v 0.393975 0.191640 -0.018196
v 0.777481 -0.239754 -0.020212
v 0.567361 0.164156 0.009968
v 0.772340 0.149553 -0.005429
v 0.681688 0.364820 -0.015352
v 0.439025 0.323151 -0.017353
v 0.265043 -0.091740 -0.020757
v 1.067145 0.169529 0.018134
v 0.787688 0.279695 -0.019435
v 0.268534 0.206214 0.017786
v 0.544841 -0.332838 -0.018694
v 1.057087 -0.009795 -0.004581
v 0.628687 0.348541 0.018455
v 0.965255 0.070597 -0.011413
v 0.682533 0.243979 -0.017214
v 0.755605 -0.252659 0.015010
v 0.434413 -0.118744 0.015429
v 0.662601 0.304941 -0.020478
v 0.948535 -0.077504 -0.009109
v 0.852464 0.203082 -0.015237
v 0.603463 0.175785 -0.006343
v 0.788590 -0.082499 0.017447
v 0.626511 0.217645 -0.001266
v 0.864026 -0.136590 -0.000982
v 0.087711 0.243430 -0.019671
v 0.708412 -0.098772 -0.010458
v 0.435867 0.370031 -0.019110
v 0.488222 0.320876 -0.018083
v 0.399371 0.266280 0.000487
v 0.037398 0.201069 0.014108
v 0.118771 0.061562 -0.013071
v 0.477653 0.220837 0.016053
v 0.490626 0.241337 -0.008079
v 0.570653 -0.066059 -0.000159
v 0.612510 0.292159 0.011798
v 0.661261 -0.234877 -0.004674
v 0.535576 0.366978 0.020892
v 0.810349 0.388634 0.011454
v 0.371585 0.195592 0.014367
v 0.818504 0.287990 -0.019259
v 0.463417 -0.111672 0.000660
v 0.521417 -0.165603 0.006419
v 0.580911 0.046905 -0.006766
v 0.230618 0.048682 0.016197
v 0.019258 0.096785 -0.013676
v 0.325402 0.190414 -0.007506
v 0.491246 0.021540 0.012519
v 0.324967 -0.046664 0.001412
v 0.523254 0.323799 -0.008202
v 0.799614 -0.225130 0.009956
v 0.449566 0.322924 0.019160
v 0.264049 0.018852 -0.001804
v 0.282287 0.206164 0.001774
v 0.126519 0.152000 0.014958
v 0.751177 -0.097069 -0.003608
v 0.106150 0.120516 -0.004717
v 0.591474 0.360847 0.012984
v 0.689021 0.026043 0.006683
v 0.669917 -0.033569 -0.005344
v 0.123414 0.013976 -0.019591
v 0.894274 0.153728 0.017829
v 0.801766 0.384311 -0.020534
v 0.233710 0.024067 0.008295
v 0.253645 -0.260713 -0.004828
v 0.483435 0.247686 -0.003700
v 0.624112 -0.001626 0.016776
v 0.587920 0.257135 -0.009786
v 0.200525 0.186388 -0.012126
v 0.198785 0.254396 0.006967
v 0.896410 0.087230 0.008435
v 0.695151 -0.044471 0.018187
v 0.646206 0.214183 -0.003767
v 0.878578 -0.262701 0.005980
v 0.620381 -0.274770 0.011386
v 0.127454 0.150106 -0.002902
v 0.645664 0.408768 0.007403
v 0.592593 -0.034725 -0.001229
v 0.648289 0.309849 -0.008203
v 0.727521 -0.273209 0.008131
v 0.814444 -0.169262 -0.000774
v 0.167084 0.262995 -0.007774
v 0.862211 0.041393 -0.020080
v 0.405469 -0.153007 -0.015202
v 0.766850 -0.258355 -0.018535
v 0.303503 -0.202060 0.011130
v 0.587813 -0.258732 -0.004138
v 0.534156 -0.021412 -0.004588
v 0.602603 0.145816 -0.018071
v 0.584129 -0.268212 0.019411
v 0.603260 0.018986 -0.012950
v 0.703357 -0.248054 0.011203
v 0.119116 0.031435 0.007262
v 0.181955 -0.075098 -0.014291
v 0.707298 0.162796 0.008502
v 1.021343 -0.028616 0.011450
v 0.567240 0.175618 0.009977
v 0.904635 -0.094359 0.013539
v 0.449647 0.251041 -0.003981
v 0.525103 0.120477 0.009154
v 0.167205 -0.139028 0.006924
v 0.709897 0.028671 0.011385
v 0.841843 -0.010756 0.020562
v 0.488647 0.015279 -0.009144
v 0.617459 -0.274095 -0.003421
v 0.884421 0.093387 -0.013455
v 0.180539 -0.204882 -0.002554
v 0.829594 0.052672 0.004505
v 0.837556 0.407861 -0.011256
v 0.954031 -0.139168 -0.009327
v 0.662193 -0.318575 0.008290
v 0.643770 -0.292415 0.013525
v 0.966712 0.213008 -0.016311
v 0.048111 0.119434 -0.020766
v 0.192291 -0.256011 -0.009615
v 0.582724 0.189525 0.016087
v 0.046580 -0.017601 0.010862
v 0.705252 -0.014077 0.006321
v 0.542111 0.419073 0.017682
v 0.265173 -0.284175 0.006470
v 0.567593 0.058904 0.018458
v 0.578772 -0.090371 -0.018715
v 0.373475 -0.046749 0.005494
v 1.047586 0.154030 -0.012449
v 0.147435 0.024489 0.000738
v 0.982680 -0.195639 -0.018245
v 0.664975 0.187079 -0.014045
v 0.934619 -0.053933 0.006354
v 0.614145 -0.330169 0.014383
v 0.303339 0.412613 0.006742
v 0.759551 0.069440 0.000321
v 0.268902 -0.067051 0.002728
v 0.313337 -0.172945 -0.009424
v 0.909758 0.190549 -0.003235
v 0.395824 -0.027164 0.004193
v 0.951398 -0.189786 -0.013797
v 0.210905 0.095616 -0.020347
v 0.746605 0.081676 -0.020297
v 0.287131 -0.150485 0.005695
v 0.734034 -0.344510 -0.003306
v 0.308301 -0.298687 -0.009214
v 0.647394 0.418958 -0.004978
v 0.293143 -0.223427 -0.006972
v 0.056273 -0.002260 -0.000649
v 0.782306 0.056545 0.009903
v 0.424524 0.377997 0.006625
v 0.416827 0.375060 -0.005295
v 0.487278 0.081324 -0.017219
v 1.030934 -0.134133 -0.001742
v 0.552003 0.229486 0.017198
v 0.233152 -0.063627 0.013287
v 0.471989 -0.151341 -0.005178
v 0.551058 0.038380 0.017568
v 0.458741 0.297729 -0.015416
v 0.592572 -0.297286 -0.019235
v 0.268605 0.327530 -0.003154
v 0.395261 0.049085 0.001377
v 0.240411 0.144264 0.018548
v 0.318237 -0.324090 0.015696
v 0.683531 -0.143853 0.015842
v 0.339638 0.039872 -0.006204
v 0.473556 -0.226196 -0.000067
v 0.262621 0.025394 0.008917
v 0.083787 0.272456 0.019351
v 0.562963 0.131749 -0.004064
v 0.078285 0.133869 0.019747
v 0.197943 0.225987 -0.015567
v 0.188964 -0.104916 -0.000647
v 0.989847 -0.159121 0.017013
v 0.631799 0.120753 -0.010224
v 0.279443 -0.109912 -0.014037
v 0.183322 0.225905 -0.020535
v 0.421464 0.106435 -0.001944
v 0.931691 -0.084002 -0.013569
v 0.813591 -0.111178 0.020381
v 0.999748 -0.171970 0.006607
v 0.847542 0.381281 0.004335
v 0.938331 -0.043581 -0.011956
v 0.554430 -0.310011 0.015337
v 0.231020 0.227402 0.008825
v 0.323195 0.105146 0.017487
v 0.273909 0.143084 -0.010624
v 0.429951 0.035367 0.018796
v 0.733880 -0.321750 0.013150
v 0.752944 0.156243 0.001171
v 0.728147 0.391086 -0.017445
v 0.898362 0.035011 -0.019768
v 0.785909 -0.086494 -0.018914
v 1.005598 0.003578 0.018058
v 0.810911 0.312928 0.010374
v 0.996423 0.203509 0.010130
v 0.281438 -0.279232 0.015570
v 0.501036 -0.263202 -0.011855
v 0.733045 0.178333 0.013084
v 0.335433 0.054422 0.005694
v 0.357326 0.008690 0.003840
v 0.122453 -0.034148 0.013979
v 0.386247 0.162010 0.012008
v 0.738109 -0.007060 0.017161
v 0.290564 0.413031 0.006257
v 0.770854 0.111451 -0.006853
v 0.596541 0.365159 -0.000652
v 0.165715 0.195765 0.012617
v 0.348069 -0.099216 0.017041
v 0.122969 0.284804 0.002872
v 1.029589 -0.003849 0.017691
v 0.650467 0.039816 0.020485
v 0.274844 0.273693 0.015933
v 0.934022 0.223865 -0.010668
v 0.888291 -0.061323 -0.003843
v 0.872025 0.229857 0.003019
v 0.763068 0.027543 0.011108
v 0.929800 -0.120658 0.011392
v 0.576418 0.022076 -0.010588
v 0.907680 -0.059383 -0.015938
v 0.685262 0.220634 -0.017953
v 0.703598 0.370547 -0.007739
v 0.498735 0.076711 -0.000160
v 0.109337 0.058738 -0.017922
v 0.874634 0.035309 -0.011518
v 0.907607 0.214201 0.006856
v 0.755808 0.015904 -0.006992
v 0.187838 -0.216372 0.004100
v 0.770949 0.130672 -0.000660
v 0.577485 0.131676 -0.008473
v 0.670399 0.258315 0.020845
v 0.492235 0.327811 0.002098
v 0.836282 0.050117 -0.002887
v 0.044532 0.191901 -0.003529
v 0.730369 0.194241 0.020431
v 1.007997 -0.133761 0.008057
v 0.243580 0.093973 0.011650
v 0.170889 -0.184337 0.005455
v 1.001653 0.000819 0.014840
v 0.712811 0.030299 0.008193
v 0.767698 0.008443 0.001605
v 0.386851 0.228187 -0.004892
v 0.654170 0.035653 0.013186
v 0.244497 -0.039571 -0.020939
v 0.280473 0.347531 0.009615
v 0.660617 -0.172446 0.014077
v 0.519059 0.405179 0.005004
v 0.416423 -0.133022 0.006989
v 0.655018 0.007102 -0.000340
v 0.428110 0.066067 -0.020525
v 0.563118 0.432247 -0.020471
v 0.354201 0.417603 -0.016076
v 0.537740 0.106158 0.010968
v 0.162622 -0.177107 0.001929
v 0.765017 0.388989 -0.019986
v 0.636663 0.301226 0.011296
v 0.600919 -0.308810 -0.019324
v 0.025757 0.015349 0.001848
v 0.117954 0.291801 0.005390
v 0.522209 -0.007109 -0.002318
v 0.342777 0.008856 -0.007489
v 0.301202 -0.103353 0.019775
v 0.212292 0.285737 0.008790
v 0.616789 0.232580 -0.011057
v 0.513563 -0.100124 -0.018669
v 0.751394 0.437533 -0.008401
v 0.779319 -0.191014 0.000304
v 1.005282 0.171288 -0.002856
v 1.000043 0.144183 0.004415
v 0.011739 0.094156 0.004056
v 0.988395 0.138260 -0.016066
v 0.497557 -0.071412 0.014242
v 0.741502 -0.249342 0.020121
v 0.652615 -0.038151 -0.012613
v 0.679681 -0.075766 -0.004628
v 0.807343 0.193268 -0.009422
v 0.487028 0.127372 -0.014154
v 0.358436 0.157211 -0.015989
v 0.259895 -0.098528 -0.008599
v 0.113412 0.147265 0.020487
v 0.736085 0.237391 0.004226
v 0.504744 0.056506 -0.000949
v 0.484253 0.400613 -0.008557
v 0.470475 -0.356701 -0.018618
v 0.040979 -0.028773 0.011448
v 1.003737 -0.144662 -0.017643
v 0.551329 -0.175892 0.010328
v 0.733926 -0.235001 0.009626
v 0.233570 -0.076156 0.012292
v 0.732545 -0.345703 -0.015445
v 0.321035 0.164939 0.008531
v 0.081079 -0.135919 -0.005741
v 0.751943 0.026789 -0.004857
v 0.530787 -0.180038 -0.015551
v 0.141614 0.077184 -0.002166
v 0.622484 0.305784 -0.004146
v 0.309393 0.381034 -0.004478
v 0.884310 0.118170 -0.002773
v 0.665232 0.054628 0.009699
v 0.673608 -0.031030 0.005598
v 0.545064 0.087410 0.001891
v 0.920218 0.317776 0.003639
v 0.092717 -0.178957 -0.018535
v 0.524542 -0.285199 -0.014987
v 0.833165 0.296066 -0.006763
v 0.368589 -0.290847 -0.001677
v 0.290810 0.258063 0.004093
v 0.571628 0.189657 0.006269
v 0.683502 0.292549 -0.018919
v 0.474851 -0.219493 -0.015412
v 0.867880 -0.001053 0.013219
v 0.251423 0.060039 -0.007489
v 0.754781 -0.335590 0.003803
v 0.752401 0.229963 0.010381
v 0.833818 -0.001825 -0.009017
v 0.361427 0.314381 -0.015777
v 0.959816 0.082144 0.009171
v 0.281983 -0.089549 -0.006284
v 0.674475 0.433811 0.014501
v 0.576335 -0.214248 -0.003942
v 0.834956 -0.190791 0.007805
v 0.778224 0.288010 -0.000208
v 0.410788 0.296098 -0.020493
v 0.895048 -0.001109 0.013056
v 0.714556 -0.147033 -0.003232
v 0.266653 0.123861 0.015275
v 0.752095 0.274840 0.017703
v 0.792718 0.068738 0.012591
v 0.910363 0.164772 -0.019859
v 0.377080 0.182949 -0.020817
v 0.127231 0.174970 0.005662
v 0.877179 0.208923 -0.017057
v 0.263021 0.164720 -0.002518
v 0.732780 0.107136 -0.010262
v 0.792669 0.144499 -0.007291
v 0.285076 0.126681 0.008806
v 1.011428 -0.020367 -0.005655
v 0.956158 0.266744 0.008165
v 0.924916 0.027493 -0.018715
v 0.517039 -0.095199 0.018210
v 0.936537 0.212157 0.001038
v 0.241468 -0.071129 0.019506
v 1.016874 -0.099703 -0.004006
v 0.619305 0.285432 0.016177
v 0.320948 -0.011399 -0.007465
v 0.329268 -0.084647 0.007163
v 0.156021 0.127235 -0.020710
v 0.502735 -0.035860 -0.013199
v 0.571224 0.412420 -0.000913
v 0.085984 0.108297 0.001767
v 0.551507 0.082456 0.005980
v 0.344885 -0.016223 0.004346
v 0.303469 0.135022 -0.013035
v 0.737719 -0.268124 0.004356
v 0.066562 0.098859 -0.015403
v 0.082402 -0.105914 -0.008858
v 1.046548 0.147149 0.017705
v 0.339553 0.379822 0.013250
v 1.027438 -0.108394 -0.001672
v 0.236207 -0.167523 -0.013153
v 0.741940 0.299046 -0.011056
v 0.750478 -0.018486 0.009279
v 0.848752 -0.200827 -0.019037
v 0.567253 0.228871 0.003160
v 0.545313 0.468212 -0.018259
v 0.355054 -0.084348 0.012532
v 0.253672 0.026793 -0.012078
v 0.420182 0.376449 0.004395
v 0.037814 -0.012631 -0.020618
v 0.402139 -0.163798 -0.007515
v 0.986034 0.244396 0.007982
v 0.789746 0.237356 0.017423
v 0.210062 0.147968 0.007968
v 0.372420 -0.081140 0.019295
v 0.574014 0.068181 0.013958
v 0.681081 -0.354572 -0.012035
v 0.822572 0.355144 -0.002835
v 0.207627 -0.212821 0.017372
v 0.174356 0.063052 -0.011830
v 0.878470 -0.050711 0.009491
v 0.518673 -0.023381 -0.004266
v 0.973427 -0.105693 -0.019812
v 0.560492 0.026672 0.002457
v 0.870206 0.133478 -0.019549
v 0.379566 -0.063819 0.000144
v 0.404079 0.364239 -0.017438
v 0.747563 -0.250317 0.012226
v 0.512534 0.142976 0.016708
v 0.492648 0.392377 0.015479
v 0.077714 0.111211 0.000266
v 0.229294 0.168972 -0.005407
v 1.001074 -0.122782 -0.002953
v 0.820811 0.375419 -0.010705
v 0.142181 0.262108 0.006819
v 0.235190 0.352671 0.013002
v 0.108203 0.283831 -0.009980
v 0.425491 0.108988 0.003094
v 0.504065 0.372071 0.006119
v 0.651633 0.343571 -0.011861
v 0.137804 -0.141735 0.007534
v 0.545448 -0.334610 0.008739
v 0.782676 -0.221928 -0.017750
v 0.173976 -0.155176 -0.003056
v 0.183231 -0.125964 -0.007770
v 0.350832 0.410232 0.004083
v 0.628079 -0.131809 0.013589
v 0.607020 -0.224055 -0.011908
v 0.725432 0.195911 0.003800
v 0.687176 -0.033181 -0.016765
v 0.467494 -0.265202 0.018252
v 0.116155 -0.021147 0.006742
v 0.816826 -0.078897 -0.008891
v 0.789536 -0.032196 -0.020316
v 0.477127 -0.120552 -0.002082
v 0.520178 -0.366789 0.015778
v 0.707001 0.190322 0.003846
v 0.033759 -0.027912 0.018440
v 0.394955 0.413062 0.018024
v 0.732867 0.275061 -0.001634
v 0.164457 0.042570 0.014584
v 0.610815 -0.251152 0.017178
v 0.804710 0.253941 0.006004
v 0.471556 -0.031296 0.006605
v 0.841846 0.011149 -0.004707
v 0.987333 0.157297 0.020473
v 0.694749 0.389674 0.003172
v 0.341639 0.219271 0.010399
v 0.191009 -0.089582 0.015533
v 0.538663 0.115170 0.007537
v 0.096338 0.016563 0.005188
v 0.102386 -0.103997 -0.012902
v 0.432282 -0.135767 -0.020844
v 0.167824 -0.227166 -0.014525
v 0.399897 0.138945 0.014255
v 1.030497 0.193556 -0.003478
v 0.400552 0.151649 -0.016844
v 0.319893 0.407822 0.009763
v 0.409515 -0.195299 -0.009333
v 0.020521 0.051874 0.018775
v 0.340297 0.377017 -0.005944
v 0.376326 0.055392 0.019575
v 0.539190 0.325594 -0.020760
v 0.926746 0.148103 -0.006822
v 0.631398 -0.213304 0.001300
v 0.855359 0.307213 -0.005989
v 0.269060 0.177381 -0.007346
v 0.844883 0.376498 0.015186
v 0.519662 0.417781 0.003727
v 0.255232 0.089563 -0.014964
v 0.692711 -0.103969 0.001230
v 1.017875 -0.170030 -0.020286
v 0.630350 -0.329201 0.013464
v 0.865785 -0.215809 -0.001989
v 0.889427 -0.019455 -0.019086
v 0.193927 -0.212544 -0.009753
v 0.890608 -0.100954 -0.003729
v 0.777460 0.382379 -0.007023
v 0.960254 0.148563 0.001456
v 0.971308 0.112204 0.015651
v 0.544754 -0.143611 0.007055
v 1.031275 0.078032 0.005795
v 0.719379 -0.209174 -0.000639
v 0.829211 -0.265295 0.003186
v 0.047394 0.081472 -0.006861
v 0.713419 0.228410 -0.012191
v 0.330545 0.189989 -0.020446
v 0.503308 0.128609 -0.012405
v 0.557456 -0.208038 0.008035
v 0.430675 0.335591 0.020314
v 0.201934 -0.081326 0.005845
v 0.596931 0.257437 -0.020209
v 0.290371 0.376833 0.010973
v 0.978261 0.145364 -0.002848
v 0.761482 0.337674 -0.009649
v 0.260969 -0.256508 -0.019140
v 0.567317 0.175321 0.017277
v 0.162229 -0.166464 -0.007051
v 0.454317 0.428295 -0.020262
v 0.660950 0.268838 -0.019284
v 0.940090 0.256211 0.006929
v 0.155186 0.105229 -0.001668
v 0.134992 -0.211045 -0.016225
v 0.407769 0.330681 -0.003135
v 0.493095 0.448081 0.000953
v 0.568093 0.071463 0.000923
v 0.467776 -0.329572 -0.007560
v 0.225753 -0.254676 0.008246
v 0.649633 -0.157311 0.002963
v 0.788931 0.334232 -0.011769
v 0.904456 0.000257 0.009947
v 0.289152 0.288960 0.009090
v 0.559485 -0.120837 -0.003360
v 0.024089 0.099285 -0.012189
v 0.763988 -0.176986 0.008391
v 0.375123 0.169310 0.003795
v 0.307321 -0.230978 0.007618
v 0.173152 0.350603 0.001245
v 0.927195 -0.177740 -0.001313
v 0.251326 0.049065 -0.014839
v 0.306733 0.221214 -0.006725
v 0.384118 0.356310 0.003936
v 0.902765 0.089901 -0.014584
v 0.862942 0.316026 -0.011757
v 0.185928 0.096262 0.000109
v 0.071510 -0.148704 0.016124
v 0.612465 0.392863 0.003075
v 1.033212 0.134703 0.011042
v 0.100420 0.215753 0.015663
v 0.453522 -0.274494 -0.002183
v 0.355584 -0.224527 0.013017
v 0.967197 0.018735 0.008537
v 0.991832 0.210328 -0.003330
v 0.453186 0.223953 0.001043
v 1.064245 0.022401 0.001875
v 0.472088 -0.008987 -0.001998
v 0.647766 0.341769 -0.006185
v 0.905006 0.166913 -0.018561
v 0.258040 -0.074456 0.020478
v 0.583099 -0.281658 -0.013959
v 0.666948 -0.120545 -0.009930
v 0.198345 0.030179 0.001055
v 0.896643 -0.264932 0.007780
v 0.378247 0.147073 0.003934
v 0.452209 -0.112010 0.018297
v 0.646673 -0.267575 0.005545
v 0.467961 0.157873 0.015897
v 0.342978 0.002101 0.002817
v 0.646765 -0.244612 -0.004747
v 0.281722 -0.254171 0.000451
v 0.879783 0.331398 0.006252
v 0.025161 0.079126 -0.004703
v 0.585379 -0.361854 -0.019461
v 0.822854 0.241811 -0.015458
v 0.340809 0.069113 0.002303
v 0.224030 0.262270 -0.011299
v 0.477968 0.398698 0.006836
v 0.811852 -0.226910 0.004514
v 0.436635 0.075670 0.008982
v 0.920536 0.130740 -0.001670
v 0.165178 -0.206408 0.011884
v 0.913173 -0.264447 -0.012978
v 0.326106 0.272393 0.012615
v 0.107748 0.178198 0.011170
v 0.788771 -0.237855 0.015954
v 0.805152 0.191843 0.005549
v 0.348519 -0.284272 -0.002521
v 0.822058 -0.091059 0.006036
v 0.122912 -0.001230 0.007371
v 0.523074 -0.251167 0.008858
v 0.528095 0.137221 -0.005559
v 0.298828 0.039020 0.019818
v 0.435102 0.266178 -0.000697
v 1.050193 0.177850 -0.016699
v 0.700774 0.213570 0.006223
v 0.496178 0.133625 -0.004175
v 0.735232 0.041529 0.005367
v 0.132911 0.301758 0.001420
v 0.644973 0.086751 0.005833
v 0.816406 -0.145070 -0.002251
v 1.037823 0.179996 -0.011251
v 1.036444 -0.012374 0.005358
v 0.304502 0.285028 -0.009937
v 0.962275 0.002823 -0.008675
v 1.020922 -0.162737 0.013415
v 0.099097 0.230216 0.019059
v 0.605795 -0.049481 -0.011847
v 0.755947 0.227738 -0.011818
v 0.102551 0.052986 0.015481
v 0.222141 0.372488 -0.005626
v 0.490476 -0.111825 0.017221
v 0.332751 -0.248916 -0.011192
v 0.011497 0.026607 0.011509
v 0.577628 0.128824 0.002727
v 0.899015 0.216167 0.017714
v 0.318204 -0.236376 0.020829
v 0.583470 0.223855 -0.017200
v 0.838187 -0.235426 -0.018103
v 0.279473 0.346072 0.001577
v 0.124352 -0.136967 -0.019993
v 0.305087 0.089880 -0.008751
v 0.267978 0.241556 -0.010306
v 0.635513 0.181587 0.010206
v 0.185227 -0.086033 0.006313
v 0.888180 -0.088656 0.010110
v 0.930625 -0.101917 -0.003163
v 0.251863 0.136923 0.018829
v 0.672020 -0.019906 0.006905
v 0.212825 0.226193 0.006112
v 1.036047 -0.089473 -0.016847
v 0.620741 -0.173552 -0.009515
v 0.093954 0.095078 -0.018540
v 0.131521 -0.155059 -0.012457
v 0.182410 0.073240 -0.019915
v 0.972878 0.042337 0.009197
v 0.796937 0.239461 0.006906
v 1.091891 0.041993 0.011367
v 0.760656 0.079297 0.019393
v 0.190425 -0.259157 0.010462
v 0.156356 -0.103492 -0.004852
v 0.629069 -0.080070 0.016409
v 0.230849 0.192862 -0.015829
v 0.537124 -0.367768 -0.003618
v 0.570332 0.045228 0.020890
v 0.538778 -0.351722 -0.009329
v 0.748410 -0.323678 -0.015354
v 0.664691 -0.072105 0.007562
v 0.832567 0.021153 0.003712
v 1.055593 0.148143 -0.012232
v 0.219183 0.154235 -0.011730
v 0.260623 0.169725 0.010096
v 0.975069 0.267000 0.004799
v 0.345058 0.346038 -0.009405
v 0.313162 0.175241 -0.019870
v 0.689838 0.228522 0.015051
v 0.830065 0.138850 -0.004391
v 0.219570 0.353083 -0.015115
v 0.729731 -0.303092 -0.016378
v 0.263360 0.246102 -0.015614
v 0.632281 0.360127 0.011856
v 0.224977 0.362998 -0.004982
v 0.307781 -0.107657 0.003471
v 0.678515 0.200328 0.007783
v 0.183566 0.327619 0.013099
v 0.514910 0.134951 -0.011914
v 0.858147 -0.240655 0.013203
v 0.308668 0.420998 0.010204
v 0.479782 0.141292 0.009324
v 0.687930 0.442627 0.019679
v 0.647465 -0.347107 -0.010256
v 0.186684 -0.038850 -0.013416
v 0.772610 -0.056977 -0.020967
v 0.285050 0.090150 -0.011196
v 0.544411 0.302383 -0.005125
v 0.538949 -0.071211 0.007839
v 0.418094 0.419013 -0.014750
v 0.784435 0.168072 0.011830
v 0.168211 0.128798 0.003765
v 0.493498 0.146667 0.015744
v 0.614909 0.052518 -0.007466
v 0.564932 0.345439 -0.002711
v 0.750731 0.153833 0.008331
v 0.680604 -0.230383 -0.018489
v 0.482238 -0.253080 0.019531
v 0.764314 0.147865 -0.017459
v 0.667323 0.108529 -0.011389
v 0.199148 0.081487 0.005515
v 0.612958 0.032790 0.012534
v 0.878145 0.182911 -0.019096
v 0.342894 -0.243720 -0.007556
v 0.450016 0.279130 -0.001926
v 0.966688 0.159791 0.006371
v 1.061099 0.055640 0.013523
v 0.399362 -0.122853 0.012963
v 1.029980 0.228426 -0.013473
v 0.547342 0.003583 -0.019604
v 0.601098 0.139686 0.019275
v 0.260395 0.151133 0.006175
v 1.040645 -0.091898 -0.020208
v 0.318353 0.389539 -0.013936
v 0.540270 -0.079810 0.012107
v 0.896517 0.095854 -0.019460
v 0.439402 0.245044 0.010018
v 0.480519 0.026487 0.020290
v 0.126139 0.279631 -0.012356
v 0.537292 -0.107215 -0.015301
v 0.619481 0.111440 0.020631
v 0.610999 0.462588 -0.015519
v 0.489076 -0.028486 -0.005133
v 0.454425 -0.057416 0.006857
v 0.460658 -0.009353 -0.017828
v 0.564270 -0.162236 -0.008117
v 0.578836 0.181668 -0.011431
v 0.657293 0.209091 -0.005089
v 1.033769 -0.013620 -0.014350
v 0.520330 -0.160526 0.013961
v 0.301144 0.167738 -0.015698
v 0.419843 0.330047 -0.008467
v 0.693298 -0.259073 -0.003016
v 0.832301 0.056743 0.000504
v 0.293011 0.143253 0.010308
v 0.496520 -0.268173 -0.006022
v 0.207900 0.158660 0.007141
v 0.188115 -0.226704 -0.010815
v 0.335476 -0.214971 0.005254
v 0.716545 0.308975 -0.011254
v 0.150094 0.258195 -0.006946
v 0.699750 0.283663 0.019312
v 0.331552 0.225581 0.014577
v 0.497212 0.414897 -0.004616
v 0.817443 0.361788 0.015638
v 0.118088 0.027382 -0.003505
v 0.461996 0.256185 0.011876
v 0.362708 0.203316 0.014658
v 0.479517 -0.108731 0.015883
v 0.641967 -0.353071 0.017800
v 0.183479 0.270485 0.007011
v 0.333477 0.317685 0.008347
v 0.440867 -0.204906 0.010999
v 0.855689 -0.167297 0.016306
v 0.547202 -0.114857 -0.012493
v 0.954753 -0.144024 -0.004693
v 0.739512 -0.025142 -0.016663
v 0.335031 0.076189 -0.001778
v 0.223847 -0.270512 0.018938
v 0.537086 -0.260488 -0.011567
v 0.478331 0.453551 -0.008962
v 0.178952 -0.039177 -0.002975
v 0.506558 -0.009242 0.011961
v 0.233786 0.241480 -0.008567
v 0.117960 0.112101 0.004868
v 0.556174 -0.315856 0.012068
v 0.700914 0.110707 0.015139
v 0.370838 -0.213625 -0.016737
v 0.864877 -0.131869 -0.012737
v 0.458653 0.067023 -0.020029
v 0.681401 -0.221187 -0.005059
v 0.329458 0.080451 0.013864
v 0.719839 0.053315 0.001525
v 0.211308 0.184636 0.002263
v 0.451960 -0.254075 -0.015123
v 0.502760 -0.266108 -0.016051
v 1.089572 -0.004126 -0.004274
v 0.709127 0.397487 0.011886
v 0.329592 0.114178 0.005983
v 0.800761 -0.258863 0.020643
v 0.319786 -0.144019 0.008506
v 0.354110 0.271690 0.017521
v 0.615477 0.179256 -0.015175
v 1.012676 -0.114235 0.003723
v 0.597244 0.023538 -0.004393
v 0.198960 -0.081654 0.006928
v 0.732126 0.044296 0.005965
v 0.449912 -0.198529 -0.008730
v 0.130281 0.131940 -0.002037
v 0.384349 -0.187952 0.016338
v 0.600895 0.287615 0.004203
v 1.076323 0.134186 -0.016488
v 0.265939 0.348942 -0.019843
v 0.170541 0.256791 0.002843
v 0.491746 0.368171 0.010980
v 0.778298 0.147711 -0.009569
v 0.497945 0.337103 0.006967
v 0.772619 -0.244887 -0.012385
v 0.391968 -0.232033 -0.016784
v 0.945991 0.139071 0.012480
v 0.504939 0.406792 0.019111
v 0.805500 -0.171377 -0.011907
v 0.796387 0.144255 0.001865
v 0.594639 0.076008 -0.009117
v 0.311277 -0.216269 0.006623
v 0.566273 -0.040748 -0.007915
v 0.727989 -0.050117 0.017298
v 0.791220 0.305292 0.016031
v 0.869649 -0.272077 -0.004024
v 0.453960 0.029047 0.019522
v 0.854017 -0.178767 -0.010649
v 0.881041 0.373290 0.011328
v 0.524450 0.446930 0.018250
v 0.459189 0.253113 -0.014451
v 0.839002 0.137240 -0.017863
v 0.902344 0.159244 0.020344
v 0.964167 0.268350 0.017982
v 0.977576 0.286253 -0.004949
v 0.977864 0.229189 -0.016847
v 0.501869 -0.067864 -0.000188
v 0.608526 0.197843 0.008628
v 0.284689 -0.066351 0.014599
v 0.751301 0.065724 0.017061
v 0.532412 0.025926 0.019767
v 0.061327 0.001059 -0.017293
v 0.717678 0.133553 0.001412
v 0.728449 -0.134897 -0.015258
v 0.092912 0.083927 0.011449
v 0.127458 -0.208746 -0.000990
v 0.165435 0.031382 -0.008628
v 0.164350 0.191522 -0.010969
v 0.587305 -0.065091 0.017555
v 0.118800 0.051413 -0.016330
v 0.741440 0.036990 0.003259
v 0.487936 0.254368 -0.014626
v 0.251589 0.370579 -0.017802
v 0.591496 0.451619 -0.011853
v 0.952929 0.152974 -0.002800
v 0.369752 -0.172693 -0.003926
v 0.543367 0.296425 -0.013977
v 0.337562 0.377619 -0.000132
v 0.492875 0.156471 -0.015165
v 0.299408 0.271833 0.012966
v 0.894056 -0.065193 0.001798
v 0.469027 -0.161774 0.001080
v 0.852851 -0.097130 0.004389
v 0.005460 0.032527 0.004111
v 0.645577 0.041320 -0.016549
v 1.009576 0.028825 -0.006689
v 0.041655 0.172319 0.017515
v 0.636145 0.294731 0.000204
v 0.933924 -0.203560 -0.013262
v 0.445497 -0.044215 -0.014445
v 0.154670 0.257369 -0.005812
v 0.362329 0.208579 0.015707
v 0.106961 0.100514 -0.017514
v 0.831386 -0.213017 -0.009473
v 0.570789 0.024574 0.013373
v 0.013221 0.026165 -0.003319
v 0.597122 0.126510 0.008418
v 0.084748 0.177709 0.015832
v 0.989269 0.057231 0.013135
v 0.191624 0.225665 0.007237
v 1.041889 0.022279 -0.016788
v 0.685880 0.168558 -0.001188
v 0.740847 0.309279 -0.016325
v 0.259247 0.350903 -0.014224
v 0.602834 0.359488 -0.013399
v 0.274940 -0.027215 0.001514
v 0.046528 0.120735 0.001092
v 0.281429 0.304628 0.004011
v 0.831559 0.093752 -0.019361
v 0.552342 -0.167412 0.004424
v 0.800824 0.220630 0.011834
v 0.400040 -0.339870 -0.006425
v 1.049147 0.121970 0.011521
v 0.735652 0.437959 0.018635
v 0.750556 -0.024855 0.006011
v 0.107409 -0.170641 -0.020678
v 0.817245 -0.046846 0.005861
v 0.853423 -0.048530 -0.000446
v 0.972424 0.010369 -0.001497
v 0.562012 0.199763 0.001699
v 0.600438 -0.001985 -0.008396
v 0.172207 -0.228029 0.008916
v 0.405514 0.252417 0.004757
v 0.685190 -0.057761 0.011009
v 0.561692 -0.079558 0.006543
v 0.453260 0.354241 0.012594
v 0.428232 0.433736 -0.015587
v 0.706175 0.077772 0.000417
v 0.146179 -0.062041 -0.020052
v 0.606462 0.292662 0.020216
v 0.118190 -0.078750 -0.019953
v 0.924755 0.041703 0.003578
v 0.707233 0.156404 -0.011679
v 0.300627 -0.252811 0.009186
v 0.548077 0.452346 -0.010939
v 0.471721 -0.268759 -0.020423
v 0.710766 -0.237051 0.019229
v 0.969188 -0.139401 0.003879
v 0.383693 0.395506 0.001879
v 0.476283 0.363723 0.009936
v 0.765315 -0.231583 -0.002943
v 0.253694 -0.215376 -0.005910
v 0.794940 0.318736 0.001815
v 0.691410 0.060052 -0.018964
v 0.367158 0.298185 -0.011192
v 0.562938 -0.205718 0.016535
v 0.819077 0.168049 -0.002345
v 0.766261 0.159573 0.006883
v 0.932521 0.185470 0.002177
v 0.714403 0.201783 -0.020139
v 0.477850 0.335384 -0.004264
v 0.217693 -0.170289 0.014653
v 0.464388 0.271075 0.011503
v 0.025520 0.052775 -0.007429
v 0.587537 0.021849 -0.009157
v 0.740627 0.381725 0.016840
v 0.688605 0.254886 -0.020800
v 0.702463 0.073661 0.008796
v 0.384158 0.383160 -0.006636
v 0.874554 -0.044013 -0.016463
v 0.248414 -0.000837 -0.009165
v 1.060377 -0.058762 -0.004865
v 0.758071 -0.222185 -0.005089
v 0.666986 0.195067 -0.002009
v 0.582688 0.415992 -0.011692
v 0.851995 0.344999 0.007378
v 0.490173 0.222891 -0.011666
v 0.932117 0.216601 0.017708
v 0.769218 0.250552 -0.019064
v 1.046464 0.098513 0.004414
v 0.142092 0.300164 0.007987
v 0.254097 -0.114376 -0.016833
v 0.488560 0.209653 -0.015169
v 0.755497 0.219274 -0.003895
v 0.084022 -0.045125 0.017017
v 0.379056 0.209455 -0.013604
v 0.194749 0.231585 -0.001057
v 0.588644 0.048240 -0.011706
v 0.779947 0.228268 -0.019613
v 0.658510 0.425678 0.003628
v 0.247715 0.049838 0.011770
v 0.570762 0.017023 -0.014649
v 0.157850 0.219597 -0.018953
v 0.158889 -0.105632 -0.012111
v 0.267859 -0.149779 -0.000537
v 0.530143 0.038435 0.006137
v 0.719487 0.343040 -0.006653
v 0.720576 0.143952 0.014351
v 0.217231 0.299140 -0.009208
v 0.156107 0.064698 -0.005524
v 0.850306 0.005996 0.009538
v 0.169165 -0.108376 0.016738
v 0.592507 0.272117 0.011745
v 0.471546 -0.360886 -0.015258
v 0.603028 0.460028 0.006337
v 0.033725 0.128490 0.001448
v 0.831728 0.160417 -0.008836
v 0.499212 -0.332486 -0.002355
v 0.588207 -0.091462 -0.008580
v 0.560605 -0.135676 0.004800
v 0.999695 -0.160622 0.007143
v 0.905004 0.005376 -0.003330
v 0.430439 0.094365 -0.013575
v 0.037950 0.122222 -0.003440
v 0.894254 0.312956 -0.014275
v 0.943878 0.231833 -0.007512
v 0.214682 -0.028669 -0.017884
v 0.525914 -0.051111 -0.015454
v 0.718309 0.109739 -0.000905
v 0.043371 -0.067942 -0.019990
v 0.288354 -0.160635 -0.003042
v 0.446620 0.182917 -0.012666
v 0.147649 0.076524 0.003602
v 0.734019 0.117873 0.013387
v 0.258282 0.026374 0.000530
v 0.099541 0.256111 -0.017481
v 0.501787 0.209676 -0.007914
v 0.642671 0.059652 0.010351
v 0.244372 0.120108 0.017150
v 0.184802 -0.080797 0.017130
v 0.711515 0.216445 0.008286
v 0.624498 0.256316 -0.006528
v 0.338484 -0.199999 -0.005036
v 0.401154 -0.047209 -0.000893
v 1.003066 -0.028610 -0.016662
v 0.416480 -0.108697 0.007686
v 0.195591 0.215300 0.016060
v 0.413745 0.212087 0.000999
v 0.716735 0.083755 -0.009459
v 0.891606 -0.225014 0.012761
v 0.735743 0.285320 -0.008701
v 0.085469 0.213987 0.015827
v 0.780936 -0.134273 0.012830
v 0.003408 0.081922 -0.007731
v 0.245554 0.390130 0.017203
v 0.048790 0.076474 0.007251
v 0.363371 0.385009 0.004771
v 0.827725 0.019718 -0.002466
v 0.453106 0.313907 -0.014083
v 0.713969 -0.243663 0.008743
v 0.589219 -0.004106 -0.003915
v 0.577117 0.074428 -0.003642
v 0.834355 0.280114 -0.007266
v 0.239386 -0.001195 -0.016386
v 0.603387 -0.038912 -0.003289
v 0.807853 0.250334 -0.003449
v 0.125451 0.065922 -0.011281
v 0.515631 0.106161 -0.002484
v 0.598193 -0.159883 0.015848
v 0.649265 -0.034393 0.003172
v 0.388039 0.421400 0.006583
v 0.742827 -0.055528 0.012072
v 0.447569 0.334468 0.002104
v 0.881280 -0.267682 0.008368
v 0.544528 0.017054 0.017250
v 1.010693 -0.011477 -0.001527
v 0.790999 -0.128970 0.015289
v 0.435727 0.378641 -0.001724
v 0.677394 0.374266 0.001247
v 0.857903 0.206801 0.007587
v 1.065697 -0.086673 -0.014951
v 0.566091 0.329813 0.009708
v 0.622504 0.132648 0.002830
v 0.460223 -0.176182 0.009146
v 0.275467 0.213234 0.009653
v 0.793531 0.063755 0.005466
v 0.308423 -0.290117 0.011921
v 0.678020 -0.206221 -0.020818
v 0.736501 0.114158 0.012339
v 0.839110 0.360173 0.014322
v 0.912096 -0.174851 0.000756
v 0.265112 0.045379 -0.004717
v 0.539386 0.462439 0.001812
v 0.684302 0.399664 -0.003240
v 0.151834 0.145931 -0.020036
v 0.605770 -0.115942 0.020047
v 0.210923 -0.016929 0.009399
v 0.253124 -0.217601 -0.004990
v 0.812706 -0.219576 -0.010366
v 1.000636 -0.146701 0.015822
v 0.480838 0.011935 0.020386
v 0.802522 -0.060430 0.009038
v 1.035054 0.175516 -0.014886
v 0.203040 -0.203967 -0.017070
v 0.315190 -0.026161 -0.018903
v 0.253207 -0.275007 -0.020962
v 0.796275 0.202190 -0.004557
v 0.067968 0.107842 0.001285
v 0.382079 -0.279444 -0.018479
v 0.734186 -0.085830 0.001005
v 0.111165 0.029823 0.009587
v 0.820919 0.097231 -0.018138
v 0.492993 0.264651 -0.018317
v 0.118760 0.271788 -0.006723
v 0.356673 -0.303919 -0.012981
v 0.432676 -0.050733 0.000632
v 0.612616 0.279019 -0.007572
v 0.305987 0.043340 0.005228
v 1.076658 0.080437 0.000685
v 0.429408 0.253064 -0.016380
v 0.749425 -0.187339 -0.009985
v 0.994972 0.269285 -0.019438
v 0.923939 -0.190562 0.006596
v 0.196098 0.234164 0.008144
v 0.398704 -0.100577 0.008473
v 0.384702 0.103749 0.000670
v 0.131887 0.316639 0.000729
v 0.408180 0.107433 0.002994
v 0.708062 -0.181111 -0.006038
v 0.514723 -0.252051 0.006888
v 0.625649 0.140816 0.015531
v 0.452319 -0.333397 -0.007021
v 0.798295 0.024885 -0.013037
v 0.299416 0.291834 0.003699
v 0.228232 0.181124 -0.014702
v 0.323198 0.235324 -0.010945
v 0.557095 0.390166 0.011359
v 0.258266 0.037136 -0.004708
v 0.459033 -0.058641 0.017028
v 0.452366 -0.181435 -0.019181
v 0.381042 -0.230193 -0.009757
v 0.186837 0.190597 0.004400
v 0.679445 0.416002 0.011607
v 1.038044 0.065136 -0.006679
v 0.824156 0.369107 -0.013492
v 0.558950 -0.225327 0.002527
v 0.383016 -0.119499 -0.018075
v 0.224311 0.311616 -0.018428
v 0.331162 0.405508 -0.005434
v 0.494725 0.180400 -0.010981
v 0.674644 -0.220813 -0.013001
v 0.896666 -0.105962 0.002701
v 0.040345 0.119434 0.014380
v 0.240724 -0.231532 -0.011602
v 0.884340 -0.239490 0.018906
v 0.651363 -0.227066 0.017634
v 0.728165 0.005913 0.015910
v 0.344062 0.048752 -0.015613
v 0.501215 -0.287207 0.017705
v 0.704707 0.401676 -0.018418
v 0.401795 0.092696 -0.017926
v 0.767253 -0.264383 -0.009296
v 0.707183 0.373553 -0.000468
v 0.962775 -0.215984 -0.006350
v 0.274865 -0.274929 0.008053
v 0.193759 0.144028 0.010810
v 0.795791 -0.270961 0.016938
v 0.965216 -0.087978 0.003468
v 0.216898 0.090719 0.008811
v 0.107132 0.197605 -0.004089
v 0.262516 0.113393 0.004505
v 0.493836 -0.204508 0.014897
v 0.715089 0.398595 -0.020325
v 0.300180 -0.118174 -0.014218
v 0.681051 -0.149123 -0.015187
v 0.342410 -0.258548 -0.005690
v 0.632308 -0.275804 0.019202
v 0.757744 0.400170 0.003337
v 0.567462 -0.156983 0.005198
v 0.629899 0.055105 0.008118
v 0.281271 0.078232 -0.018897
v 0.841199 0.243620 0.005903
v 0.944641 0.313305 -0.007192
v 0.544880 -0.080197 -0.018092
v 0.415852 -0.337230 -0.003400
v 0.647604 0.064573 -0.004144
v 0.117324 -0.082080 0.007116
v 0.844033 -0.281755 0.004111
v 0.894888 -0.254405 -0.012461
v 0.386183 0.321830 0.008977
v 0.223102 0.358969 0.004205
v 0.873711 0.248801 -0.001176
v 0.781979 0.164445 -0.010816
v 0.860807 -0.131143 -0.003647
v 0.210652 -0.238665 0.007509
v 0.563541 0.215440 0.015817
v 1.010183 0.278061 -0.000216
v 0.837031 0.310619 -0.003222
v 0.790252 0.290405 -0.007964
v 0.275797 -0.001980 0.016337
v 0.995686 -0.191949 -0.000081
v 0.569436 0.065517 0.013055
v 0.374278 -0.284041 0.006629
v 0.891038 0.084216 -0.018916
v 0.391320 0.391996 0.012176
v 0.371131 0.342032 0.002498
v 0.418224 0.213243 -0.014984
v 0.799867 -0.135111 0.006372
v 0.484188 -0.340575 0.008235
v 0.635241 0.242675 0.016741
v 0.844881 -0.281274 -0.004982
v 0.433666 -0.322800 -0.012568
v 1.072113 0.082295 -0.018612
v 0.672400 0.072574 0.013472
v 0.430088 -0.007023 -0.002379
v 0.574728 0.066429 0.018502
v 0.793023 -0.193620 -0.019116
v 0.012531 -0.019580 -0.011313
v 0.458580 -0.160441 -0.006926
v 0.862024 -0.171563 -0.013452
v 0.372650 -0.252184 -0.011335
v 0.959796 -0.113275 0.005601
v 0.408033 0.112145 0.011353
v 0.234185 0.239733 0.005993
v 0.056134 0.021880 -0.015106
v 0.835507 0.303995 0.000836
v 0.232656 0.388934 0.010963
v 0.427991 0.318818 0.008291
v 0.534955 0.334005 -0.020843
v 0.282101 0.341152 -0.017907
v 0.809246 -0.319907 -0.019474
v 0.312963 0.302957 -0.012092
v 0.600549 -0.154061 0.015205
v 0.066419 0.216316 0.004396
v 0.332404 -0.103569 -0.015141
v 0.038991 -0.098013 0.010374
v 0.777915 0.260197 -0.011223
v 1.021012 0.047058 -0.006049
v 1.011774 0.114474 -0.003967
v 0.170881 0.075859 0.015405
v 0.170079 0.033417 0.015529
v 0.832863 0.266726 0.013041
v 0.659837 0.445549 -0.002837
v 0.107510 -0.005620 -0.005984
v 0.929045 0.228082 0.015922
v 0.594568 -0.115300 0.017821
v 0.653328 0.197671 -0.003145
v 0.187879 0.169703 0.008027
v 1.008775 0.074679 -0.012822
v 0.450229 -0.046434 -0.004403
v 0.642429 -0.107579 0.002112
v 0.263565 -0.217206 0.008993
v 0.564000 0.047783 -0.008760
v 0.122356 -0.139635 0.002755
v 0.795745 0.197791 0.005144
v 0.337010 0.070264 -0.007446
v 0.241357 -0.128732 -0.008552
v 0.322783 -0.005228 0.002396
v 0.938374 -0.026959 -0.007682
v 1.018557 -0.134362 0.018530
v 0.427054 0.407182 -0.016407
v 0.873734 -0.035119 -0.000720
v 0.189060 -0.107703 0.019043
v 0.895414 0.365098 0.015245
v 0.769127 -0.134124 -0.017102
v 0.397479 0.025592 -0.016206
v 0.944576 0.006142 -0.019346
v 0.780790 -0.130640 -0.019169
v 0.503510 -0.126445 -0.009670
v 0.483326 -0.121251 0.018812
v 0.069267 -0.098500 -0.006318
v 0.430567 0.071560 -0.011218
v 0.755610 0.066496 -0.012761
v 0.885668 0.301514 -0.014703
v 0.457223 -0.028970 0.000301
v 0.603562 -0.018558 -0.009440
v 0.062482 -0.129837 -0.004137
v 0.349118 -0.143031 0.020809
v 0.816318 0.379778 -0.003861
v 0.596249 0.190556 0.002553
v 0.162774 0.312543 -0.020427
v 0.969977 -0.049269 -0.020168
v 0.734595 0.212140 -0.013744
v 0.202429 0.284309 -0.015167
v 0.425573 -0.253750 -0.005734
v 0.069265 0.121049 0.005672
v 1.008959 0.037095 -0.007281
v 0.891135 -0.182209 0.012884
v 0.574101 -0.181250 0.018734
v 0.873466 -0.011718 -0.003864
v 0.615335 -0.241568 -0.018913
v 0.167998 0.322457 0.012137
v 0.353968 0.226646 0.018469
v 0.611434 0.286781 -0.018245
v 0.286092 0.237311 0.002057
v 0.064161 -0.036508 -0.006135
v 0.722233 -0.083189 0.010397
v 0.522867 0.235878 -0.008540
v 0.535812 -0.150536 0.018471
v 0.304381 0.297621 -0.002984
v 0.740151 0.278876 -0.000230
v 0.234825 0.155633 -0.008412
v 0.466470 0.202126 0.015148
v 0.692309 -0.217555 0.001030
v 0.941804 0.058604 0.004576
v 0.569128 0.419010 0.006319
v 0.607732 -0.275077 -0.011825
v 0.681626 -0.135252 -0.010758
v 0.906617 0.007564 0.004077
v 0.340303 0.312360 -0.006047
v 0.590384 -0.322134 -0.007597
v 1.060515 0.203144 -0.019661
v 0.679748 0.244060 -0.001534
v 0.544636 0.012211 -0.001769
v 0.450085 0.445060 0.010843
v 0.572078 -0.265848 0.008272
v 0.053061 0.181695 -0.000419
v 0.890704 0.372164 -0.007781
v 0.200577 -0.252418 0.007012
v 0.587357 0.044464 0.002614
v 0.901423 0.098710 -0.006927
v 0.732177 0.043708 -0.019385
v 0.858744 0.309614 -0.020796
v 0.633607 0.046972 -0.013230
v 0.266203 -0.039492 -0.006576
v 0.703722 -0.053861 -0.001512
v 0.507702 0.395797 0.007238
v 0.578486 0.247496 -0.000358
v 0.851760 -0.234055 -0.013100
v 0.687655 -0.291789 -0.016776
v 0.829275 0.315295 0.003196
v 0.470525 0.436778 -0.004154
v 0.699015 0.311385 -0.009904
v 0.071797 -0.072113 -0.005027
v 0.733214 0.363420 -0.016338
v 0.864637 0.129929 -0.011615
v 0.714547 0.382147 -0.006296
v 0.408024 0.445765 -0.010099
v 0.572532 -0.364742 0.012524
v 0.744593 -0.247172 0.003553
v 0.480798 0.155051 0.006954
v 0.835719 -0.064368 -0.005986
v 0.559396 -0.146831 -0.001942
v 1.021769 0.121662 -0.015300
v 0.746499 0.405777 -0.003539
v 0.663473 0.315530 -0.004819
v 0.756061 0.047713 -0.017352
v 0.393994 0.314023 0.019460
v 0.457465 -0.309876 0.010381
v 0.569356 -0.162542 -0.016737
v 0.551908 -0.021196 -0.010183
v 0.949455 0.331187 0.006510
v 0.499066 0.081259 0.005100
v 0.937180 0.165369 -0.017479
v 0.683281 -0.129068 0.012184
v 0.591053 0.378808 -0.006887
v 0.974580 0.212015 0.018523
v 0.513065 0.120250 -0.007143
v 0.234019 -0.164204 -0.015001
v 0.776584 -0.312433 0.008564
v 0.321065 0.147873 0.012761
v 1.057932 -0.082411 -0.011957
v 0.648841 -0.324599 0.001303
v 0.044910 -0.091753 -0.008040
v 0.253286 0.387237 0.006618
v 0.472835 -0.031333 -0.005490
v 0.690101 -0.193401 -0.005617
v 0.682390 -0.073748 -0.013620
v 0.518894 -0.085360 -0.010275
v 0.076051 0.115792 -0.002454
v 0.131133 0.118216 -0.018315
v 0.491179 -0.172785 -0.019980
v 0.488561 0.258433 0.016603
v 0.091611 0.002788 0.006170
v 0.554119 0.444638 -0.005354
v 0.687840 -0.011937 -0.019398
v 0.425533 -0.086464 0.020216
v 0.361487 0.064695 0.005986
v 0.399035 0.292242 0.007699
v 0.889064 0.277382 -0.001357
v 0.916100 0.334913 0.019318
v 0.739729 -0.323470 -0.012028
v 0.646740 0.169242 -0.003051
v 0.487209 -0.061397 -0.018750
v 0.287101 0.045686 0.004979
v 0.784378 0.319622 -0.010660
v 0.412133 0.002703 -0.007465
v 0.624927 0.329213 0.011677
v 0.618079 0.095203 -0.015250
v 0.181946 0.025489 -0.020959
v 0.349189 -0.143816 0.003984
v 0.205165 -0.193419 -0.005327
v 0.641492 0.249941 -0.007653
v 1.095587 0.077138 -0.020753
v 0.605182 -0.204514 0.012890
v 0.564488 0.345100 0.004743
v 0.910064 -0.186171 -0.007993
v 0.476490 0.131253 0.003967
v 0.180055 0.044676 -0.004343
v 0.587361 0.419623 -0.009568
v 0.180802 -0.167520 -0.012360
v 0.167290 0.240434 0.007536
v 0.507494 0.155281 0.008861
v 0.846486 0.346455 0.001752
v 0.674331 0.115627 -0.010769
v 0.359630 0.003309 -0.013754
v 1.004501 0.159089 -0.016795
v 0.561499 0.307148 -0.016777
v 0.471248 0.200496 -0.016861
v 0.153288 -0.018550 -0.005810
v 0.558551 0.124287 0.002107
v 0.703775 0.389404 0.016022
v 0.363042 -0.218085 0.009394
v 0.381198 -0.100304 0.014326
v 0.582293 0.364830 0.007038
v 1.006965 0.259204 -0.000887
v 0.559519 0.308931 -0.020470
v 0.547569 -0.273289 -0.008137
v 0.169557 0.075453 -0.019061
v 0.745762 0.071884 -0.010207
v 0.450779 -0.313245 0.019594
v 0.867936 -0.097055 -0.002785
v 0.510428 0.302003 0.012360
v 0.674241 -0.280779 0.014194
v 0.449712 0.211061 -0.001731
v 0.396143 0.028286 -0.016375
v 0.642641 -0.307643 0.005133
v 0.641063 -0.170857 -0.010099
v 0.270278 0.297354 -0.015046
v 0.296654 0.199235 0.013554
v 0.250402 -0.116309 -0.000062
v 0.581521 0.329501 0.007743
v 0.905884 0.293657 0.000043
v 0.371824 0.130151 -0.003122
v 0.249910 -0.084854 -0.015352
v 0.141656 0.271431 0.017794
v 0.310454 0.121603 -0.019939
v 0.386158 0.194722 -0.016865
v 0.061997 -0.056924 -0.000931
v 0.425437 0.457521 -0.014033
v 0.841129 0.318013 0.017960
v 0.571195 -0.175084 -0.005007
v 0.822182 0.145974 -0.004579
v 0.266044 0.250411 -0.012399
v 0.609085 0.274343 0.007559
v 0.884825 0.173507 0.011724
v 0.457794 -0.110487 0.007180
v 0.339123 0.211859 -0.011476
v 0.109153 -0.197723 0.009959
v 0.690369 0.439027 -0.009999
v 0.821126 0.085750 -0.007846
v 0.148580 -0.025936 0.003913
v 0.983038 -0.182737 -0.011909
v 0.089353 -0.067251 -0.011284
v 0.948263 0.104669 -0.000570
v 0.199366 -0.153286 -0.004134
v 0.622679 0.431594 0.011151
v 0.342554 -0.032799 0.018988
v 0.635123 -0.297102 0.018818
v 0.883567 0.270659 -0.000733
v 0.845372 0.135476 -0.011632
v 1.031707 0.207577 -0.018905
v 0.529482 -0.297409 0.003318
v 0.871698 0.189012 -0.015612
v 0.760408 0.292534 0.000781
v 0.949532 0.089365 -0.002253
v 0.076432 -0.158958 -0.004180
v 1.022358 0.175854 -0.006944
v 0.142048 0.155132 0.012182
v 0.486335 -0.286726 0.013970
v 0.259496 0.082192 0.004801
v 0.456829 -0.020509 -0.014228
v 0.671396 -0.050921 -0.015782
v 0.457417 0.431561 0.012202
v 0.877180 0.030881 0.009986
v 0.169886 -0.050181 -0.016716
v 1.053708 -0.100937 -0.002828
v 0.113296 0.065693 0.007758
v 0.995983 -0.043011 -0.003932
v 0.573226 0.468184 -0.012595
v 0.902611 0.230821 0.020205
v 0.331749 0.235435 0.013355
v 0.534545 -0.314338 -0.016659
v 0.197636 -0.137056 -0.011847
v 0.885682 -0.104096 -0.017275
v 0.684354 -0.113523 0.014824
v 0.441294 -0.277817 0.016256
v 0.928096 0.150991 0.018806
v 0.490113 -0.084119 -0.012298
v 0.722775 -0.215933 -0.003107
v 0.311377 0.057158 0.007697
v 0.711964 0.280923 0.012704
v 0.420737 -0.204215 -0.015938
v 0.629746 -0.049265 0.004785
v 0.269450 0.013464 -0.019461
v 0.726822 -0.141141 0.004286
v 0.906062 0.150373 -0.014140
v 0.363310 0.228506 0.000667
v 0.420187 0.222762 0.008183
v 0.959894 -0.166173 -0.011154
v 0.205844 -0.135205 0.010857
v 0.822216 0.254409 -0.009305
v 0.503152 -0.274381 -0.014527
v 0.960654 -0.146872 0.016463
v 0.939210 0.283071 -0.018071
v 0.167640 -0.162697 -0.007448
v 0.653956 -0.024000 0.010040
v 1.082069 0.002441 -0.010329
v 0.193442 0.061073 -0.013461
v 1.006850 -0.100817 0.020641
v 0.455782 -0.207700 -0.019432
v 0.435368 -0.199087 0.003001
v 0.530489 0.262899 0.013642
v 0.481663 -0.258470 -0.007630
v 0.835368 0.195738 0.011591
v 0.509148 0.026390 0.011416
v 0.208216 0.099290 0.006782
v 0.268231 0.400259 -0.019062
v 0.158299 -0.132378 -0.008154
v 0.858607 -0.165987 -0.001478
v 0.189050 -0.242186 -0.019651
v 0.978174 0.019655 0.015382
v 0.440472 -0.222594 0.005714
v 0.795486 -0.101086 0.018720
v 0.867774 -0.072246 0.000345
v 0.778236 0.127436 0.019446
v 0.027498 0.124897 -0.001982
v 0.349003 0.071138 -0.000889
v 0.594108 0.275123 -0.020529
v 0.816342 -0.062011 0.006319
v 0.264148 -0.236357 0.018694
v 0.908669 0.233776 0.015941
v 0.690473 -0.120244 0.012994
v 0.103289 0.261127 -0.013237
v 0.579542 0.283765 0.016875
v 0.886820 0.222785 0.006250
v 0.445089 0.252330 -0.008546
v 1.055859 -0.018610 -0.009628
v 0.331938 -0.250222 -0.014392
v 0.458826 0.421179 0.010665
v 0.975905 0.064975 -0.002553
v 0.241520 0.369826 -0.017184
v 0.356232 -0.212503 0.006610
v 0.902130 0.015815 -0.009493
v 0.232924 -0.157296 -0.016672
v 0.308867 0.055795 0.001644
v 0.409944 -0.333193 -0.001367
v 0.336779 0.396475 -0.015362
v 0.839667 -0.304580 0.007744
v 0.270205 -0.159907 0.013635
v 0.435853 0.126320 0.016876
v 0.566930 -0.018001 -0.012615
v 0.229079 0.270666 -0.013388
v 0.067003 -0.146497 -0.019520
v 0.810588 -0.005367 -0.004946
v 0.240964 0.267174 0.018335
v 0.347050 0.130906 -0.013949
v 0.398483 0.215791 -0.004884
v 0.397760 -0.003534 -0.018252
v 0.764637 -0.283402 -0.012941
v 0.326829 -0.294074 0.012308
v 0.613411 -0.177053 -0.009221
v 0.405670 -0.068744 -0.020908
v 0.343674 0.130729 0.010277
v 0.519611 0.232235 0.012850
v 0.365691 -0.224290 -0.011337
v 0.568721 0.241332 -0.005421
v 0.988160 -0.084740 -0.004988
v 0.776993 -0.071777 -0.019434
v 0.096591 0.200716 0.013101
v 0.673500 0.237204 0.002605
v 0.227407 0.270730 -0.015391
v 0.511865 0.103153 -0.009702
v 0.280980 0.373596 0.003260
v 0.238162 0.389296 0.014808
v 0.194627 -0.252417 0.012892
v 0.978052 0.026745 0.015924
v 0.994425 -0.133358 0.015356
v 0.552848 0.324416 0.016981
v 0.800433 -0.144574 -0.007276
v 0.474772 0.166861 0.015199
v 0.453774 0.100034 -0.001768
v 0.679004 -0.237330 -0.020810
v 0.587082 -0.324159 -0.006711
v 0.806857 0.276394 -0.001876
v 1.050608 -0.116681 0.010062
v 0.282047 -0.120405 -0.005154
v 0.900767 -0.013646 0.003740
v 0.336108 -0.087369 -0.020311
v 0.436804 -0.220637 0.014841
v 0.228789 -0.256083 0.015395
v 0.436020 0.088820 0.014544
v 0.170690 -0.226232 -0.017607
v 0.798239 0.005589 0.000991
v 0.703259 -0.342524 0.018158
v 0.247711 0.128175 -0.000822
v 0.322179 0.264388 -0.007317
v 0.462580 -0.045137 0.009575
v 0.481282 0.077836 -0.016971
v 0.252961 0.062276 0.002645
v 0.510823 -0.126014 -0.009068
v 0.692650 0.448066 0.004649
v 0.318197 -0.163047 0.000719
v 1.089747 0.098512 0.017907
v 0.314231 0.407758 0.006120
v 0.619210 -0.213194 0.008711
v 0.617083 -0.144497 -0.006587
v 1.029181 0.157710 0.010474
v 0.529191 0.226458 0.002562
v 1.000920 0.217621 0.001556
v 0.706258 0.260175 -0.002280
v 0.518592 0.122784 -0.015538
v 1.029748 0.183710 0.015089
v 0.051885 -0.044911 0.020958
v 0.344694 0.126400 -0.005192
v 0.741991 -0.213065 0.012163
v 0.219860 -0.215726 -0.010527
v 0.298623 -0.203422 0.010867
v 0.206636 0.222936 -0.018826
v 0.315031 0.207465 -0.006267
v 1.050486 0.095711 -0.020087
v 0.972084 0.225792 -0.002550
v 0.173914 -0.103463 -0.017470
v 0.703987 -0.267131 -0.020936
v 0.406128 0.437729 0.015105
v 0.857886 0.362853 0.008741
v 0.164517 0.126239 0.010877
v 0.793841 0.108918 -0.007243
v 0.873278 0.375296 0.010389
v 0.614981 0.276210 -0.009187
v 0.357256 -0.104520 0.000364
v 0.161459 -0.159223 0.009187
v 0.593911 0.356008 0.007319
v 0.701729 0.210617 -0.002531
v 0.215294 0.187023 0.014373
v 0.850920 -0.112201 -0.011767
v 0.811447 0.247237 -0.009243
v 0.316689 0.272879 -0.003024
v 0.315000 -0.303307 -0.004699
v 0.893584 -0.047824 -0.007847
v 0.966738 0.134144 0.017199
v 0.918130 -0.116658 0.013176
v 0.513637 0.344427 0.011482
v 0.347793 0.205711 -0.008952
v 0.569500 0.273826 0.000102
v 0.337056 0.327814 0.014635
v 0.198257 0.144564 -0.010343
v 0.591826 -0.011889 0.010636
v 0.571491 0.311538 -0.003365
v 0.464043 0.060261 0.015629
v 1.056875 0.105156 -0.003307
v 0.363348 0.234492 -0.002304
v 0.600767 0.168606 -0.007682
v 0.303441 0.084466 0.011632
v 0.942838 0.167455 0.012128
v 0.476332 -0.020992 0.014746
v 0.514490 -0.323810 -0.005351
v 0.306154 0.283724 -0.010829
v 0.478936 0.258608 -0.010745
v 1.039344 0.010387 0.006497
v 0.308782 0.147284 0.019061
v 0.988279 -0.151388 -0.015534
v 0.086436 0.269636 0.005515
v 0.938427 -0.124360 -0.020434
v 0.820846 -0.005915 -0.019786
v 1.022122 0.048957 -0.018054
v 0.505177 -0.327601 0.003566
v 0.557199 -0.202525 -0.003301
v 0.952021 0.215434 0.004110
v 0.120314 -0.098642 0.014009
v 0.711876 0.045041 -0.016724
v 0.845206 -0.144426 0.010453
v 0.048079 0.180362 -0.004125
v 0.966719 0.215940 -0.001244
v 0.400522 0.108115 0.005999
v 0.314719 -0.190584 0.007095
v 0.478452 0.330060 0.003509
v 0.191186 0.249351 0.011843
v 0.165250 0.314325 0.008743
v 0.884186 0.075455 -0.015407
v 0.101854 0.285362 0.003619
v 0.988208 0.085403 -0.018152
v 0.458943 -0.294803 0.008050
v 0.783597 0.054046 0.008584
v 0.025969 0.059104 0.014925
v 0.348438 0.402368 0.007577
v 0.294326 -0.140735 0.017414
v 0.667477 0.090224 -0.018176
v 0.834839 -0.165688 -0.005204
v 0.440708 0.267445 0.015440
v 0.646842 0.364237 -0.017208
v 0.096482 0.153494 -0.006737
v 0.528939 0.279185 -0.008297
v 0.715190 0.181326 0.004440
v 0.535800 0.103160 0.016682
v 0.707444 -0.072116 0.009324
v 0.628727 -0.234970 -0.011522
v 0.451592 0.143983 0.017463
v 0.351886 -0.282048 -0.003936
v 0.361188 0.413540 -0.000130
v 0.469655 0.229398 0.019714
v 0.682564 -0.006756 0.007321
v 0.877372 0.063620 -0.005297
v 0.491220 0.455741 -0.003427
v 0.343494 0.394743 -0.006331
v 1.056862 -0.073438 0.011584
v 0.401353 0.179278 -0.016005
v 0.250716 -0.024858 0.015827
v 0.596176 -0.044698 0.003248
v 0.378943 0.423177 0.012333
v 0.751898 0.129752 0.020914
v 0.863397 0.018553 0.012921
v 0.839268 -0.300489 -0.016355
v 0.085697 0.139338 -0.013532
v 0.031233 -0.046522 -0.016922
v 0.624364 0.351176 0.019093
v 0.985475 0.266055 0.011148
v 0.489316 -0.365902 0.019342
v 0.806467 0.134796 -0.004822
v 0.523591 0.401716 0.020245
v 0.794538 0.405650 -0.016683
v 0.289924 -0.110687 -0.001541
v 0.844865 -0.299043 0.014574
v 0.803785 -0.253620 -0.016733
v 0.834308 0.141233 -0.001168
v 0.607868 0.168502 -0.017339
v 0.523172 -0.072983 -0.010523
v 0.332193 0.342281 -0.005777
v 0.862669 -0.283124 -0.007529
v 0.679480 0.074720 -0.008093
v 0.914464 0.067972 -0.017306
v 0.427700 -0.335911 0.004899
v 0.817613 -0.123433 0.004784
v 0.392209 0.397801 -0.007570
v 0.130092 0.262723 -0.002849
v 0.548687 -0.182113 0.020494
v 0.389238 0.400807 0.010163
v 0.720937 0.345323 -0.015063
v 1.022118 -0.096003 0.004114
v 0.479988 0.132808 -0.008115
v 0.926235 0.212764 0.009817
v 0.834175 0.213956 -0.016605
v 0.434331 -0.194257 0.005910
v 0.488183 -0.069276 -0.018527
v 0.561895 -0.334876 0.008497
v 0.352616 0.024730 0.006894
v 0.865125 0.319513 -0.004011
v 0.864898 0.345920 0.017852
v 0.641959 0.149180 0.013043
v 0.278907 0.313996 -0.013839
v 0.650917 -0.326127 0.002876
v 0.395486 0.158785 0.001221
v 0.287233 -0.167557 0.012585
v 0.427310 -0.300390 -0.020533
v 0.363653 -0.015551 0.012585
v 0.193810 -0.252159 0.005609
v 0.071066 0.067762 0.002153
v 0.106325 0.146439 -0.014368
v 1.079064 0.128400 0.006762
v 0.792811 -0.063035 -0.006737
v 0.352771 0.056301 0.012813
v 0.050199 -0.091489 -0.014921
v 0.374876 0.234923 -0.013177
v 0.526219 -0.036917 0.007429
v 0.022316 0.020274 0.005986
v 0.492994 -0.105274 0.005534
v 0.480921 0.044676 -0.005036
v 0.527951 0.119106 0.012234
v 0.688373 -0.137289 -0.003423
v 0.359871 0.228653 -0.000962
v 0.079692 0.163818 0.008089
v 0.298676 -0.102744 0.009157
v 1.057703 0.107152 0.005652
v 0.963996 -0.006092 -0.007120
v 0.194657 0.268397 -0.012422
v 0.835174 0.195545 0.005334
v 0.248925 0.348644 -0.011737
v 0.176372 -0.060615 0.017923
v 0.067001 0.188584 -0.006401
v 0.379170 -0.329130 0.004760
v 0.621772 -0.050309 -0.004647
v 0.893308 -0.019103 -0.015625
v 1.003551 -0.119733 -0.020033
v 0.696183 0.119069 0.009530
v 0.668128 0.293477 0.017728
v 0.130550 0.086393 0.006947
v 0.061558 0.178446 0.010654
v 0.359429 -0.078949 -0.020300
v 0.320947 0.371647 0.009672
v 0.796938 -0.187392 0.012501
v 0.595091 -0.307156 0.002525
v 0.945348 -0.046548 -0.008062
v 0.145495 -0.143647 -0.010096
v 0.720033 -0.284817 0.019195
v 0.588099 0.327232 0.002553
v 0.111155 -0.158338 0.019207
v 0.335652 0.155559 -0.018636
v 0.118408 -0.091147 -0.015704
v 0.501949 -0.242735 0.012929
v 0.535565 0.349894 0.000717
v 0.708119 -0.230512 0.011349
v 0.710761 -0.158437 0.007928
v 0.857117 0.369618 -0.005562
v 0.318589 -0.242617 0.006869
v 0.702686 -0.070110 0.017062
v 0.442214 -0.340095 0.010926
v 0.747209 0.175837 -0.010690
v 0.641131 0.318713 0.000418
v 0.328362 0.306436 -0.008483
v 0.884083 -0.047094 0.017079
v 0.299888 -0.178345 0.004654
v 0.297646 0.191451 0.002170
v 0.267179 0.077794 -0.009209
v 0.359627 0.333316 -0.006942
v 0.838786 0.170065 -0.012572
v 0.838606 -0.041080 -0.006526
v 0.623327 -0.184591 0.005397
v 0.958382 -0.111957 -0.000481
v 0.188296 -0.016219 -0.009390
v 0.686547 0.028042 0.005717
v 0.885848 0.002299 0.016268
v 0.874365 -0.069336 -0.007424
v 0.896184 0.299190 -0.016052
v 0.263707 -0.147920 -0.010199
v 0.619989 0.374499 -0.006065
v 0.349529 0.384592 0.011703
v 0.073617 0.205175 0.004678
v 0.153681 0.168508 -0.011022
v 0.460030 -0.345504 -0.018908
v 0.863129 -0.018797 0.000181
v 0.753410 0.400968 -0.004368
v 0.588237 0.126072 0.010861
v 0.373013 0.306113 0.005851
v 0.686289 0.246719 -0.015697
v 0.472257 0.353294 0.010295
v 0.397502 0.371496 -0.013969
v 0.249022 0.261604 0.002844
v 0.274951 0.023600 0.006506
v 0.700737 0.086854 0.005618
v 0.449280 0.047026 -0.020660
v 0.699598 0.434020 0.002249
v 1.007241 0.219668 0.015560
v 0.299295 0.127707 0.012372
v 0.207032 0.005166 0.010369
v 0.806438 0.200575 -0.010029
v 0.490145 0.076327 -0.010708
v 0.745148 0.267046 0.004832
v 0.080030 0.198871 0.018119
v 0.707897 -0.187767 0.008422
v 0.429446 0.052446 -0.007024
v 0.693726 0.438787 0.014808
v 0.424012 0.353132 -0.016502
v 0.381695 -0.279895 0.013482
v 0.336301 0.277530 0.005315
v 0.348028 -0.293314 -0.005694
v 1.075407 0.159961 0.015938
v 1.064342 -0.079664 0.009352
v 0.809969 -0.223996 0.006567
v 0.072158 -0.086791 0.007290
v 0.056942 0.161987 0.002059
v 0.735489 0.139071 -0.013339
v 0.517072 0.456947 -0.005427
v 0.160312 0.091985 -0.008880
v 0.259233 0.221287 0.004599
v 0.797606 -0.282972 0.013866
v 0.972754 0.233296 0.002628
v 0.392361 -0.006201 0.000205
v 0.226089 0.120037 -0.018122
v 0.140430 -0.103432 -0.008445
v 0.665292 -0.264320 -0.014061
v 0.597538 0.177972 0.017541
v 0.380834 -0.071176 0.010892
v 0.574726 -0.251503 0.006052
v 0.352703 -0.197475 -0.002521
v 0.239687 0.153654 -0.007592
v 0.855729 -0.124397 -0.005811
v 0.409283 0.360714 0.006243
v 0.436320 -0.274224 -0.008151
v 0.909632 0.022281 -0.001228
v 0.231396 0.061276 -0.003758
v 0.056069 -0.109514 0.009489
v 0.686668 -0.139645 0.004725
v 0.857033 -0.125820 0.018758
v 0.446327 -0.165361 -0.016273
v 0.654081 0.363718 -0.001402
v 0.997864 0.037336 -0.016389
v 0.969373 -0.054619 -0.001582
v 0.854149 -0.235072 0.004812
v 0.513930 0.390928 0.013383
v 0.302661 -0.244599 -0.000682
v 0.798532 0.410905 -0.001331
v 0.201590 0.049195 -0.016638
v 0.306642 0.332488 0.009712
v 0.380771 0.059927 0.001427
v 0.788669 -0.131032 -0.012012
v 0.441194 -0.090880 0.015150
v 0.023311 -0.043642 -0.006320
v 1.031289 0.090933 0.010495
v 0.662077 -0.324519 -0.000589
v 0.139893 -0.170998 -0.005791
v 0.105364 0.046618 -0.004097
v 0.841903 0.379707 0.001298
v 0.916674 -0.129968 -0.016063
v 0.628386 0.211212 -0.012037
v 0.507322 -0.321190 0.005800
v 0.266908 0.129306 -0.001469
v 0.544963 0.427248 0.020878
v 0.112434 0.171276 -0.010312
v 0.996122 0.004944 -0.000456
v 0.731529 -0.304292 -0.010687
v 0.445902 0.352909 0.008973
v 0.056499 -0.132877 0.000764
v 0.660519 0.448104 -0.005340
v 0.561015 -0.030437 -0.001618
v 0.731047 0.405462 -0.016768
v 0.836395 0.166383 0.007468
v 0.491020 -0.020046 -0.016596
v 0.549010 -0.357230 -0.001679
v 0.622038 -0.161070 -0.019595
v 0.106296 -0.043829 -0.013520
v 0.246995 0.007363 -0.016890
v 0.728849 -0.044247 0.010469
v 0.222180 0.333356 -0.011073
v 0.084340 -0.064743 0.003586
v 0.124096 0.166701 -0.006176
v 0.665665 0.310336 0.020994
v 0.245076 0.304244 -0.006046
v 0.204006 0.004421 -0.000460
v 0.357693 0.093211 0.001610
v 0.529768 0.171743 -0.012027
v 0.706445 -0.311142 0.010638
v 0.435666 -0.024183 -0.013038
v 0.132444 -0.192875 -0.007985
v 0.244233 0.061013 0.004808
v 0.087937 0.210083 0.017761
v 0.369278 0.376494 0.009542
v 0.136435 0.239335 0.016146
v 0.821189 -0.016290 0.019457
v 0.710331 0.397019 0.019882
v 0.328064 -0.247390 0.017395
v 0.428550 -0.127976 -0.005703
v 0.201658 -0.229339 0.002550
v 0.834908 0.363181 0.000574
v 0.867790 0.010484 0.018841
v 0.420030 -0.128903 0.009637
v 0.746230 -0.330021 0.008717
v 0.613831 -0.100276 0.000276
v 0.579300 -0.211449 0.018437
v 0.943678 0.279241 0.007233
v 1.023059 -0.050256 -0.014018
v 0.511223 0.389318 -0.007465
v 0.732766 0.267098 0.017777
v 0.130212 -0.141165 0.001955
v 0.622649 -0.101024 -0.007008
v 0.326467 -0.107684 0.020023
v 0.570375 -0.231786 -0.009908
v 0.317295 -0.137138 -0.005363
v 0.623925 0.300849 0.013397
v 0.450370 0.446610 -0.016406
v 0.945392 0.262362 0.001358
v 0.857562 -0.273257 -0.006610
v 0.668952 0.442782 -0.013122
v 0.995780 -0.023018 -0.014936
v 0.686166 0.417167 0.006026
v 0.892261 0.240563 -0.002329
v 0.893387 -0.032985 -0.008362
v 0.943130 0.267299 -0.009263
v 0.394207 0.052501 -0.004956
v 0.610937 0.102502 -0.017871
v 0.407190 -0.126405 -0.010797
v 0.535708 0.152009 -0.016907
v 0.640334 0.208273 -0.012304
v 0.363391 0.169148 0.000343
v 0.799632 -0.132538 -0.008775
v 0.648996 0.000639 0.003066
v 0.996641 0.031519 -0.000707
v 0.864983 0.244964 0.011570
v 0.210716 0.301972 -0.005327
v 0.107625 0.085829 0.007940
v 0.874972 0.158651 0.019255
v 0.437559 0.050546 0.001915
v 0.745230 -0.167733 -0.018928
v 0.430155 0.332845 0.013185
v 0.595182 0.246746 0.013739
v 0.815956 0.378333 0.006482
v 0.629164 -0.154029 -0.002965
v 0.423344 0.357431 -0.017501
v 1.003477 0.131999 0.007757
v 0.604960 0.394232 -0.004750
v 0.967159 -0.147359 0.002903
v 1.005399 -0.027146 0.010529
v 0.388746 -0.109107 -0.015511
v 0.766159 -0.335757 0.008617
v 0.176056 -0.147183 -0.015818
v 1.013565 0.214278 0.002463
v 0.830600 0.205354 0.001883
v 0.221023 -0.087241 -0.020547
v 0.517802 0.192081 -0.007051
v 0.559080 0.374812 0.005780
v 0.385923 0.143493 0.015734
v 0.883173 -0.028095 -0.020855
v 0.714019 0.292915 0.009869
v 0.567252 -0.261316 0.000422
v 0.356305 0.213918 -0.020560
v 0.899993 -0.253772 -0.011260
v 0.597435 -0.202216 -0.011307
v 0.249809 0.044979 0.007663
v 0.435778 -0.033530 -0.003853
v 0.059196 0.175344 -0.007297
v 0.814746 0.168641 0.017568
v 0.365858 0.186470 0.007991
v 0.500079 0.105972 -0.014157
v 0.654041 0.094650 0.012928
v 0.995963 0.261430 -0.010729
v 0.820307 0.175212 0.000556
v 0.243806 -0.214500 0.002783
v 0.807568 0.064777 0.012937
v 0.790309 -0.165346 -0.000303
v 0.041336 0.067232 0.008369
v 0.664740 0.280762 0.000013
v 0.984564 -0.167821 -0.008254
v 0.910207 0.341334 0.008343
v 0.717851 0.053877 -0.004529
v 0.293850 -0.001365 0.005653
v 0.257106 -0.030970 -0.010959
v 0.339878 0.191131 0.010754
v 0.069332 0.160287 -0.001785
v 0.791195 -0.157154 -0.018453
v 0.351575 0.178964 -0.007367
v 1.034129 -0.059504 0.018111
v 0.662515 -0.219978 0.005671
v 0.825973 -0.272877 0.005840
v 0.286627 0.085207 -0.011439
v 0.735369 0.336879 -0.003352
v 0.772339 -0.264825 -0.007000
v 0.562044 -0.246805 0.020161
v 0.870649 0.041604 0.011738
v 0.456106 0.260739 0.001400
v 0.841897 0.112018 0.015676
v 0.093434 0.191118 0.014435
v 0.020947 -0.057531 -0.004745
v 0.863514 -0.252924 -0.014188
v 0.952043 0.152887 0.014646
v 0.805543 -0.109380 0.003348
v 0.929241 -0.190281 -0.003631
v 0.683480 0.142594 -0.000667
v 0.927783 0.037720 -0.008120
v 0.268592 0.120458 0.010214
v 0.224548 0.190050 0.000493
v 0.603598 -0.108382 -0.004729
v 0.284755 -0.055808 -0.006810
v 0.975131 -0.070874 0.010845
v 0.173885 -0.107827 -0.010172
v 0.391865 -0.230413 -0.006347
v 0.112401 0.242384 -0.005084
v 0.191245 -0.124180 0.017731
v 0.996539 -0.051727 -0.003876
v 0.589344 0.199734 -0.003790
v 0.453464 0.027138 0.011236
v 0.208158 0.147967 -0.001839
v 0.240204 -0.113271 0.010788
v 0.665038 0.353231 0.013667
v 0.710005 0.206129 -0.001326
v 0.742040 0.381644 0.010870
v 0.127324 0.168410 -0.017413
v 1.002285 -0.071039 0.020511
v 0.842693 0.268519 -0.003383
v 0.737622 0.395475 -0.003912
v 0.984885 -0.020220 -0.013947
v 0.629112 0.242989 0.007745
v 0.570621 -0.044365 -0.014990
v 0.156290 -0.221104 -0.010406
v 0.196134 0.306697 0.013205
v 0.936321 -0.195314 0.018981
v 0.157197 0.339419 -0.010139
v 0.627275 0.447869 -0.004249
v 0.439568 0.176140 -0.006677
v 0.215345 -0.011669 0.011698
v 0.415520 -0.023421 0.000246
v 0.572089 0.404841 -0.018960
v 0.662830 -0.330187 -0.009874
v 0.059024 -0.024119 -0.006874
v 0.073900 -0.023406 -0.006693
v 0.972798 0.305790 0.005534
v 0.586512 -0.251663 -0.020588
v 0.712615 0.265246 -0.007937
v 0.856367 0.344563 -0.007393
v 0.897719 0.006963 0.020721
v 0.876712 0.003419 0.012630
v 0.044212 0.099604 0.018950
v 0.132896 -0.054929 -0.002242
v 0.188697 0.258820 -0.019234
v 0.456482 -0.353297 -0.013911
v 0.550847 0.165143 -0.000817
v 0.686923 -0.024012 0.019691
v 0.888370 -0.129025 0.019507
v 1.024123 -0.141689 0.011579
v 0.337393 -0.212464 -0.001177
v 0.171869 0.005226 0.017627
v 0.304043 0.026998 0.012498
v 0.986887 0.223406 0.012834
v 0.102286 -0.104070 -0.013705
v 0.705664 -0.213560 0.006994
v 0.314969 0.194157 -0.003061
v 0.596765 0.414460 0.001760
v 0.172856 0.038125 -0.020186
v 0.648457 0.090465 0.001137
v 0.376570 0.371333 -0.014697
v 0.999888 0.096040 0.009686
v 0.531570 0.028985 0.009373
v 0.250685 0.065681 0.018779
v 0.813576 0.139851 -0.000072
v 0.882217 0.346995 -0.018138
v 0.743252 -0.110262 -0.003568
v 0.769075 -0.118462 0.010068
v 0.611285 -0.196012 -0.003958
v 0.394520 -0.204578 -0.009417
v 0.670050 -0.129261 0.009295
v 0.928004 0.154748 0.011214
v 0.443427 0.348557 0.018432
v 0.573940 0.095044 0.019639
v 0.164113 0.035753 0.016888
v 0.454067 -0.131011 0.001466
v 0.328607 -0.165887 0.012416
v 0.759840 -0.133079 0.020069
v 0.664949 0.176630 -0.000612
v 0.499738 0.389995 -0.006626
v 0.425675 -0.267055 -0.001667
v 0.645460 0.099979 -0.016512
v 0.158956 0.185315 0.014575
v 0.351086 0.065913 0.004932
v 0.304776 0.306394 -0.019059
v 0.675387 -0.084639 0.009401
v 0.388356 0.213692 0.008611
v 0.912196 -0.003606 -0.020842
v 0.498253 0.385630 -0.012696
v 0.232535 0.085876 -0.014216
v 0.821682 -0.082594 0.019516
v 0.322900 -0.138514 -0.007446
v 0.805005 0.244469 -0.012137
v 0.259638 -0.120564 -0.009138
v 0.589045 0.100326 0.012077
v 0.281259 0.400787 -0.008286
v 0.897593 -0.274112 0.019453
v 0.808625 -0.067234 0.013050
v 0.744670 -0.234097 -0.014345
v 0.841390 0.287811 0.000720
v 0.110625 -0.048425 -0.013532
v 0.243110 -0.286295 0.019650
v 0.953720 -0.132499 -0.011103
v 0.871896 -0.077190 0.012155
v 0.037573 0.099393 -0.010169
v 0.659690 0.266592 0.005446
v 0.383255 0.243559 0.016663
v 0.328302 0.029809 0.019928
v 0.279188 0.253216 -0.006823
v 0.164635 0.247031 -0.008090
v 0.953219 -0.190934 0.006199
v 0.769080 -0.233218 0.002997
v 0.571187 -0.149184 0.017980
v 0.285170 -0.218556 -0.015735
v 0.047246 0.120989 0.019362
v 0.222866 -0.204515 0.002840
v 0.690850 0.056417 0.008358
v 0.171975 0.081082 -0.015647
v 0.803775 -0.134331 0.008170
v 1.042575 -0.024193 -0.015713
v 0.534160 0.214263 -0.019612
v 0.186746 0.219768 -0.018772
v 0.580646 -0.305075 -0.009726
v 0.812121 -0.313102 0.017320
v 0.458337 -0.095815 -0.010847
v 0.724145 0.001388 -0.001675
v 0.696563 -0.189434 0.017281
v 0.520812 0.460911 -0.007213
v 0.110329 -0.112076 0.015910
v 0.285671 -0.176461 -0.015713
v 0.350371 -0.076721 0.020113
v 0.131194 -0.217360 -0.009538
v 0.620238 -0.111181 0.003159
v 0.223474 -0.241471 0.019439
v 0.362120 -0.140789 -0.003475
v 0.155109 0.227218 0.012076
v 0.596192 -0.065302 -0.006178
v 0.600564 0.005103 -0.013910
v 0.072765 0.217934 0.010154
v 0.076160 0.130945 -0.004087
v 1.015560 0.073708 -0.014984
v 0.165075 -0.072335 0.008533
v 0.312823 -0.158467 0.014382
v 0.124174 0.266304 0.006087
v 0.433344 0.317821 -0.000467
v 0.802530 -0.245451 -0.007640
v 0.481582 -0.030814 0.017685
v 0.672900 0.237196 -0.004177
v 0.341792 0.057288 0.008624
v 0.885465 0.153602 0.018915
v 0.657109 -0.151300 0.002978
v 0.330893 -0.111071 -0.011290
v 0.173869 -0.095370 -0.009359
v 0.836726 -0.237192 0.007218
v 0.873816 -0.230033 0.007933
v 0.721982 0.305832 0.008144
v 0.426210 0.211288 0.013744
v 0.629370 -0.067136 -0.011705
v 0.928689 0.085967 -0.009356
v 0.554742 0.448020 0.007527
v 1.068839 0.180039 -0.003230
v 0.736833 0.155686 -0.008689
v 0.276317 0.082223 0.005609
v 0.316789 0.005782 0.013395
v 0.698771 0.222436 -0.006433
v 0.483378 0.151106 -0.018976
v 0.551836 0.202627 -0.016975
v 1.005695 0.112621 -0.005643
v 0.300617 0.290807 -0.000056
v 0.728891 -0.337273 -0.009796
v 0.675800 0.048592 -0.014621
v 0.943701 -0.182113 0.007354
v 0.875467 -0.037187 -0.018009
v 0.369208 -0.042225 0.013147
v 0.673128 -0.069887 -0.011232
v 0.582551 -0.025238 -0.000575
v 0.131199 0.015968 0.014468
v 0.756583 -0.273067 0.016209
v 0.817020 -0.091556 0.010203
v 0.510139 -0.181879 0.019362
v 1.043469 -0.122716 0.004892
v 0.678613 -0.048850 0.008064
v 0.743955 -0.132929 -0.000161
v 0.934096 0.329897 -0.002846
v 0.615436 0.458208 0.005536
v 0.746446 0.212716 -0.010667
v 0.743182 -0.182793 0.010289
v 0.887825 0.339404 0.007197
v 0.860491 -0.194338 0.016455
v 0.493376 -0.150040 -0.015480
v 0.560765 0.041676 -0.002696
v 0.650457 0.087975 -0.014539
v 0.387641 0.339537 -0.004813
v 0.711954 -0.270121 -0.003359
v 0.064883 0.182340 -0.008145
v 0.370415 -0.271545 -0.003257
v 0.883832 -0.105330 0.010297
v 0.398246 -0.026498 -0.017697
v 0.447176 0.406223 0.009775
v 0.825710 -0.241404 0.004196
v 0.157511 0.077207 0.000035
v 0.895759 0.237215 -0.019393
v 0.708525 -0.328643 0.006571
v 0.345616 0.186083 0.000966
v 0.222096 0.214185 0.008724
v 0.533426 -0.074370 0.013327
v 0.334578 0.267044 0.004027
v 0.985335 0.035393 0.006755
v 0.146180 0.333052 0.010867
v 0.335489 0.011974 -0.000897
v 0.490356 0.043078 0.018868
v 0.501903 -0.112093 -0.020925
v 0.285745 -0.188747 0.007276
v 0.827990 -0.028483 -0.014518
v 0.638282 0.230656 -0.003361
v 0.942540 0.083556 0.009540
v 0.527889 -0.019220 0.001406
v 0.881158 0.131670 -0.002375
v 0.908336 -0.193367 0.003528
v 0.884254 0.031759 0.005945
v 0.382686 0.233801 0.002042
v 0.108615 0.259016 -0.010071
v 0.139842 0.087957 0.018640
v 0.264091 0.257836 -0.003450
v 0.193150 0.330940 -0.006820
v 0.375482 0.057189 -0.003151
v 0.478541 0.120970 0.007091
v 0.690856 -0.315047 -0.012296
v 0.374875 0.431425 -0.017245
v 0.964792 0.150316 -0.002566
v 0.371221 -0.034930 0.009230
v 0.815168 0.278819 0.019376
v 0.118517 0.208802 -0.012015
v 0.609343 -0.299349 -0.000751
v 0.572868 0.395136 -0.016824
v 0.139637 0.059594 -0.016453
v 0.653021 -0.326729 -0.016475
v 0.471115 0.334832 -0.014545
v 0.674725 -0.077497 0.006921
v 0.767116 0.246601 0.013359
v 0.505910 0.105320 -0.018572
v 0.318972 0.320047 -0.019683
v 1.016279 0.035512 0.006964
v 0.200241 -0.110570 -0.012231
v 0.748830 -0.168550 -0.001754
v 0.172749 0.012819 -0.007986
v 0.758527 0.161761 -0.012508
v 0.628948 -0.164773 0.001098
v 0.568849 -0.051380 -0.019744
v 0.778222 0.145053 -0.014390
v 0.362726 0.430535 0.020408
v 0.008027 0.071555 -0.009325
v 0.166812 0.170812 0.019395
v 0.082815 0.267771 -0.003641
v 0.250771 0.245194 -0.000146
v 0.609207 0.174725 0.004437
v 0.399375 0.161336 -0.014481
v 0.626488 -0.278701 -0.018661
v 0.688543 0.231311 -0.015555
v 0.784653 -0.086061 -0.005364
v 0.535044 -0.232016 0.014616
v 0.776183 -0.002005 -0.017690
v 0.269251 0.281305 -0.019174
v 0.508891 0.452289 0.014735
v 0.807175 0.386896 0.016068
v 0.694533 0.058318 -0.004093
v 0.940017 0.133380 -0.016180
v 0.728940 0.338936 -0.000513
v 0.093822 -0.071290 -0.000592
v 0.233428 -0.161008 -0.004972
v 0.604855 0.163439 -0.015098
v 0.308034 0.201091 0.002170
v 0.743509 -0.309827 -0.008285
v 0.667298 0.182326 0.012568
v 0.525494 0.362424 -0.010455
v 0.218477 -0.022207 0.009416
v 0.563340 0.335137 -0.001595
v 0.515219 0.131390 0.018607
v 0.818544 -0.284181 0.017363
v 0.760571 0.082317 0.007520
v 0.213654 -0.228024 0.017644
v 0.651078 -0.267234 -0.010561
v 0.510637 0.034980 -0.017419
v 0.504402 0.453682 0.012094
v 0.840028 -0.176095 0.010263
v 0.791378 -0.281235 0.012778
v 0.197883 -0.188982 0.014574
v 0.227983 0.285719 0.004168
v 0.908117 -0.180932 -0.003813
v 0.091024 -0.069291 -0.008842
v 0.803294 0.011617 -0.017703
v 0.948376 0.251853 0.000658
v 0.940742 0.299587 0.014906
v 0.344640 -0.124508 0.018849
v 0.462075 0.153193 0.008563
v 0.792981 0.328915 -0.002313
v 0.527851 0.039672 -0.007904
v 0.870881 0.110544 -0.020943
v 0.534130 -0.323671 0.012880
v 0.853254 -0.112244 -0.008572
v 0.703361 -0.209253 -0.012067
v 0.726189 0.068529 0.012992
v 0.231784 0.368668 -0.009586
v 0.022185 0.116954 -0.014596
v 0.293776 0.416073 0.004185
v 0.643525 -0.224154 -0.009755
v 0.637633 0.433206 0.018369
v 0.507883 0.378668 0.003386
v 0.900634 -0.094784 -0.020844
v 0.805705 -0.023689 -0.016525
v 0.613287 0.409966 0.020953
v 0.492583 0.225660 0.005463
v 0.692516 0.024574 0.014005
v 0.774046 0.068259 0.010881
v 0.296635 0.111630 -0.018255
v 0.478643 -0.021079 -0.000466
v 0.805926 -0.016293 0.007789
v 0.637657 0.065496 0.001420
v 0.286613 0.184764 -0.003906
v 0.808595 0.183516 -0.004361
v 0.324118 0.195462 -0.018420
v 0.050417 0.198798 -0.004200
v 0.132298 -0.180058 -0.005100
v 0.273219 -0.191502 0.000791
v 0.512579 0.259030 -0.018088
v 0.992014 0.075748 -0.003978
v 0.978792 0.309048 0.017697
v 0.187826 0.128479 0.010647
v 0.046257 0.189816 0.011139
v 0.616906 0.336609 0.003113
v 0.460156 0.223469 -0.012516
v 0.655556 0.045046 0.001168
v 0.947317 0.303087 -0.002421
v 0.121377 -0.113508 0.013950
v 0.839703 0.039846 -0.020008
v 0.801163 -0.052458 -0.008664
v 1.015583 -0.078473 -0.006964
v 0.241667 -0.103435 -0.011447
v 0.596887 0.389840 -0.008272
v 0.227605 -0.055885 0.008456
v 0.257376 0.390447 -0.011390
v 0.929519 0.023777 0.007548
v 0.745765 -0.275385 -0.005872
v 0.979237 -0.167170 0.010800
v 0.378255 0.374577 0.003598
v 0.735080 0.350900 0.020158
v 0.625701 0.304429 -0.016310
v 0.525416 -0.239655 0.013922
v 0.600387 0.467062 -0.011909
v 0.274207 -0.045770 -0.003042
v 0.795552 -0.064037 -0.000197
v 0.459754 -0.348927 -0.012765
v 0.540297 -0.264256 -0.006342
v 0.047406 -0.013391 0.019729
v 0.567431 0.380903 0.015362
v 0.364345 -0.169880 -0.001964
v 0.934981 0.243083 0.020623
v 0.828114 -0.006013 -0.012568
v 0.891528 0.308740 0.017531
v 0.138634 0.308160 -0.002922
v 0.277442 0.285213 -0.016747
v 0.898082 -0.223557 -0.001575
v 0.914324 0.329246 -0.015900
v 0.606421 0.099649 0.008294
v 0.182957 -0.121634 0.018247
v 0.355646 0.206081 -0.008305
v 0.658824 0.362436 0.008146
v 0.383993 0.093082 -0.008569
v 0.987484 0.001769 -0.005854
v 1.063920 0.062093 0.004171
v 0.585551 0.390494 -0.001032
v 0.642687 -0.061642 0.001722
v 0.125333 0.301156 0.003494
v 0.732035 0.243661 0.004382
v 0.627112 -0.028691 -0.019998
v 0.854747 -0.070577 -0.018749
v 0.698758 0.085268 0.019254
v 0.738771 -0.261317 0.010494
v 0.822418 0.169811 -0.017900
v 0.930303 0.187580 -0.012914
v 0.536251 0.260735 0.011395
v 0.268464 -0.160941 -0.015149
v 0.775193 0.155708 -0.019031
v 0.524961 -0.249917 0.006516
v 0.727483 0.413624 0.006972
v 0.254754 0.274138 -0.018848
v 0.322955 -0.320863 0.017355
v 0.766009 -0.301008 -0.000921
v 0.724712 0.432929 -0.017910
v 0.525785 0.264349 -0.015756
v 0.311210 -0.315047 -0.001419
v 0.247828 -0.189910 -0.003667
v 0.819284 -0.097350 -0.007686
v 0.176150 0.209312 -0.015689
v 1.042788 0.232368 0.001972
v 0.607671 0.008008 -0.012040
v 0.958705 0.225717 -0.004299
v 0.461151 0.333180 -0.018349
v 0.177521 -0.251728 -0.011620
v 0.785497 0.083201 -0.010004
v 0.874396 0.272209 0.004517
v 0.337790 0.134424 0.017349
v 0.440743 -0.018572 0.014600
v 0.488358 0.070530 -0.010760
v 0.614527 0.365319 -0.018156
v 0.313424 -0.037191 -0.013453
v 0.279862 0.360674 0.001414
v 0.879703 -0.170535 -0.004103
v 0.381812 0.088003 -0.005018
v 0.251344 -0.121242 -0.010078
v 0.784459 -0.210924 0.014518
v 0.670373 0.206362 -0.013230
v 0.189759 -0.192223 -0.010158
v 0.432729 -0.152716 0.019380
v 0.700963 -0.294209 -0.002973
v 0.433298 -0.246124 0.000306
v 0.908911 -0.234223 -0.017876
v 0.603661 -0.143858 -0.019054
v 0.529837 0.376320 0.000829
v 0.383415 0.318256 -0.017423
v 0.317982 0.354180 0.003941
v 0.304267 -0.245387 0.011379
v 0.937902 -0.138386 -0.013990
v 0.171956 0.083742 0.004609
v 0.705029 0.271001 -0.016885
v 0.818412 0.339487 -0.009809
v 0.344212 0.179715 -0.013931
v 0.108580 0.256693 0.019598
v 0.484745 0.088518 -0.014878
v 0.415611 0.254576 0.001478
v 0.983553 0.063974 -0.006523
v 0.246522 -0.165520 -0.000432
v 0.607276 -0.304058 0.019747
v 0.620283 -0.127812 0.013884
v 1.052473 -0.006466 -0.007734
v 0.315074 0.309544 0.006027
v 0.833565 0.332993 -0.009684
v 0.669977 0.104447 0.007367
v 1.088151 0.018019 -0.001846
v 0.628763 0.349115 -0.014766
v 0.219692 0.374563 -0.001553
v 0.389456 0.106669 -0.005680
v 0.108390 -0.072875 -0.014265
v 0.678052 0.411853 0.001808
v 0.203299 0.363985 -0.019653
v 0.985392 -0.063290 0.003278
v 0.689062 0.232503 0.005775
v 0.790652 0.270205 0.019385
v 0.670224 -0.097600 -0.016354
v 0.896505 -0.174628 0.000912
v 0.616720 0.216443 -0.002462
v 0.435375 -0.356805 0.011025
v 0.468002 0.290065 -0.013277
v 0.506066 0.055978 0.004922
v 0.779257 -0.207767 -0.015215
v 0.057942 0.121776 -0.018087
v 0.458637 -0.102924 0.004749
v 0.081199 0.218783 0.005428
v 0.449541 0.197687 0.009717
v 0.402168 0.264064 0.007746
v 1.084017 0.100174 0.016170
v 0.732532 0.078739 -0.008250
v 0.279553 0.000053 -0.015586
v 0.343504 0.125082 0.007983
v 0.904575 0.071935 0.020833
v 0.728876 0.204234 -0.019392
v 0.539501 -0.255356 -0.020882
v 0.921321 -0.144232 0.007678
v 0.865249 -0.184302 -0.012705
v 0.073963 0.150930 0.003121
v 1.028274 0.005285 -0.015055
v 0.641967 0.030408 0.004458
v 0.869663 -0.206050 -0.011713
v 0.089638 0.237476 -0.003097
v 0.240913 0.256756 0.009529
v 0.456195 0.246836 0.015041
v 0.542271 0.271548 -0.010386
v 0.871389 -0.042091 -0.002692
v 0.517303 0.335097 -0.019714
v 0.266346 -0.015292 0.009844
v 0.385509 0.007153 0.009612
v 0.840304 0.200625 -0.015007
v 1.021883 -0.078785 -0.013862
v 0.747945 0.053413 -0.016973
v 0.354359 0.233709 -0.020237
v 0.169209 -0.190065 0.004842
v 0.901299 0.013066 0.009694
v 0.577489 -0.095293 0.014131
v 0.463153 -0.197602 0.008321
v 0.483577 -0.094625 0.012314
v 0.436047 0.020100 0.000135
v 0.029268 -0.074382 0.006213
v 0.374886 -0.103539 0.017692
v 0.516830 -0.359583 0.014735
v 0.360713 0.443236 -0.013677
v 0.275435 0.381016 -0.012664
v 0.232487 0.328063 -0.017349
v 0.966542 -0.139101 0.013317
v 0.357774 0.365328 0.014063
v 0.100894 0.131182 0.002191
v 0.598827 0.125711 -0.017537
v 0.172603 0.153465 -0.020215
v 0.570980 0.261370 0.019481
v 0.679766 -0.240372 0.012496
v 1.028774 0.066075 -0.001223
v 0.737415 -0.185968 0.012569
v 0.729143 -0.139424 0.016846
v 0.789127 0.426275 -0.011752
v 0.853933 -0.013841 0.008070
v 0.418774 0.394787 0.004043
v 0.681833 0.267644 0.012325
v 0.212727 -0.058642 -0.002313
v 0.108104 -0.193827 -0.017293
v 0.344202 -0.287374 0.020556
v 0.626426 -0.139787 0.008763
v 0.570306 -0.236824 0.019806
v 0.292907 0.124676 0.011216
v 0.483256 -0.063506 -0.004660
v 0.031931 -0.077150 0.014652
v 0.957022 -0.013390 0.017286
v 1.014104 0.138569 0.015884
v 0.258600 -0.297244 -0.013376
v 0.591044 -0.135870 0.008791
v 0.271213 -0.094902 -0.020674
v 0.264112 0.030722 -0.002830
v 0.547924 -0.101369 0.000319
v 0.201078 -0.091651 0.004932
v 0.614846 0.394543 0.017669
v 0.449633 0.441570 0.010100
v 0.543210 -0.308939 0.003034
v 0.562201 -0.240582 0.016122
v 0.660668 -0.073282 -0.016584
v 0.812174 -0.083568 -0.004454
v 1.014173 0.161828 0.014657
v 0.659094 0.385321 0.010423
v 0.883524 -0.183429 0.016066
v 0.752915 0.251154 0.005994
v 1.028334 -0.085709 0.000508
v 0.372405 0.039301 0.011465
v 0.536269 0.253268 0.003166
v 0.334935 0.175868 0.008894
v 0.590492 0.026492 -0.020829
v 0.583833 0.370854 0.004850
v 1.053060 0.002004 0.018591
v 0.379098 -0.138128 -0.009379
v 0.042414 0.142916 0.006697
v 0.758894 -0.120839 -0.016367
v 0.909789 -0.015029 0.003424
v 0.774168 -0.269227 -0.015312
v 0.213232 -0.261858 -0.009038
v 0.603636 0.415926 0.013874
v 0.731537 0.044348 -0.004578
v 0.984295 -0.089371 -0.010522
v 0.087396 -0.143454 -0.012209
v 0.308335 -0.105074 0.005320
v 0.448554 -0.256822 -0.018724
v 0.726270 -0.275691 0.003037
v 0.196750 0.178611 -0.007803
v 0.290572 0.040803 0.007221
v 0.334099 0.350498 0.012489
v 0.891584 0.176860 -0.008004
v 0.794916 -0.323939 0.007442
v 0.013778 0.078849 -0.012158
v 0.994024 0.041644 -0.016890
v 0.404601 -0.214328 0.019207
v 0.988610 0.274315 0.005746
v 0.705539 0.369204 0.005961
v 0.941901 0.054916 -0.011848
v 0.366737 -0.031426 -0.012710
v 0.475479 -0.181263 -0.020427
v 0.839838 -0.102069 0.003690
v 0.261971 0.396260 -0.007013
v 0.596593 -0.306597 -0.011583
v 0.600697 -0.360121 0.018047
v 0.409919 -0.190437 -0.012786
v 0.252379 0.110489 0.007181
v 0.457585 0.176453 0.005169
v 0.786378 0.318776 -0.018748
v 0.675737 0.165553 -0.009751
v 0.253733 0.068093 0.012273
v 0.501735 0.117304 -0.010793
v 0.342275 0.249445 0.008184
v 0.662191 0.042821 0.020242
v 0.893274 0.111625 -0.001249
v 0.868236 0.171224 -0.008015
v 1.001917 -0.094172 0.002671
v 0.699942 -0.307586 -0.016331
v 0.768506 0.313357 -0.010530
v 0.462403 -0.059424 0.005664
v 0.083952 0.100402 0.011999
v 0.722519 -0.149903 -0.002621
v 0.116574 0.274262 -0.013908
v 0.871357 0.385221 0.006263
v 0.306941 -0.227652 -0.005684
v 0.448414 0.310648 0.008189
v 0.550381 0.077766 -0.010220
v 0.211525 0.326228 -0.006715
v 0.452747 0.179318 -0.003869
v 0.451037 -0.214409 -0.000012
v 0.147521 0.074600 0.012684
v 0.365025 0.396462 -0.011252
v 0.779712 0.253821 0.020419
v 0.172127 -0.100604 -0.009960
v 0.596075 -0.020715 0.000821
v 0.378677 -0.308302 -0.004187
v 0.229879 0.288300 0.013424
v 0.887927 0.370520 0.016371
v 0.332362 -0.019215 0.007797
v 0.793534 0.304844 -0.005270
v 0.506228 0.104810 -0.016624
v 0.565432 -0.030064 0.006019
v 0.623240 0.017400 0.009295
v 0.985891 -0.044022 -0.013749
v 0.944731 0.160273 -0.012231
v 0.513515 0.121232 -0.002670
v 0.330150 0.075917 -0.016191
v 0.611674 0.153997 0.006260
v 0.362607 -0.285691 0.013352
v 0.177212 -0.126092 0.014241
v 0.537158 -0.116421 0.017634
v 0.638907 -0.270763 -0.016276
v 0.703252 -0.110861 -0.000824
v 0.833691 0.389549 -0.019231
v 0.936407 0.157604 0.016147
v 0.106812 0.026769 -0.002332
v 0.481178 0.328081 -0.018726
v 0.457541 0.356168 -0.000378
v 0.048891 -0.052038 0.012150
v 0.960866 -0.207361 -0.018390
v 0.626157 0.206928 0.006730
v 0.780607 -0.267507 -0.019917
v 1.032609 0.250051 -0.003302
v 0.437867 0.005059 -0.008772
v 0.242446 0.186996 0.000137
v 0.337647 0.373040 -0.009628
v 0.126041 0.260192 -0.003488
v 0.522935 -0.004811 -0.003083
v 0.686959 -0.139354 -0.014463
v 0.183815 -0.239020 0.020972
v 0.715590 0.305610 -0.001972
v 0.281007 0.094864 -0.000218
v 0.783465 -0.069302 -0.002456
v 0.720530 -0.276127 -0.009551
v 0.393898 0.311464 0.011568
v 0.892524 0.140211 -0.015024
v 0.257951 -0.146174 -0.001942
v 0.907618 -0.097286 -0.014487
v 0.064304 -0.002674 -0.015274
v 0.610849 -0.103967 -0.004156
v 0.462041 -0.296816 0.010747
v 0.533644 0.327538 -0.020945
v 0.678773 0.327923 0.006110
v 0.643628 0.022472 -0.004738
v 0.467172 -0.252887 -0.020556
v 0.687719 0.382643 0.019475
v 0.302432 0.184795 -0.001178
v 0.894555 -0.230382 0.005711
v 0.808672 0.302504 -0.012982
v 0.714135 0.172552 0.010994
v 0.517782 0.362389 -0.005840
v 0.998375 0.013248 -0.009658
v 0.808214 -0.267480 -0.017441
v 0.118189 -0.202246 0.002367
v 0.544331 0.108821 -0.002520
v 0.721796 -0.010767 -0.020951
v 0.083961 0.017630 -0.004184
v 0.672482 -0.046854 -0.013837
v 0.110620 0.093376 0.009430
v 1.020798 0.178961 -0.018555
v 0.603644 0.320610 0.002015
v 0.294544 0.250066 -0.005069
v 0.411555 -0.271171 -0.008666
v 0.660425 0.098617 0.019927
v 0.994101 0.270005 0.002967
v 1.002299 0.051093 -0.018858
v 0.872037 0.243580 -0.005791
v 0.541207 0.004833 -0.018981
v 0.379186 0.234325 -0.001111
v 0.342621 -0.322860 -0.011355
v 0.455384 -0.110499 -0.017560
v 0.777727 0.038793 0.016851
v 0.035789 0.123199 0.012203
v 0.113299 0.106323 0.007326
v 0.260524 -0.270712 -0.006982
v 0.603177 0.372553 -0.007506
v 0.916787 -0.259500 0.010423
v 0.536730 0.416028 -0.006445
v 0.212934 0.281045 0.004852
v 0.527386 -0.293081 -0.014038
v 0.481694 0.311967 -0.016254
v 0.595114 -0.139913 -0.008748
v 1.004925 -0.084629 0.014733
v 0.984888 0.269390 -0.013119
v 0.080312 0.145496 0.004730
v 0.596466 0.327645 -0.003203
v 0.554744 -0.311660 0.011401
v 0.407586 -0.208988 0.001410
v 0.528829 -0.348232 0.011219
v 0.950298 0.059219 -0.006573
v 0.602168 -0.325504 -0.001772
v 0.453565 -0.002598 -0.005747
v 0.410258 0.390959 0.000681
v 0.802767 0.154291 0.004716
v 0.298296 0.031212 0.013418
v 0.368244 0.276784 -0.009104
v 0.864827 0.120064 -0.010269
v 0.349253 0.325961 0.003257
v 0.333270 0.119494 -0.005297
v 0.558579 0.209994 -0.002462
v 0.405917 -0.020958 -0.016104
v 0.502897 -0.043368 0.008448
v 0.232525 0.301927 -0.018026
v 0.205793 -0.007424 -0.003180
v 0.141766 0.027084 0.020810
v 0.437353 0.228401 -0.014030
v 0.572733 0.431494 -0.003694
v 0.298172 0.049903 0.013387
v 0.110710 0.149842 0.006335
v 0.372642 -0.313108 -0.020651
v 0.580406 -0.344374 -0.014793
v 0.728206 -0.117850 -0.006461
v 0.929200 -0.009387 0.018162
v 1.056791 0.071059 -0.008547
v 0.779912 -0.288066 0.000716
v 0.836096 -0.144151 0.012251
v 0.857074 -0.217796 -0.015082
v 0.990573 0.193680 -0.009160
v 0.823577 0.012514 0.009611
v 0.493002 0.277850 -0.020793
v 0.675082 0.236030 -0.001862
v 0.921366 0.266269 0.017592
v 0.324221 -0.329897 0.015942
v 0.865306 0.183562 -0.001764
v 0.147591 0.051860 0.012964
v 0.433602 0.182329 0.013952
v 0.704451 0.304492 0.018595
v 0.075866 0.226367 0.000776
v 0.239697 -0.168792 0.001754
v 0.183941 0.119858 -0.008686
v 0.416359 0.237332 -0.002019
v 0.509692 0.156170 -0.009339
v 0.871342 0.267842 0.020795
v 0.476723 -0.265278 0.008061
v 0.676283 0.457639 0.017511
v 0.355323 -0.334311 -0.002732
v 0.443223 -0.178188 0.020624
v 0.968165 0.025618 -0.010451
v 0.863388 -0.133682 -0.019857
v 0.715953 0.231990 0.020053
v 0.482423 0.272048 0.004370
v 0.119247 0.225669 -0.006322
v 0.930220 0.318662 0.020210
v 0.134468 0.252524 -0.015284
v 0.905809 0.347899 0.015448
v 1.043659 0.205046 -0.001456
v 0.374702 -0.153040 -0.010402
v 0.853641 0.094619 -0.011253
v 0.405771 0.155044 -0.015517
v 0.351891 -0.123051 -0.010581
v 0.633651 0.321172 0.007358
v 0.738681 -0.324696 0.009050
v 0.669809 -0.009328 -0.003618
v 0.375704 -0.130083 -0.001824
v 0.800503 -0.142892 0.015186
v 0.604897 -0.079573 0.005273
v 0.665137 0.389838 -0.000355
v 0.786019 -0.206665 -0.000493
v 0.556245 -0.041399 -0.004406
v 0.955690 0.214216 -0.008450
v 0.267896 -0.158979 0.000571
v 0.316255 0.224703 -0.007304
v 0.627776 -0.052800 0.018064
v 0.808126 0.384488 0.007588
v 0.642088 0.190230 0.018402
v 0.892299 -0.104875 0.001692
v 0.447794 0.085068 0.017864
v 0.767373 -0.234005 -0.004615
v 0.928101 -0.103242 0.010970
v 0.725509 0.315522 -0.014435
v 0.408540 -0.236852 -0.008965
v 0.784331 -0.110929 -0.019133
v 0.776765 0.144128 0.007329
v 0.709385 -0.233746 0.015416
v 0.075501 0.142376 0.010695
v 0.785105 0.365159 0.017554
v 0.644390 0.316671 -0.004971
v 0.275696 0.138344 0.012081
v 0.980006 -0.105862 0.001896
v 0.900536 0.358218 0.008502
v 0.591233 -0.128454 -0.014951
v 0.220748 0.109914 -0.019779
v 0.551863 0.083285 0.020746
v 0.140352 0.083309 0.013909
v 0.406235 0.095368 0.010222
v 0.176138 0.239596 -0.011443
v 0.627242 0.380175 -0.006428
v 0.877711 -0.216203 0.019150
v 0.441890 -0.229134 -0.006631
v 0.334584 0.133449 0.006316
v 0.870471 -0.250486 -0.001978
v 0.253122 -0.239692 -0.018651
v 0.394535 0.264059 -0.006029
v 0.327991 -0.048846 0.018544
v 0.591934 -0.144661 0.005713
v 0.652908 -0.104436 -0.006536
v 0.877505 -0.078485 0.017287
v 0.465390 0.206898 -0.010308
v 0.595244 -0.362412 -0.007095
v 0.275423 0.390953 0.000891
v 0.482127 -0.297645 -0.011637
v 0.225454 -0.083920 0.017451
v 0.445551 0.071469 -0.016621
v 0.082508 0.259407 0.001572
v 0.866374 -0.021277 0.003519
v 0.218259 -0.247109 -0.004211
v 0.387235 -0.110079 -0.004579
v 0.667725 -0.332163 -0.005035
v 1.088884 0.076303 -0.009301
v 0.302403 -0.300170 0.010337
v 0.118581 0.201917 -0.012296
v 0.446422 -0.272098 -0.018037
v 0.441841 -0.157784 0.004296
v 0.325226 0.279362 0.007958
v 0.989167 0.111809 -0.003224
v 0.788503 0.343803 -0.010006
v 0.356225 0.405434 0.007455
v 0.510113 0.215034 -0.009467
v 0.464977 0.054827 0.002317
v 0.490748 0.141586 -0.015592
v 0.498514 -0.145481 0.019119
v 0.466886 0.017197 -0.016072
v 0.480030 -0.243511 -0.017173
v 0.562058 -0.108991 -0.011598
v 0.298339 0.295029 -0.018760
v 0.865520 -0.146555 0.020925
v 0.988487 0.131928 0.018759
v 0.378819 0.196453 -0.001805
v 0.678054 -0.109113 -0.004045
v 0.984708 0.094430 -0.002106
v 0.793360 0.367417 -0.018023
v 0.407836 0.285410 0.004542
v 0.371290 -0.165191 0.008267
v 0.095451 -0.144724 -0.006155
v 0.135597 0.060667 0.004687
v 0.320351 0.234753 0.016423
v 0.350877 0.352127 0.007910
v 0.237466 0.255861 0.005525
v 0.267623 0.130537 -0.005689
v 0.938551 -0.195174 0.016698
v 0.145111 -0.070512 0.018567
v 0.476351 -0.091216 0.014836
v 0.716077 -0.045990 0.018187
v 1.036412 -0.090612 0.011493
v 0.311946 -0.185082 0.011543
v 0.946002 0.202424 -0.016956
v 0.948053 0.186331 -0.013231
v 0.390052 0.431045 -0.000360
v 0.473674 -0.180201 -0.018478
v 0.687787 0.408044 0.006922
v 0.213110 0.093095 0.005164
v 0.531238 0.238447 0.000541
v 0.581864 -0.106102 0.018945
v 0.726807 0.382156 0.007694
v 0.573586 0.406792 -0.017154
v 0.818323 0.414701 0.015878
v 0.444900 0.401465 -0.013739
v 0.698625 0.401367 -0.011191
v 0.247104 -0.244302 -0.020074
v 0.549254 0.226213 0.009095
v 0.780409 -0.307785 -0.005809
v 0.658109 -0.099162 -0.000916
v 0.380620 0.338959 0.008711
v 0.449741 0.421900 0.004527
v 0.546325 0.205031 0.017258
v 0.568052 0.214169 -0.008296
v 0.958718 0.066018 0.003962
v 1.016815 -0.054023 -0.012434
v 0.374816 0.439895 0.020051
v 0.520670 0.346835 -0.005591
v 0.781305 0.131304 0.011220
v 0.223293 -0.194558 0.016485
v 0.231412 0.169148 -0.013203
v 0.583706 0.429312 -0.016129
v 0.615867 0.095192 -0.014052
v 0.942954 0.230820 -0.012440
v 0.775122 0.149613 -0.017125
v 0.295537 -0.076880 -0.019556
v 0.154632 -0.226704 -0.018869
v 0.166138 -0.035234 -0.018050
v 0.292834 0.234772 0.013002
v 0.653015 0.170223 0.003036
v 0.320417 -0.300043 -0.019484
v 0.805329 0.333364 -0.012928
v 0.228244 0.246707 0.013299
v 0.647852 0.319133 -0.014633
v 0.583630 -0.343382 0.005293
v 0.003581 0.078738 0.019900
v 0.440171 -0.290147 -0.018093
v 0.491704 0.054419 0.006518
v 0.360105 -0.321577 -0.017126
v 0.843275 0.247822 0.011035
v 0.471432 0.280294 0.015406
v 0.906335 0.280972 0.011832
v 1.062731 0.106795 -0.010541
v 0.819941 -0.013153 -0.005549
v 0.930330 0.101283 -0.010244
v 0.070915 0.005560 -0.006512
v 0.728819 -0.212366 -0.006436
v 0.454915 -0.190619 0.015106
v 0.297012 0.100600 0.013671
v 0.559322 -0.141862 -0.004436
v 0.778419 -0.243897 0.019307
v 0.397595 0.047200 0.006398
v 0.835569 -0.239394 0.011305
v 0.342703 0.412943 0.010712
v 1.086108 -0.010751 0.019072
v 0.575345 -0.267429 -0.005077
v 0.568197 -0.052305 -0.004245
v 0.487565 0.061714 0.003940
v 0.448438 0.443972 0.015232
v 0.889587 -0.003112 0.004393
v 0.681001 -0.068937 0.011166
v 0.624135 0.329558 -0.019770
v 0.903203 0.267746 0.000962
v 0.639272 0.053817 -0.000190
v 0.796168 -0.064270 -0.018961
v 0.308477 0.150106 -0.011919
v 0.570704 0.121774 0.010611
v 0.339586 0.311669 -0.000381
v 0.449033 0.391764 0.008127
v 0.138884 -0.056517 0.006346
v 0.563187 0.292903 0.009753
v 0.758393 -0.198236 -0.015030
v 0.735766 -0.142900 0.001753
v 0.388863 -0.275347 0.002117
v 0.399224 0.237452 -0.007713
v 0.723488 -0.090606 0.011310
v 0.972920 -0.203235 0.011832
v 1.063811 -0.040672 0.000814
v 0.792383 0.363393 -0.003009
v 0.044382 -0.056047 0.002008
v 0.204548 0.068197 0.002629
v 0.411229 -0.070057 -0.010898
v 0.827827 0.072740 -0.011114
v 0.538875 0.303286 -0.007930
v 0.117417 0.228664 0.000725
v 0.509934 -0.356864 -0.009839
v 0.248602 0.233456 -0.017290
v 0.804930 0.098151 -0.001791
v 0.422797 0.192533 -0.002425
v 0.394950 0.136438 -0.005949
v 0.423798 0.334926 -0.016342
v 0.595432 -0.158414 -0.017662
v 0.173363 0.165104 0.008683
v 0.439076 -0.291822 0.016449
v 0.912407 0.185990 -0.016033
v 0.365598 0.426837 0.015109
v 0.658944 -0.030671 0.000689
v 0.788648 0.364367 -0.020070
v 0.390548 0.262395 0.005485
v 0.313877 0.221288 -0.010155
v 0.529268 -0.246793 -0.010634
v 0.272234 0.041256 0.014670
v 0.641173 -0.329896 -0.011278
v 0.027738 0.173854 0.012892
v 0.714093 0.422896 0.007420
v 0.341446 -0.123667 0.020659
v 0.738377 -0.154408 -0.003769
v 0.504005 0.068178 0.020684
v 0.649478 -0.052880 0.019122
v 0.423439 -0.072245 -0.000145
v 0.702036 0.209452 0.000952
v 0.666402 -0.224381 -0.009784
v 0.671813 0.143851 0.015004
v 0.908518 -0.009563 0.015636
v 0.679159 0.411955 -0.011266
v 0.221469 0.325188 -0.018675
v 0.110289 -0.137159 0.005501
v 1.034405 0.100220 -0.012865
v 1.007530 0.115232 0.003091
v 0.111417 0.273366 -0.005850
v 0.410276 0.020020 -0.003702
v 0.452052 -0.150506 0.016447
v 0.561298 -0.007647 -0.009446
v 0.278136 0.013511 -0.009576
v 0.923071 -0.247312 0.013144
v 0.996856 0.123861 -0.013746
v 0.135991 0.075853 0.008926
v 0.093340 -0.131569 -0.015787
v 0.709251 -0.249964 -0.006073
v 0.445931 0.404656 -0.003035
v 0.452288 0.187145 -0.017449
v 0.526585 -0.300111 0.014388
v 0.445334 -0.186663 -0.002725
v 0.327052 0.077348 -0.020674
v 0.903269 0.070346 0.018069
v 0.947234 -0.204194 0.009175
v 1.050406 0.220624 -0.012403
v 0.405564 0.350232 0.011893
v 0.448684 -0.174215 -0.013267
v 0.477244 0.182845 -0.003809
v 0.610726 0.245091 -0.014183
v 0.466175 0.403663 0.004454
v 0.460180 -0.291257 0.007708
v 0.708538 0.086151 -0.020464
v 0.048061 -0.091231 -0.015731
v 0.480881 -0.167460 0.006557
v 0.041233 0.180373 0.009982
v 0.583850 0.437823 0.015706
v 0.643939 -0.350817 -0.008327
v 0.458625 0.394105 0.014834
v 0.763023 0.363062 0.005758
v 0.759363 -0.083029 0.008973
v 0.622908 -0.318454 0.016254
v 0.742367 -0.068543 -0.012043
v 0.746033 0.318221 -0.001181
v 0.328144 0.256899 -0.000338
v 0.744057 0.043988 -0.012259
v 0.858485 -0.082794 -0.007320
v 0.494372 0.330526 0.008861
v 0.680406 0.118462 0.000741
v 0.871636 0.311204 0.020353
v 0.812623 -0.285291 0.019326
v 0.987567 -0.036272 0.000913
v 0.426855 -0.013492 0.009304
v 1.019148 0.054568 -0.015926
v 0.739471 0.039843 -0.008371
v 0.324138 0.173124 0.008928
v 0.703803 0.116237 0.003466
v 0.414947 0.046864 0.003216
v 0.352170 0.225223 0.009721
v 0.380927 0.431210 -0.012059
v 0.494550 -0.316016 0.000680
v 0.124963 -0.047891 -0.006868
v 0.483565 -0.149924 0.021000
v 0.286310 -0.311451 0.002502
v 0.798414 -0.254032 -0.001743
v 0.936023 0.159290 0.016269
v 0.333996 -0.131329 -0.013752
v 0.747897 -0.019471 0.010541
v 0.491185 -0.259632 -0.019707
v 1.018796 -0.020829 -0.003940
v 0.171181 -0.090033 0.004809
v 0.371922 -0.182751 -0.020180
v 0.230706 -0.014473 0.009195
v 0.708604 0.450565 0.013816
v 0.350072 -0.150930 -0.018347
v 0.380914 0.392105 0.007083
v 0.670954 0.152925 0.009126
v 0.663989 -0.110459 0.020707
v 0.055865 0.116134 0.010469
v 0.594058 -0.001023 -0.019041
v 0.560050 0.352824 -0.018448
v 0.226867 -0.217828 -0.003490
v 0.441011 -0.307480 0.010561
v 0.791984 -0.024212 -0.019463
v 0.703096 -0.305637 0.008665
v 0.081588 -0.120077 0.000624
v 0.508810 0.266498 -0.014509
v 0.427620 -0.210834 0.009347
v 0.055141 -0.049117 0.018223
v 0.707873 0.290338 -0.018511
v 0.259352 0.085479 0.015266
v 0.681422 -0.194132 -0.002451
v 0.239925 0.166793 0.007433
v 0.909401 0.223718 -0.014273
v 0.988411 0.302891 -0.009599
v 0.228106 0.086357 0.015082
v 0.634118 -0.123394 -0.006979
v 0.693083 0.169893 -0.013192
v 0.892353 0.008540 0.020651
v 0.588832 0.243256 0.014497
v 0.138793 0.313316 -0.010261
v 0.799676 0.406463 0.019003
v 0.559446 0.091608 0.017242
v 0.580852 -0.369148 -0.001619
v 0.594172 -0.160612 0.010945
v 0.521141 -0.148934 -0.017365
v 0.340314 0.034924 -0.014764
v 0.086834 0.129096 -0.005540
v 0.876962 0.300134 -0.012596
v 0.576329 -0.267778 0.020305
v 1.004843 0.192209 0.014304
v 0.803007 -0.132025 0.017814
v 0.105252 0.270976 -0.012847
v 0.286203 0.059415 0.020702
v 0.825702 0.272843 -0.006092
v 0.158266 0.266632 0.011373
v 0.574649 0.205912 0.012034
v 0.707618 -0.105450 0.007315
v 0.735873 0.385134 -0.012268
v 1.032818 0.133253 0.009133
v 0.762646 -0.270927 0.009004
v 0.932926 0.151569 0.003531
v 0.706598 0.199409 0.018295
v 1.013310 0.126821 -0.020532
v 0.636015 0.241901 0.010990
v 0.370784 -0.254631 0.001571
v 0.643930 -0.128870 -0.009201
v 0.163016 0.268634 -0.017535
v 0.305290 0.275750 0.001992
v 0.801793 -0.052704 -0.011797
v 0.870507 0.230248 0.008856
v 0.215346 -0.209761 0.007857
v 0.954948 0.318072 0.002997
v 0.496717 0.085581 0.020044
v 0.342284 -0.114371 0.014454
v 0.362303 0.231131 0.013944
v 0.755917 0.250317 0.006959
v 0.298490 0.001484 0.005070
v 0.712679 0.238710 -0.007425
v 0.450254 -0.274339 -0.002087
v 0.221821 -0.284625 0.004306
v 0.222057 0.014528 -0.012425
v 0.519677 -0.101286 0.020666
v 0.662375 0.416399 -0.019403
v 0.206660 -0.148743 0.004502
v 0.937616 -0.128318 0.000751
v 0.600960 0.239066 0.008122
v 0.771098 0.074416 0.003942
v 0.255018 0.277733 0.007316
v 1.028731 -0.034247 0.011734
v 0.352761 -0.275026 -0.015634
v 0.912152 0.070338 0.015832
v 0.516123 -0.252929 0.005792
v 0.588137 -0.215121 -0.001775
v 0.935958 0.032325 -0.001217
v 0.894673 -0.227363 0.003234
v 0.282334 0.008484 0.002500
v 0.278333 0.306049 0.016404
v 0.949543 0.051859 -0.013222
v 0.777956 0.279245 -0.013906
v 0.810302 0.200545 0.010894
v 0.572699 0.395142 -0.008612
v 0.060002 -0.134071 -0.011430
v 0.207046 -0.149785 0.017512
v 0.490125 0.232693 0.002641
v 0.346957 0.377442 -0.003580
v 0.138610 0.184823 -0.005544
v 0.668426 0.095711 -0.000395
v 0.758638 0.081755 0.014791
v 0.759470 0.065831 0.012880
v 0.306656 0.088187 0.007202
v 0.634591 0.406196 -0.013955
v 0.510368 -0.289036 -0.001629
v 0.455721 -0.325059 -0.013860
v 0.512671 -0.172431 0.000210
v 0.521454 0.242987 0.020147
v 0.242341 0.167698 0.012472
v 0.462016 0.012920 -0.020564
v 0.205788 -0.033067 0.009240
v 0.482267 -0.309492 -0.012269
v 0.686493 -0.077851 -0.007999
v 0.876658 -0.079131 0.011289
v 0.879751 -0.167628 -0.012697
v 0.227398 0.098554 -0.005751
v 0.704358 0.002854 0.020652
v 0.685997 -0.307802 0.004887
v 0.792032 0.077145 -0.016937
v 0.097367 0.254903 0.011389
v 0.366392 -0.161800 0.018883
v 0.779443 0.190266 0.010552
v 0.733752 -0.276455 -0.003424
v 1.037961 -0.042272 -0.010292
v 0.296117 0.057608 0.019337
v 0.587070 0.327307 0.002062
v 1.002335 0.179184 0.016458
v 0.502404 -0.097467 0.018622
v 0.861181 0.095322 -0.002657
v 0.692073 -0.011080 -0.012962
v 0.048263 -0.054352 0.010086
v 0.153627 0.164282 0.017739
v 0.290886 -0.000467 -0.002307
v 0.557969 0.265723 -0.019177
v 0.715613 -0.221361 0.004997
v 0.204376 0.044421 0.010370
v 0.801760 0.123003 0.000483
v 0.167933 -0.088747 0.007269
v 0.456420 0.419329 0.018997
v 0.818898 0.399209 -0.008477
v 0.782605 -0.127927 0.001192
v 0.358615 -0.049141 -0.016292
v 0.744604 -0.264534 -0.004667
v 0.721946 -0.217836 -0.018333
v 0.434344 0.038215 -0.007135
v 0.389468 0.357693 -0.004966
v 0.851071 0.050999 0.012700
v 0.632642 0.308832 -0.002466
v 0.093723 0.140499 0.003479
v 0.265363 -0.278973 -0.003107
v 0.622963 0.181611 -0.006803
v 0.816984 0.030745 0.003131
v 0.355763 -0.268212 0.020119
v 0.216428 -0.034982 0.000114
v 0.680269 0.000250 0.002647
v 0.477167 -0.016234 0.013799
v 0.834913 0.261167 -0.011692
v 0.591382 0.198707 0.001840
v 0.451454 -0.283207 -0.020947
v 0.706672 -0.226843 -0.007743
v 1.060820 0.050793 -0.013971
v 0.280982 0.379464 -0.012893
v 0.372222 0.034011 0.015791
v 0.781641 0.085089 -0.008639
v 0.322160 0.277767 0.019451
v 0.831257 0.191358 -0.018698
v 0.543498 -0.289638 -0.017194
v 0.433825 0.353909 0.003293
v 0.678865 0.297150 0.011945
v 0.188815 0.330437 -0.006886
v 0.149080 -0.107419 0.010067
v 0.131433 -0.161734 0.003208
v 0.396214 0.025869 -0.002810
v 0.468541 -0.048380 -0.020673
v 0.856018 0.066868 0.018813
v 0.346707 -0.059027 -0.014157
v 0.825746 -0.303124 0.002457
v 0.445100 -0.312525 0.018302
v 0.294132 0.269837 0.017295
v 0.837368 0.212433 -0.014545
v 0.339287 -0.053527 -0.015099
v 0.572641 -0.171350 -0.006173
v 0.659591 0.029474 0.015604
v 0.864260 -0.241557 -0.019263
v 1.068644 0.184661 -0.012046
v 0.653633 -0.031375 0.018014
v 0.152694 0.057576 -0.006352
v 0.758100 0.282259 0.001718
v 0.412852 0.138137 0.008001
v 0.983284 -0.202361 0.017015
v 0.664812 -0.300664 0.009274
v 0.239558 -0.274858 0.020776
v 0.130138 -0.158909 0.018614
v 0.202202 0.176354 -0.017081
v 0.865256 0.249585 -0.018981
v 0.298253 -0.192196 0.016767
v 0.450786 -0.082296 0.007063
v 0.388417 -0.109219 0.007541
v 0.844084 -0.286069 -0.012782
v 0.686001 0.278517 0.015742
v 0.163400 0.035207 0.009267
v 0.787164 0.257146 -0.014673
v 0.770023 0.198169 0.006835
v 0.218571 -0.133961 0.007876
v 0.384002 -0.349630 0.013249
v 0.842440 -0.274994 0.008563
v 0.271843 -0.185705 -0.004008
v 0.033164 -0.071616 -0.005909
v 0.458788 0.154200 -0.015079
v 0.794269 0.109255 -0.003268
v 0.202461 0.018391 -0.009488
v 0.913851 0.260584 0.002385
v 0.826822 0.067745 0.012442
v 0.455399 0.097733 0.001727
v 0.932652 0.199759 0.017096
v 0.529381 0.426372 0.002176
v 0.581302 0.322713 -0.007321
v 0.452027 0.435749 -0.019747
v 0.201995 0.233202 0.013085
v 0.519199 -0.331599 0.017292
v 1.038511 0.132725 0.008077
v 0.240857 0.115806 -0.002848
v 0.124413 -0.072809 0.005782
v 0.828960 -0.076792 0.006462
v 0.343671 0.062787 0.020278
v 0.733444 0.124932 0.004984
v 0.980967 0.083356 -0.001919
v 0.831465 -0.211835 0.017123
v 0.768113 0.399056 0.007328
v 0.344186 -0.111372 -0.003938
v 0.425686 0.127998 0.004224
v 0.484256 0.123479 -0.004589
v 0.732622 -0.125919 -0.015163
v 0.895587 0.017352 -0.001285
v 0.424731 0.391293 0.016386
v 0.326519 0.411672 -0.015340
v 0.641893 -0.290813 -0.015562
v 0.737488 -0.335191 -0.017438
v 0.568381 -0.210884 0.011287
v 0.198572 -0.019162 0.011256
v 0.407329 0.333245 -0.009657
v 1.030107 -0.091893 0.003969
v 0.219160 -0.223570 -0.003651
v 0.436194 -0.070358 -0.005478
v 0.763216 0.297534 -0.000375
v 0.502970 -0.031326 -0.018358
v 0.201051 0.356406 0.018978
v 0.676307 0.392257 -0.014804
v 0.689299 0.192531 -0.012471
v 0.840634 0.361075 -0.004608
v 0.938048 0.113986 0.010295
v 0.121484 0.003469 0.004209
v 0.817448 -0.145270 -0.016464
v 0.675795 0.022608 0.011454
v 0.879547 0.063064 0.009750
v 0.584342 0.235619 -0.017318
v 0.473584 -0.245715 -0.005398
v 0.279613 0.174382 0.019349
v 0.339504 -0.108090 -0.014725
v 0.826751 0.338674 0.008867
v 0.710398 0.055104 -0.014831
v 0.756412 -0.101446 -0.010158
v 0.532844 -0.307510 0.012299
v 0.471935 0.395883 0.012549
v 0.531244 0.122510 0.016941
v 0.892794 -0.080824 -0.011657
v 0.382357 -0.303263 -0.012733
v 0.756689 -0.189198 0.014048
v 0.209891 -0.118836 0.007945
v 0.391552 0.394638 -0.016940
v 0.948514 0.317470 -0.014815
v 0.872164 0.212111 0.018494
v 0.896500 -0.248259 0.000716
v 0.105549 0.045205 0.019325
v 0.687865 -0.248179 -0.014675
v 0.347921 0.434576 -0.006560
v 0.079527 0.134669 0.010702
v 0.314700 0.127462 -0.007035
v 0.180482 0.043022 -0.009146
v 0.854174 -0.035013 -0.015645
v 0.655605 0.392604 0.000095
v 0.748434 0.001133 0.010457
v 1.048640 0.031181 -0.014738
v 0.372642 0.387013 -0.015613
v 0.412660 0.266037 -0.018160
v 0.160063 0.114713 0.002398
v 0.583913 0.111499 -0.019065
v 0.550946 0.293602 -0.011323
v 0.529445 -0.130791 0.019412
v 0.846146 0.400665 -0.002462
v 0.216027 0.093990 -0.005088
v 0.739586 0.091333 0.001931
v 0.238555 0.057259 0.008244
v 0.395383 0.049589 0.006935
v 0.905266 0.148859 -0.012280
v 0.349185 -0.298433 0.009105
v 0.295729 0.210579 -0.013038
v 0.220846 0.312931 -0.015277
v 0.858359 0.295740 -0.019552
v 0.802079 -0.247522 0.018504
v 0.526626 0.459987 -0.011766
v 0.423588 -0.060289 0.012821
v 1.010171 0.247869 -0.006070
v 0.119062 -0.161405 -0.004958
v 0.390821 0.381791 -0.007901
v 0.781023 -0.030895 0.003997
v 0.260338 -0.138512 0.013053
v 0.415690 -0.181111 -0.011463
v 0.562648 0.270689 0.003386
v 0.136617 0.150547 0.014364
v 0.386455 0.075942 0.010500
v 0.538659 -0.323634 -0.008293
v 0.432470 0.362637 -0.000154
v 0.521746 -0.258664 -0.006050
v 0.214776 -0.035938 -0.018110
v 0.165790 -0.007275 0.014191
v 0.204555 0.089808 0.018817
v 1.044536 0.040448 -0.015505
v 0.267748 0.290321 -0.000036
v 0.538033 0.333577 0.020060
v 0.587305 0.197278 0.016927
v 0.448932 0.005416 0.017633
v 0.598846 0.213903 -0.013179
v 0.764822 -0.122628 0.002383
v 0.879113 -0.069464 -0.008827
v 0.600651 0.188777 -0.007888
v 0.991190 -0.079001 0.016931
v 0.618419 0.309201 -0.001540
v 0.097136 0.139182 -0.000152
v 0.623729 0.052257 -0.004087
v 0.084001 0.272303 0.011017
v 0.522546 0.064790 0.019613
v 0.215290 0.297301 -0.014194
v 1.057252 0.031660 -0.015954
v 1.027639 -0.026602 0.006091
v 0.842587 0.279287 0.017973
v 0.796321 -0.181141 0.015339
v 0.179008 -0.017422 0.012186
v 0.565849 -0.103074 -0.010020
v 0.656983 -0.264541 -0.012702
v 0.850197 0.066005 0.011728
v 0.210051 -0.279711 -0.002903
v 0.791295 0.366541 0.016806
v 0.110766 0.290850 -0.019637
v 0.502653 0.296660 -0.011272
v 0.664961 0.241865 0.017394
v 0.638349 0.285443 0.013078
v 0.462602 0.437911 0.002622
v 0.851889 0.246807 -0.008010
v 0.781067 -0.162711 -0.016881
v 0.779141 0.013042 -0.019778
v 0.345836 0.180972 0.002408
v 0.956715 0.242610 -0.020203
v 0.113370 -0.079864 -0.011528
v 0.239879 0.283085 0.001219
v 0.855464 0.184343 -0.006802
v 0.356297 0.254637 0.020364
v 0.138477 -0.057560 -0.005365
v 0.754537 -0.021055 0.005152
v 0.072195 0.050824 0.017699
v 0.680744 0.424875 -0.012876
v 0.431344 -0.176142 -0.000145
v 0.177394 0.069947 0.000826
v 0.220914 0.087796 -0.012197
v 0.635498 -0.215957 -0.012238
v 0.576280 -0.073893 -0.010213
v 0.203042 -0.131561 -0.011758
v 0.710480 -0.238018 0.019317
v 0.266872 -0.257046 -0.013475
v 0.665992 -0.328114 -0.012936
v 0.501161 0.020003 0.013079
v 0.659170 -0.065468 0.015367
v 0.697363 0.073790 -0.011594
v 0.789674 0.194307 0.019615
v 0.466297 0.218140 -0.012650
v 0.932595 -0.002278 -0.014436
v 1.038938 0.239019 0.004356
v 0.986686 0.253001 0.001032
v 0.163563 0.282546 -0.004852
v 0.760420 -0.295562 0.013672
v 0.528667 -0.004832 0.014248
v 0.993119 0.008916 0.002969
v 1.010805 0.271960 -0.000789
v 0.031398 -0.026360 -0.004980
v 0.234629 -0.157254 -0.001605
v 0.593659 0.330423 0.020068
v 0.251630 -0.082887 -0.019108
v 0.651368 0.217844 -0.013389
v 0.395501 0.374168 -0.018600
v 0.208406 0.035369 0.002768
v 1.066821 0.002448 0.017269
v 0.276165 -0.147483 0.006912
v 0.556091 -0.203366 0.017430
v 0.321768 0.114072 0.011265
v 0.503727 0.052470 -0.016143
v 0.317925 0.346921 -0.016973
v 0.991331 -0.025191 -0.012365
v 0.718536 -0.285016 0.014702
v 1.090458 0.061938 -0.003192
v 0.339182 0.302512 0.007890
v 0.856698 -0.207441 -0.003356
v 1.039042 0.205614 0.000997
v 0.374973 -0.206514 0.018554
v 0.003788 0.047499 -0.000888
v 0.804069 -0.303160 0.003829
v 0.805970 -0.309412 0.017464
v 0.902127 0.037928 -0.009595
v 0.324487 0.054130 -0.012568
v 0.047014 0.074160 0.006630
v 0.910936 -0.192931 -0.006273
v 0.146777 0.292873 -0.009919
v 0.363789 0.291207 0.010139
v 0.339912 0.191419 0.003501
v 0.515387 0.328171 -0.017711
v 0.285862 0.314872 0.010008
v 0.492538 0.326192 -0.010385
v 0.505688 0.122245 0.005818
v 0.540305 0.419586 -0.010864
v 0.123986 0.059906 -0.020766
v 0.479021 -0.291874 0.010418
v 0.313637 -0.101512 -0.011466
v 0.323890 -0.119960 -0.019867
v 0.087360 0.187504 -0.009254
v 0.616493 -0.006227 0.019649
v 0.217513 0.009824 0.001348
v 0.677226 0.341036 0.017846
v 0.342091 -0.037733 0.004501
v 0.556229 0.375522 -0.008276
v 0.543085 -0.036831 0.017590
v 0.585363 -0.016463 -0.011701
v 0.687730 0.449526 0.015770
v 0.566969 0.057925 0.015956
v 0.647614 0.420767 0.008674
v 0.712625 -0.150018 -0.019073
v 0.534557 -0.107354 -0.005840
v 0.599170 0.354310 0.005529
v 0.325053 0.128366 -0.008763
v 0.320060 0.186967 -0.003064
v 0.353083 -0.341664 0.019065
v 0.265663 0.220408 -0.019432
v 0.650403 0.431203 -0.015267
v 0.053289 0.084191 0.002956
v 0.368725 0.072338 0.003975
v 0.644064 -0.296204 0.010832
v 0.445672 0.420871 -0.018758
v 0.747437 0.144079 -0.000452
v 1.023707 0.154900 -0.016373
v 0.771087 -0.121282 -0.004547
v 0.828722 0.018688 0.016008
v 0.117182 0.100697 -0.012508
v 0.638442 0.242560 0.014050
v 0.296721 0.145331 -0.011972
v 0.328404 0.401367 -0.005409
v 0.446322 -0.227812 0.003782
v 0.601048 -0.000247 0.012960
v 0.283601 0.353679 0.005936
v 0.589782 0.118336 0.010942
v 0.893583 0.098332 0.001170
v 0.308813 0.365396 -0.018461
v 0.985150 0.247074 0.008383
v 0.469179 -0.081586 -0.014283
v 0.763179 0.409539 -0.004237
v 0.762731 0.160181 -0.016389
v 0.692794 0.313737 -0.005716
v 0.305928 -0.189064 -0.008501
v 0.333856 -0.260187 0.019573
v 0.780758 -0.063034 -0.003729
v 0.497876 0.049863 0.017500
v 0.006018 0.036882 -0.000450
v 0.656589 0.085916 0.012711
v 0.186587 0.239972 -0.015998
v 0.903179 0.101382 -0.019285
v 0.911670 0.113217 -0.012391
v 0.120550 -0.029478 -0.002463
v 0.502505 -0.248417 -0.012756
v 0.826739 0.064136 0.014340
v 0.399143 0.205929 0.018047
v 0.410938 0.247364 0.007493
v 0.897912 -0.240226 0.005048
v 0.159016 0.089227 0.004802
v 0.741074 0.412803 0.002271
v 0.664589 -0.138510 0.006855
v 0.129275 0.315921 -0.010680
v 0.890955 -0.037823 0.010257
v 0.351218 0.345063 0.013802
v 1.069482 -0.083969 0.016328
v 0.126094 -0.057040 0.016842
v 0.971510 0.042952 -0.019994
v 1.091982 0.039201 -0.019586
v 0.314874 -0.132584 -0.020787
v 0.476350 -0.189196 -0.003220
v 0.459552 -0.019065 0.010215
v 0.821820 0.372376 0.006257
v 0.894987 -0.144116 0.004121
v 0.306100 -0.130378 -0.011804
v 1.032665 -0.046131 -0.014064
v 0.563098 0.437020 -0.004219
v 0.547116 0.073720 -0.010717
v 0.139877 0.173619 -0.016072
v 0.251912 0.350338 0.014347
v 0.702074 -0.276998 -0.012244
v 0.647634 0.173142 0.015388
v 0.321894 -0.130783 -0.017076
v 0.860752 0.014540 -0.020076
v 0.656797 0.134713 0.018790
v 0.619202 0.113905 0.020862
v 0.873872 -0.271657 -0.015695
v 0.803289 -0.075208 0.015728
v 0.569666 -0.024251 -0.011024
v 1.063772 -0.030725 -0.006443
v 0.095529 -0.017757 -0.011864
v 0.185635 0.021571 0.013631
v 0.131418 -0.182244 0.003650
v 0.080236 -0.007823 -0.009622
v 0.458719 -0.278176 -0.007248
v 0.374220 0.027643 0.015037
v 0.176218 -0.015280 0.015102
v 0.700403 0.328735 -0.015201
v 1.011754 -0.111087 0.003649
v 0.666612 -0.047158 -0.006582
v 0.778754 -0.134104 -0.001384
v 0.201287 0.199014 0.001090
v 0.497747 -0.190362 -0.006785
v 0.673172 0.074793 0.000559
v 0.132143 -0.113059 0.014800
v 0.182709 -0.215301 -0.010004
v 0.207570 0.047029 0.007359
v 0.286155 0.373816 0.011013
v 0.258972 0.032511 0.010057
v 0.928838 -0.205775 0.009958
v 0.347433 0.039857 -0.010277
v 0.302527 0.174610 -0.011032
v 0.368628 0.293047 0.014728
v 0.277415 -0.092728 0.011922
v 0.154473 -0.173337 0.018235
