# Morphora placeholder point cloud — 10000 vertices
v 0.199333 -0.386477 -0.193366
v 0.387189 -0.321599 -0.173129
v -0.148435 -0.030337 -0.093818
v -0.772601 -0.122040 0.180648
v -0.442832 0.220192 0.055677
v 0.499218 -0.235672 -0.127857
v 0.723371 0.133215 -0.002357
v 0.561177 -0.117313 -0.067199
v 0.081621 -0.259279 -0.159774
v 0.532973 -0.157728 -0.089193
v 0.304606 -0.383143 -0.176324
v -0.685693 -0.016619 0.154614
v 0.210337 -0.379928 -0.194265
v -0.351003 0.211050 0.046286
v -0.514722 0.149942 0.111379
v 0.790237 0.234929 0.055766
v 0.562363 -0.157530 -0.105836
v -0.306888 0.151398 0.019474
v 0.592922 -0.051622 -0.059663
v 0.661219 0.030078 -0.033389
v 0.086326 -0.290991 -0.150980
v -0.174993 0.054918 -0.075673
v -0.677189 0.008935 0.167904
v 0.463435 -0.276997 -0.126085
v 0.795250 0.270646 0.070314
v -0.770594 -0.160300 0.181549
v -0.366032 0.184287 0.037702
v -0.051351 -0.065789 -0.129143
v -0.015130 -0.163726 -0.127408
v -0.315541 0.188562 -0.004652
v 0.421986 -0.292406 -0.137168
v -0.807877 -0.222500 0.201454
v 0.622538 -0.062869 -0.074515
v 0.627163 -0.075824 -0.053728
v -0.676230 -0.008291 0.150636
v -0.037058 -0.142918 -0.112767
v -0.137389 -0.016870 -0.083526
v -0.487572 0.219357 0.103062
v -0.098161 -0.069729 -0.120005
v -0.254648 0.123297 -0.037075
v -0.679856 -0.030879 0.188931
v 0.553960 -0.115509 -0.060216
v -0.475606 0.223915 0.088887
v -0.029495 -0.110189 -0.145242
v -0.648358 0.037740 0.157405
v 0.375190 -0.325019 -0.176005
v -0.163841 0.041666 -0.091347
v -0.498235 0.182225 0.092736
v -0.379146 0.205372 0.073857
v 0.058050 -0.252593 -0.150667
v 0.771712 0.200492 0.011694
v -0.037287 -0.158181 -0.159683
v -0.169378 0.057615 -0.044827
v -0.075836 -0.064502 -0.093420
v 0.100150 -0.303688 -0.179375
v 0.753894 0.184459 0.040521
v -0.704327 -0.050852 0.190256
v -0.525069 0.128375 0.110812
v 0.160817 -0.353388 -0.196968
v 0.611770 -0.018061 -0.036348
v -0.125057 -0.009459 -0.070262
v -0.462376 0.183581 0.087963
v 0.264704 -0.390411 -0.162472
v -0.686017 0.011282 0.192970
v -0.697125 -0.023681 0.189596
v 0.628346 -0.054157 -0.067666
v 0.544169 -0.160117 -0.065316
v 0.221753 -0.364191 -0.188125
v 0.283368 -0.399603 -0.195888
v -0.626081 0.051320 0.159812
v 0.333359 -0.353229 -0.172647
v 0.001918 -0.142022 -0.159671
v -0.133445 -0.044583 -0.081802
v 0.207479 -0.362086 -0.177082
v -0.140217 -0.049717 -0.079337
v 0.648565 0.030227 -0.026105
v -0.581678 0.126323 0.152338
v 0.491831 -0.227366 -0.131914
v -0.420613 0.222255 0.075234
v -0.143763 -0.001299 -0.060327
v 0.607179 -0.074233 -0.045417
v -0.748514 -0.142528 0.200146
v 0.501779 -0.219525 -0.124831
v 0.440204 -0.245463 -0.105372
v -0.428277 0.203428 0.068994
v 0.458933 -0.272654 -0.133293
v -0.256563 0.173558 -0.025290
v 0.221355 -0.352059 -0.177572
v 0.683547 0.130727 -0.014500
v 0.728328 0.147415 0.019319
v 0.356356 -0.344459 -0.155594
v -0.179858 0.045444 -0.053880
v -0.776015 -0.193563 0.190965
v 0.395652 -0.341507 -0.171285
v 0.254290 -0.390664 -0.159110
v 0.341623 -0.367635 -0.164547
v -0.166377 0.005392 -0.082577
v 0.713448 0.130293 0.008367
v -0.316083 0.155852 -0.000210
v -0.108180 -0.025434 -0.101904
v -0.106859 -0.060876 -0.089124
v 0.457124 -0.268264 -0.116712
v 0.204465 -0.356062 -0.167300
v 0.262705 -0.396164 -0.198609
v -0.409495 0.226120 0.038683
v -0.130406 -0.015892 -0.078433
v -0.021797 -0.163744 -0.167298
v 0.415045 -0.342716 -0.148851
v -0.495683 0.173027 0.091628
v -0.383866 0.206112 0.071383
v 0.292519 -0.376639 -0.153391
v 0.631914 -0.008806 -0.041076
v 0.531304 -0.153256 -0.079974
v -0.052561 -0.142505 -0.124129
v 0.426367 -0.294868 -0.148032
v -0.686740 -0.013441 0.157505
v 0.046162 -0.273611 -0.154179
v 0.308482 -0.372968 -0.163004
v -0.149420 -0.007379 -0.069058
v 0.144303 -0.309277 -0.162926
v -0.216096 0.059335 -0.047559
v 0.588188 -0.121995 -0.061430
v 0.078974 -0.284489 -0.180069
v -0.126211 -0.054102 -0.095623
v -0.169841 0.018528 -0.098774
v 0.171959 -0.370495 -0.176763
v -0.749499 -0.146262 0.176417
v -0.725589 -0.082640 0.165623
v 0.411924 -0.295685 -0.122826
v -0.417270 0.183826 0.055636
v 0.792351 0.263029 0.069605
v 0.255519 -0.357052 -0.193407
v -0.784773 -0.164457 0.187529
v 0.088250 -0.289213 -0.158251
v -0.526175 0.175179 0.100414
v 0.534118 -0.218298 -0.124478
v -0.292001 0.192640 -0.004676
v 0.322823 -0.352544 -0.155525
v -0.623334 0.069613 0.161920
v -0.582120 0.104242 0.140052
v -0.121067 -0.029652 -0.106954
v 0.575438 -0.147272 -0.053948
v 0.233372 -0.363021 -0.182971
v 0.397346 -0.355705 -0.138339
v 0.060252 -0.259898 -0.151576
v -0.352981 0.219594 0.018912
v 0.597803 -0.047385 -0.044371
v -0.217182 0.086873 -0.074952
v -0.445717 0.193129 0.106033
v 0.310707 -0.396066 -0.144559
v -0.652016 0.016057 0.176497
v 0.312270 -0.377161 -0.155653
v -0.665035 0.042751 0.150977
v 0.129152 -0.322339 -0.179450
v 0.385036 -0.319566 -0.159208
v -0.416721 0.192624 0.035392
v 0.070492 -0.268294 -0.176414
v -0.014053 -0.126351 -0.135538
v -0.367176 0.179815 0.012969
v -0.537186 0.177616 0.100327
v 0.761540 0.205890 0.014416
v 0.589082 -0.061246 -0.057515
v -0.051941 -0.134296 -0.150124
v 0.704588 0.128087 -0.001741
v -0.674996 -0.032321 0.150124
v 0.090735 -0.272777 -0.190362
v 0.428425 -0.288816 -0.151281
v 0.033642 -0.230784 -0.138657
v 0.774319 0.239302 0.052460
v 0.406522 -0.351585 -0.165160
v 0.239538 -0.397384 -0.198400
v -0.798194 -0.188168 0.169547
v -0.419290 0.217871 0.069000
v 0.321011 -0.363503 -0.164969
v 0.279576 -0.384894 -0.174803
v 0.256636 -0.362037 -0.200266
v -0.544143 0.172933 0.124403
v -0.357005 0.200603 0.031549
v 0.708306 0.115875 -0.016295
v -0.739621 -0.103710 0.163917
v -0.630781 0.046171 0.165125
v 0.746237 0.145783 0.000488
v -0.722816 -0.095345 0.183907
v 0.649791 0.050167 -0.012610
v -0.033677 -0.173624 -0.149433
v 0.290100 -0.389836 -0.165704
v -0.316592 0.207139 0.024420
v -0.081553 -0.095808 -0.094557
v -0.152590 0.044851 -0.072158
v 0.063812 -0.280058 -0.171689
v 0.416579 -0.302359 -0.156943
v 0.100135 -0.278812 -0.157186
v -0.582061 0.096247 0.134465
v -0.544053 0.153273 0.105571
v 0.808258 0.236421 0.029793
v 0.531348 -0.158621 -0.090487
v -0.345784 0.224713 0.022314
v 0.076203 -0.258018 -0.167366
v 0.625123 -0.062851 -0.037387
v -0.114380 -0.001269 -0.072618
v -0.357530 0.199561 0.051682
v -0.034146 -0.159726 -0.147663
v 0.085239 -0.282417 -0.176902
v -0.488281 0.188358 0.091634
v 0.418054 -0.272975 -0.120615
v 0.492558 -0.207713 -0.090561
v 0.769075 0.188545 0.038999
v 0.162774 -0.315862 -0.180235
v 0.039368 -0.223195 -0.162649
v 0.230368 -0.381737 -0.154527
v -0.248667 0.143603 -0.005924
v 0.581713 -0.126700 -0.083885
v 0.362918 -0.340381 -0.183600
v -0.683969 -0.002437 0.194331
v 0.391525 -0.348712 -0.140636
v 0.593311 -0.059543 -0.037531
v -0.711607 -0.089445 0.168954
v -0.565530 0.135353 0.148551
v -0.549078 0.183958 0.124182
v -0.394031 0.190828 0.061510
v -0.405870 0.183020 0.067421
v 0.650816 -0.010855 -0.035567
v -0.242716 0.132734 -0.033564
v -0.382578 0.193139 0.049773
v -0.040007 -0.144485 -0.132444
v 0.778069 0.263237 0.057210
v -0.357535 0.209445 0.046424
v -0.716209 -0.071522 0.194766
v -0.327146 0.198279 0.016348
v 0.224633 -0.365017 -0.168647
v 0.271607 -0.374517 -0.157180
v 0.224592 -0.380904 -0.174987
v 0.351282 -0.356017 -0.142046
v -0.537368 0.173830 0.137864
v 0.070038 -0.226913 -0.172369
v 0.518596 -0.171288 -0.084358
v -0.277297 0.159035 -0.041613
v 0.764407 0.188095 0.050143
v 0.762861 0.172080 0.041369
v -0.775902 -0.165163 0.188201
v 0.279973 -0.365043 -0.152913
v -0.639955 0.041613 0.173171
v 0.119015 -0.309212 -0.192721
v 0.538638 -0.198393 -0.101907
v -0.554044 0.113093 0.137001
v -0.625130 0.023904 0.156626
v 0.284935 -0.359007 -0.179359
v 0.370357 -0.338582 -0.169672
v -0.021639 -0.138464 -0.163116
v -0.209983 0.107166 -0.033990
v -0.631749 0.048955 0.181908
v -0.231215 0.089473 -0.060295
v 0.554589 -0.123209 -0.071161
v 0.131501 -0.328132 -0.191060
v -0.595293 0.077500 0.158388
v -0.482751 0.216897 0.082348
v -0.543887 0.110235 0.150640
v -0.587000 0.118222 0.118182
v 0.233981 -0.405396 -0.162552
v -0.428121 0.192246 0.043519
v 0.388053 -0.322719 -0.151088
v 0.445489 -0.300490 -0.129139
v 0.689833 0.137466 0.025509
v 0.032224 -0.202576 -0.178122
v -0.038548 -0.129781 -0.134141
v 0.634196 0.007940 -0.019655
v -0.706158 -0.023440 0.172696
v -0.254972 0.155694 -0.013784
v 0.148642 -0.340894 -0.161490
v 0.254915 -0.368277 -0.192724
v -0.091087 -0.087931 -0.118142
v -0.154662 -0.007497 -0.081214
v -0.218486 0.099039 -0.076665
v 0.510497 -0.190490 -0.079281
v 0.501649 -0.210803 -0.103256
v -0.291455 0.141075 -0.007227
v 0.418859 -0.312915 -0.122052
v 0.153238 -0.342047 -0.192990
v 0.236990 -0.400159 -0.160446
v -0.198772 0.093565 -0.033823
v 0.575976 -0.122468 -0.074905
v 0.204631 -0.355156 -0.162815
v -0.388063 0.213591 0.030864
v -0.280975 0.152785 -0.021329
v -0.176651 0.033932 -0.100749
v 0.379535 -0.333490 -0.155618
v -0.196835 0.099324 -0.047970
v -0.686438 -0.001985 0.169727
v 0.266955 -0.372896 -0.175292
v -0.104071 -0.046539 -0.128409
v -0.122976 -0.024300 -0.100841
v 0.244683 -0.386652 -0.171012
v -0.797630 -0.193930 0.161727
v -0.399763 0.182618 0.063203
v -0.524878 0.182103 0.114264
v 0.548677 -0.188014 -0.071895
v -0.756379 -0.067488 0.194052
v 0.124885 -0.305689 -0.178630
v -0.639680 0.070134 0.165735
v 0.205602 -0.341111 -0.200486
v 0.538341 -0.135578 -0.079928
v -0.176260 0.029226 -0.081504
v -0.530464 0.143901 0.119952
v 0.641945 0.030186 -0.012503
v 0.490873 -0.225749 -0.119072
v 0.176849 -0.340208 -0.194982
v 0.436263 -0.277050 -0.119546
v -0.060544 -0.070909 -0.107206
v 0.217447 -0.360422 -0.197452
v -0.693632 -0.033666 0.158234
v -0.709758 -0.062943 0.170468
v -0.692391 -0.072841 0.190903
v 0.574220 -0.112983 -0.074145
v 0.101497 -0.264298 -0.171271
v 0.503297 -0.228214 -0.108975
v -0.580529 0.120205 0.150636
v -0.239784 0.129211 -0.044251
v -0.406722 0.205410 0.058698
v -0.552363 0.140304 0.121111
v -0.253718 0.150850 -0.015973
v -0.714816 -0.020618 0.159418
v 0.365802 -0.334165 -0.139620
v -0.262484 0.125466 -0.026350
v 0.758238 0.174446 0.031968
v 0.691283 0.097807 0.015037
v 0.509601 -0.195635 -0.093361
v 0.297983 -0.371237 -0.175594
v -0.227945 0.083718 -0.058465
v 0.715583 0.115462 -0.008926
v -0.659314 -0.022711 0.180172
v 0.555376 -0.185577 -0.096758
v 0.407645 -0.306589 -0.153359
v 0.543707 -0.155860 -0.108276
v -0.104180 -0.041042 -0.119052
v -0.100036 -0.051516 -0.113197
v 0.044891 -0.233776 -0.163049
v 0.529573 -0.140123 -0.064380
v -0.072223 -0.107738 -0.121304
v 0.761874 0.191371 0.007858
v -0.392936 0.226896 0.058347
v -0.618562 0.071095 0.145846
v 0.409626 -0.285142 -0.155969
v -0.077723 -0.063326 -0.108225
v -0.264330 0.097270 -0.033259
v -0.398029 0.202086 0.044118
v 0.706280 0.092585 0.008532
v -0.590497 0.135791 0.148439
v -0.567655 0.118698 0.113206
v -0.685443 0.018769 0.168355
v 0.364964 -0.370530 -0.167346
v -0.340771 0.176635 0.024958
v -0.088075 -0.071676 -0.114784
v -0.772935 -0.169122 0.161565
v -0.107477 -0.044756 -0.103837
v 0.242275 -0.357633 -0.198103
v 0.042061 -0.210105 -0.155487
v -0.176767 0.054416 -0.044688
v -0.418347 0.222038 0.044713
v 0.379118 -0.331568 -0.142390
v -0.290753 0.146846 -0.002406
v -0.505900 0.169485 0.124444
v 0.226352 -0.393152 -0.166087
v -0.078041 -0.115971 -0.135030
v -0.711282 -0.088794 0.200478
v 0.056515 -0.252530 -0.180381
v -0.214799 0.126074 -0.048309
v -0.607439 0.115909 0.158067
v 0.625752 0.012440 -0.038672
v 0.017253 -0.177098 -0.129237
v 0.342276 -0.346120 -0.140702
v 0.063820 -0.290392 -0.157763
v -0.304476 0.171760 0.014920
v -0.260407 0.135028 -0.042475
v 0.785769 0.275628 0.076424
v -0.673059 -0.014577 0.182401
v 0.309696 -0.397960 -0.167931
v 0.426839 -0.296769 -0.113314
v -0.219732 0.095365 -0.042856
v 0.308940 -0.386570 -0.160240
v 0.119748 -0.318726 -0.166622
v -0.419949 0.220023 0.055909
v -0.177737 0.042386 -0.077816
v -0.061145 -0.079153 -0.091294
v -0.032948 -0.147282 -0.143200
v 0.635142 -0.021106 -0.025805
v 0.543813 -0.145125 -0.102040
v 0.087041 -0.246136 -0.154033
v 0.690604 0.090507 -0.008765
v -0.620771 0.072628 0.162052
v -0.755244 -0.136751 0.193614
v 0.088233 -0.300429 -0.177438
v 0.810296 0.256115 0.068733
v 0.496031 -0.166049 -0.090597
v -0.071035 -0.084225 -0.095821
v 0.455410 -0.292898 -0.104596
v -0.087275 -0.061235 -0.120988
v -0.571942 0.134294 0.139798
v -0.224318 0.144839 -0.012891
v -0.392279 0.210652 0.036360
v -0.313807 0.179192 -0.007818
v 0.689281 0.121335 0.014747
v 0.185349 -0.347522 -0.162842
v -0.777329 -0.117637 0.182011
v 0.255156 -0.383545 -0.171500
v 0.003219 -0.189639 -0.121740
v -0.012054 -0.138273 -0.146157
v -0.705248 -0.015642 0.167239
v -0.468230 0.187126 0.104274
v 0.392758 -0.319994 -0.172020
v -0.204053 0.075576 -0.053448
v -0.384649 0.183287 0.029904
v -0.179591 0.047100 -0.045169
v -0.553109 0.156327 0.115689
v 0.420907 -0.304664 -0.138395
v -0.330176 0.195623 0.003854
v 0.732456 0.169991 0.003840
v 0.010948 -0.164908 -0.144331
v 0.076064 -0.257488 -0.143433
v 0.377206 -0.357520 -0.161600
v 0.097183 -0.305821 -0.194558
v 0.020029 -0.202848 -0.123398
v 0.269578 -0.356129 -0.178371
v 0.463790 -0.227767 -0.105507
v -0.481051 0.193135 0.074433
v -0.589090 0.117056 0.136809
v 0.170792 -0.360387 -0.173549
v -0.515466 0.168103 0.113179
v -0.245388 0.140833 -0.011111
v -0.304548 0.175317 0.020182
v 0.772022 0.224341 0.049337
v 0.277202 -0.378936 -0.147684
v 0.466454 -0.268390 -0.115147
v 0.117163 -0.319958 -0.170115
v 0.528256 -0.139012 -0.107215
v 0.697623 0.106468 0.000366
v -0.548185 0.136384 0.144073
v 0.691474 0.069543 -0.037230
v -0.593701 0.111353 0.146467
v 0.031451 -0.249766 -0.137337
v -0.259562 0.144231 -0.015840
v 0.238960 -0.371345 -0.194625
v -0.402665 0.194781 0.082255
v -0.334366 0.169213 0.023705
v -0.300295 0.185715 0.010662
v -0.381374 0.209515 0.029083
v 0.784176 0.232859 0.053534
v -0.345894 0.200478 0.012225
v -0.104376 -0.061049 -0.124235
v 0.083376 -0.247587 -0.181418
v 0.189425 -0.373020 -0.171311
v 0.056564 -0.266160 -0.164630
v 0.327800 -0.346616 -0.185690
v 0.102019 -0.282257 -0.145725
v 0.604312 -0.069115 -0.029494
v -0.278837 0.179539 -0.028367
v 0.120371 -0.302766 -0.152315
v 0.644921 0.057430 -0.038115
v 0.696274 0.050242 -0.016373
v 0.721681 0.121620 0.018031
v -0.781774 -0.194916 0.203954
v -0.320246 0.196226 0.024891
v 0.719250 0.103837 -0.014400
v -0.636640 0.071896 0.139771
v -0.490251 0.197080 0.110140
v 0.395427 -0.296335 -0.121801
v 0.523948 -0.202032 -0.086461
v -0.522319 0.172390 0.095184
v -0.395967 0.218538 0.068967
v -0.305743 0.155470 0.017229
v 0.286536 -0.394895 -0.179317
v -0.151207 0.037683 -0.070868
v -0.321564 0.191595 -0.008871
v 0.169357 -0.377596 -0.197096
v 0.401663 -0.331576 -0.144357
v -0.044799 -0.113393 -0.142681
v -0.391318 0.227120 0.036893
v -0.075015 -0.090555 -0.109246
v -0.698805 -0.039387 0.175032
v -0.568830 0.139558 0.112118
v -0.467200 0.176906 0.092806
v 0.491579 -0.221006 -0.110729
v -0.709502 -0.034231 0.183637
v -0.150659 0.049181 -0.069392
v -0.735310 -0.102713 0.200062
v 0.673783 0.116681 -0.026053
v -0.132364 0.024179 -0.059904
v 0.229427 -0.353146 -0.184885
v 0.611731 -0.083113 -0.051095
v 0.260833 -0.373528 -0.184542
v -0.512579 0.176341 0.123690
v -0.468522 0.181634 0.068444
v 0.279822 -0.379450 -0.158510
v -0.411673 0.197242 0.079630
v 0.340681 -0.337781 -0.161763
v 0.444873 -0.325045 -0.151317
v -0.661886 0.054879 0.167507
v -0.710091 -0.077177 0.161356
v -0.434183 0.181303 0.083105
v -0.321389 0.202256 0.011921
v 0.165295 -0.352273 -0.188247
v -0.562773 0.114504 0.125338
v -0.680042 -0.022641 0.192195
v 0.197949 -0.367990 -0.156383
v 0.715105 0.127635 -0.005366
v -0.151420 -0.010710 -0.077011
v -0.024903 -0.137349 -0.119914
v 0.509979 -0.224654 -0.087272
v 0.073363 -0.301703 -0.184507
v 0.255841 -0.360711 -0.199307
v 0.343860 -0.365252 -0.149232
v 0.183356 -0.364103 -0.165808
v 0.361831 -0.354972 -0.139563
v -0.244406 0.119705 0.003375
v 0.720190 0.190828 0.021127
v -0.406631 0.193914 0.082713
v 0.097103 -0.286417 -0.166361
v -0.237107 0.104651 -0.042055
v -0.618161 0.043621 0.175325
v 0.656464 0.036951 -0.017790
v -0.463665 0.193056 0.101415
v 0.122508 -0.338102 -0.183746
v -0.175588 0.067717 -0.052040
v 0.283621 -0.362632 -0.148591
v 0.226241 -0.392793 -0.164618
v -0.518159 0.163979 0.139531
v 0.074509 -0.285708 -0.187920
v 0.576975 -0.126212 -0.066116
v -0.123045 -0.009797 -0.076272
v -0.785087 -0.181956 0.185702
v 0.272634 -0.382256 -0.176657
v -0.786838 -0.206764 0.181371
v -0.336541 0.175875 0.049617
v 0.293761 -0.360497 -0.194210
v -0.663453 0.024831 0.160638
v 0.492709 -0.212840 -0.110152
v -0.147106 0.041198 -0.095246
v 0.311860 -0.371261 -0.154220
v 0.395012 -0.316789 -0.137723
v -0.734744 -0.070036 0.172880
v -0.091526 -0.038480 -0.085258
v -0.646013 0.015308 0.145285
v 0.608365 -0.081993 -0.084183
v -0.659764 0.010591 0.170752
v -0.725919 -0.122144 0.200617
v 0.151870 -0.320154 -0.181818
v -0.693778 -0.016276 0.183439
v -0.157523 0.041723 -0.054873
v -0.551655 0.134364 0.137308
v 0.736602 0.192942 0.050061
v -0.241601 0.155919 -0.030498
v 0.414169 -0.299919 -0.107477
v -0.022244 -0.141617 -0.143873
v 0.295545 -0.400754 -0.167309
v 0.487544 -0.264384 -0.133376
v 0.345378 -0.352671 -0.172351
v -0.654259 0.052127 0.147791
v -0.386748 0.186824 0.035810
v 0.082986 -0.308463 -0.176195
v -0.646195 0.024407 0.154924
v -0.338654 0.167913 0.038709
v 0.672241 0.020507 -0.045610
v -0.208887 0.056151 -0.060875
v -0.702039 -0.039914 0.170186
v -0.689341 -0.016008 0.172964
v 0.134868 -0.358418 -0.187559
v 0.709728 0.138126 0.025444
v -0.280996 0.164307 0.002575
v 0.740567 0.186883 0.055404
v -0.487928 0.217622 0.119234
v -0.323935 0.188544 0.022806
v -0.418318 0.224513 0.056747
v -0.614587 0.081000 0.153584
v 0.293245 -0.356922 -0.174655
v 0.330310 -0.377466 -0.154784
v 0.525128 -0.203990 -0.101048
v 0.200439 -0.364267 -0.169080
v 0.441221 -0.236348 -0.123213
v -0.158381 0.048252 -0.067713
v 0.084368 -0.273280 -0.145383
v 0.065959 -0.275170 -0.149192
v 0.244913 -0.373359 -0.200374
v 0.782647 0.213278 0.053979
v 0.741670 0.150466 0.013381
v 0.018022 -0.200706 -0.147327
v -0.092198 -0.053744 -0.107338
v -0.007006 -0.207882 -0.165643
v -0.111353 -0.023002 -0.067424
v -0.582725 0.123701 0.121597
v -0.028510 -0.150574 -0.126180
v -0.299732 0.177354 -0.025044
v 0.566087 -0.119668 -0.094093
v 0.761436 0.202708 0.024609
v 0.118681 -0.306276 -0.175181
v -0.497853 0.177503 0.084480
v 0.167437 -0.354231 -0.185288
v 0.312866 -0.356818 -0.150299
v -0.719810 -0.019089 0.155520
v -0.280547 0.141269 0.005940
v 0.051299 -0.232773 -0.153338
v 0.131604 -0.313475 -0.170859
v 0.512281 -0.221016 -0.099169
v -0.682699 -0.004426 0.154181
v -0.497457 0.180077 0.104948
v -0.585227 0.104033 0.145255
v 0.316756 -0.350520 -0.166710
v -0.034558 -0.170930 -0.142370
v -0.721270 -0.084378 0.155330
v 0.527537 -0.207410 -0.104055
v 0.291296 -0.361762 -0.172522
v -0.691184 0.022998 0.154286
v -0.358355 0.183369 0.031725
v 0.401325 -0.331532 -0.168838
v -0.603514 0.093177 0.144489
v 0.493258 -0.180360 -0.095949
v 0.763762 0.249166 0.059323
v -0.298700 0.181253 0.005799
v 0.503719 -0.179678 -0.088901
v -0.405351 0.212851 0.059260
v 0.343845 -0.382036 -0.181573
v -0.484061 0.176063 0.083880
v -0.348326 0.187524 0.038508
v -0.348700 0.208528 0.045188
v 0.266640 -0.356984 -0.159052
v 0.694654 0.071438 -0.035578
v 0.573210 -0.075432 -0.046817
v 0.427169 -0.308444 -0.135411
v -0.374341 0.200518 0.045976
v 0.587855 -0.048790 -0.062284
v 0.691591 0.122115 -0.009689
v -0.782336 -0.181763 0.191533
v -0.058274 -0.101919 -0.142355
v 0.040971 -0.253474 -0.176072
v -0.353924 0.194884 0.043351
v 0.105094 -0.310251 -0.163052
v -0.742566 -0.058773 0.172676
v -0.583338 0.093064 0.121061
v 0.717967 0.165082 0.000139
v 0.222944 -0.357434 -0.189880
v 0.234860 -0.386581 -0.157823
v -0.540343 0.150264 0.131181
v -0.417596 0.218326 0.044131
v -0.055474 -0.148127 -0.123329
v -0.775361 -0.159373 0.204212
v -0.142689 -0.038554 -0.100235
v 0.349343 -0.356805 -0.136108
v -0.566920 0.131181 0.120563
v 0.770847 0.241430 0.024938
v 0.237037 -0.367955 -0.172174
v -0.562216 0.150110 0.148358
v -0.681276 0.031672 0.167659
v -0.162387 0.050635 -0.081343
v -0.377639 0.201469 0.036979
v 0.186097 -0.343523 -0.161917
v 0.243531 -0.379939 -0.176992
v 0.386327 -0.349496 -0.126866
v 0.727219 0.127751 0.015496
v 0.151702 -0.315022 -0.153465
v 0.675878 0.111300 0.000184
v -0.206193 0.106723 -0.024589
v 0.408422 -0.315506 -0.145939
v -0.758254 -0.080449 0.176736
v 0.205766 -0.373650 -0.169880
v -0.666287 0.015192 0.153643
v -0.303584 0.157089 0.017749
v 0.052761 -0.246781 -0.145712
v 0.267995 -0.369797 -0.161404
v 0.532244 -0.155873 -0.082795
v -0.069163 -0.093354 -0.104986
v 0.366025 -0.325895 -0.140354
v -0.515217 0.159000 0.136486
v 0.336573 -0.375858 -0.145489
v -0.350656 0.216469 0.015721
v 0.479972 -0.246803 -0.099093
v 0.101496 -0.319620 -0.181704
v 0.002720 -0.188971 -0.157660
v -0.631657 0.065333 0.142872
v -0.008678 -0.182892 -0.162944
v -0.051028 -0.141110 -0.107635
v 0.574620 -0.087137 -0.058426
v -0.137919 -0.015089 -0.081095
v -0.387093 0.195406 0.037150
v 0.627073 0.023413 -0.007931
v 0.704973 0.143858 0.004099
v 0.543119 -0.136486 -0.105435
v -0.475736 0.184464 0.102071
v -0.053133 -0.107028 -0.110526
v -0.467302 0.203434 0.087176
v -0.794294 -0.196332 0.172229
v 0.562178 -0.129324 -0.109993
v 0.269136 -0.369302 -0.197435
v 0.034612 -0.241920 -0.181793
v 0.805717 0.228620 0.074064
v 0.636648 0.005843 -0.042512
v 0.738533 0.176428 0.015009
v 0.490682 -0.193842 -0.103516
v 0.729588 0.159255 0.014852
v 0.491343 -0.226175 -0.123263
v -0.386136 0.186566 0.050427
v 0.118303 -0.344686 -0.178018
v -0.147784 0.038930 -0.096548
v -0.318457 0.154598 -0.013326
v 0.314007 -0.368492 -0.194573
v 0.528869 -0.181002 -0.100551
v -0.230139 0.118654 -0.050809
v 0.761637 0.229953 0.045152
v 0.384418 -0.328813 -0.131443
v -0.600733 0.139419 0.161489
v -0.574672 0.101202 0.149039
v 0.235612 -0.389424 -0.163482
v -0.786896 -0.121889 0.176092
v -0.573680 0.120672 0.135158
v -0.733636 -0.104135 0.179565
v 0.509447 -0.216913 -0.089807
v -0.537773 0.153052 0.105251
v 0.590211 -0.034949 -0.061037
v -0.332232 0.188546 -0.006233
v -0.370497 0.182125 0.048707
v 0.047840 -0.218951 -0.143346
v 0.797142 0.224761 0.048656
v -0.003879 -0.151080 -0.142633
v -0.521351 0.162246 0.131134
v 0.423591 -0.255456 -0.127531
v 0.451928 -0.275878 -0.156149
v 0.239309 -0.364777 -0.156833
v -0.685727 -0.068148 0.190264
v 0.468565 -0.227845 -0.099284
v -0.513613 0.187672 0.123849
v 0.638778 0.050348 0.001147
v 0.104926 -0.314225 -0.147097
v 0.610214 -0.055180 -0.050369
v -0.668957 0.012952 0.163113
v -0.778012 -0.213103 0.161523
v 0.368039 -0.343291 -0.169940
v -0.760609 -0.120855 0.192628
v 0.572403 -0.112124 -0.085830
v 0.701857 0.094275 -0.005910
v -0.598802 0.139829 0.153887
v 0.744518 0.146003 0.044346
v 0.331139 -0.361108 -0.183255
v 0.126088 -0.342766 -0.167628
v -0.584801 0.124073 0.166799
v -0.148724 0.068665 -0.093079
v 0.184874 -0.324597 -0.192794
v 0.126715 -0.319526 -0.159756
v -0.395088 0.191933 0.085111
v -0.647590 0.030566 0.181726
v -0.097131 -0.081727 -0.133981
v -0.408946 0.182035 0.044161
v 0.395590 -0.326302 -0.154661
v -0.191759 0.049907 -0.059833
v 0.590030 -0.081832 -0.081823
v -0.664777 -0.021135 0.158722
v 0.701369 0.122922 0.006576
v 0.373528 -0.326269 -0.174939
v 0.156131 -0.339884 -0.201274
v 0.691157 0.135063 -0.012674
v -0.652710 0.035248 0.167044
v 0.366760 -0.367791 -0.169933
v -0.442441 0.212093 0.083215
v -0.561215 0.140365 0.118697
v 0.264243 -0.396240 -0.200606
v -0.537078 0.145511 0.134805
v -0.311761 0.173010 0.011803
v -0.651975 0.013199 0.180715
v -0.211669 0.074797 -0.052531
v -0.449584 0.184634 0.088234
v 0.247235 -0.389223 -0.173842
v 0.757615 0.189940 0.046944
v 0.505380 -0.198910 -0.083088
v -0.021198 -0.131376 -0.152158
v 0.655159 0.010531 -0.011234
v 0.489597 -0.232670 -0.133408
v 0.395146 -0.290060 -0.118097
v 0.474846 -0.225987 -0.084322
v -0.078507 -0.038596 -0.087548
v -0.366842 0.227375 0.027146
v -0.184174 0.043476 -0.077956
v -0.048275 -0.079869 -0.114172
v 0.032079 -0.232178 -0.174251
v 0.153613 -0.309900 -0.155638
v 0.080344 -0.307931 -0.169460
v -0.254265 0.122492 -0.028985
v 0.151213 -0.365546 -0.197223
v 0.183531 -0.377095 -0.159914
v -0.282731 0.158218 0.003882
v 0.611262 0.010989 -0.046210
v -0.351864 0.206611 0.008876
v 0.571959 -0.055041 -0.063690
v 0.509788 -0.188196 -0.088541
v -0.513733 0.200326 0.117529
v 0.433549 -0.294839 -0.139647
v -0.555088 0.151805 0.107308
v 0.581039 -0.146849 -0.090940
v 0.549537 -0.180137 -0.092493
v 0.679081 0.039819 -0.001412
v 0.014973 -0.212404 -0.171773
v -0.199351 0.065067 -0.034915
v 0.131496 -0.347423 -0.156981
v 0.407780 -0.336491 -0.151845
v -0.535735 0.179907 0.140805
v 0.244693 -0.389833 -0.183387
v -0.753901 -0.133256 0.154531
v 0.665793 0.038801 -0.048020
v -0.380921 0.198110 0.076913
v 0.224575 -0.382803 -0.186849
v -0.398467 0.216761 0.070116
v -0.184440 0.035086 -0.066184
v 0.542966 -0.135569 -0.076641
v -0.342033 0.161277 0.037096
v 0.243026 -0.387684 -0.168893
v 0.617738 -0.034759 -0.027206
v 0.654771 0.017308 -0.029005
v 0.265886 -0.370022 -0.169367
v 0.783922 0.246036 0.047855
v -0.733086 -0.102977 0.161667
v 0.348598 -0.350037 -0.142810
v 0.659036 0.020794 -0.010640
v 0.563847 -0.165263 -0.104336
v -0.607357 0.118115 0.157187
v -0.498105 0.171341 0.088484
v -0.219336 0.100895 -0.024007
v -0.281865 0.135871 0.000561
v -0.028822 -0.116791 -0.106202
v -0.666584 -0.016772 0.186965
v -0.199411 0.042050 -0.043618
v -0.595201 0.114374 0.142240
v 0.648472 0.011500 -0.017043
v 0.445685 -0.272775 -0.144907
v 0.190434 -0.384147 -0.166735
v -0.517007 0.163250 0.132312
v -0.653410 0.028757 0.157829
v 0.738690 0.150857 0.010067
v -0.227334 0.071161 -0.037325
v -0.486240 0.192782 0.090978
v 0.301857 -0.394027 -0.175250
v 0.125224 -0.316580 -0.187097
v -0.323284 0.194299 0.011462
v 0.645532 -0.036771 -0.024279
v -0.240777 0.126428 -0.021001
v -0.168152 0.033387 -0.097845
v 0.379007 -0.360449 -0.160287
v 0.217733 -0.360391 -0.190729
v 0.033003 -0.225781 -0.153689
v 0.221695 -0.370470 -0.182309
v -0.189230 0.065703 -0.077468
v 0.318823 -0.384652 -0.160829
v 0.248472 -0.375977 -0.194956
v 0.509290 -0.161984 -0.111205
v -0.637267 0.061565 0.136229
v -0.378052 0.190219 0.054503
v -0.350468 0.185621 0.000881
v 0.684529 0.066289 0.004623
v 0.667770 0.029823 -0.045138
v -0.655282 0.037803 0.141925
v -0.404015 0.231582 0.040330
v -0.077166 -0.123720 -0.147414
v -0.320013 0.180318 0.031731
v -0.635092 0.014689 0.177465
v 0.244894 -0.388439 -0.179779
v 0.213815 -0.385224 -0.164229
v -0.512370 0.202480 0.097754
v -0.165322 0.071716 -0.057316
v 0.455708 -0.235950 -0.138945
v 0.690917 0.111442 0.009031
v 0.492543 -0.250939 -0.119162
v -0.249801 0.114330 -0.024410
v 0.739044 0.214972 0.012992
v -0.164647 -0.006001 -0.095038
v 0.336206 -0.356164 -0.161962
v 0.127914 -0.292262 -0.179964
v 0.046994 -0.249168 -0.148816
v -0.409989 0.217172 0.051090
v 0.545370 -0.128779 -0.107769
v 0.212284 -0.359441 -0.161637
v 0.569808 -0.077841 -0.073361
v 0.729750 0.172019 0.036570
v -0.168007 0.020215 -0.064249
v -0.065213 -0.075032 -0.132470
v 0.003466 -0.197620 -0.148597
v 0.066418 -0.309054 -0.164417
v 0.180736 -0.362411 -0.194577
v 0.296877 -0.388070 -0.197397
v -0.445608 0.208579 0.084328
v -0.035128 -0.115763 -0.149351
v 0.400999 -0.319079 -0.124014
v 0.732693 0.172843 0.034399
v -0.743547 -0.097633 0.186098
v 0.334843 -0.350948 -0.174834
v 0.682991 0.081328 0.007482
v 0.327249 -0.364906 -0.139848
v 0.544387 -0.143298 -0.089217
v 0.276340 -0.399102 -0.177519
v 0.026012 -0.220772 -0.143075
v -0.026892 -0.126437 -0.152161
v 0.137212 -0.338521 -0.180747
v 0.180008 -0.345878 -0.184409
v 0.787997 0.221674 0.026400
v 0.765274 0.167288 0.005210
v -0.129607 0.015322 -0.096965
v 0.340426 -0.360801 -0.145082
v 0.197178 -0.365576 -0.190340
v -0.238912 0.150265 -0.022032
v 0.733517 0.166114 0.009928
v -0.622740 0.078364 0.154086
v 0.263325 -0.369022 -0.158904
v -0.325150 0.208528 0.025107
v -0.777298 -0.124346 0.163545
v 0.383343 -0.334772 -0.157997
v 0.552541 -0.162577 -0.072540
v -0.732608 -0.134297 0.196034
v 0.401430 -0.325566 -0.147942
v -0.405632 0.223450 0.055564
v 0.284514 -0.386993 -0.153630
v 0.751949 0.202325 0.010108
v -0.391826 0.222050 0.072974
v 0.548548 -0.164243 -0.085230
v 0.410503 -0.312104 -0.129052
v 0.732573 0.155256 0.033299
v -0.517148 0.183950 0.100044
v -0.111558 -0.048723 -0.094914
v -0.400446 0.217824 0.034030
v -0.562943 0.121689 0.150517
v 0.193068 -0.360560 -0.176166
v -0.212861 0.096848 -0.054887
v -0.527401 0.180594 0.104238
v 0.038855 -0.268592 -0.177022
v -0.275946 0.131327 -0.004877
v 0.073630 -0.226601 -0.136015
v -0.777467 -0.179232 0.200049
v 0.187978 -0.335553 -0.170582
v -0.265704 0.181671 -0.013338
v 0.053521 -0.239757 -0.147802
v -0.184926 0.073978 -0.078394
v 0.621876 -0.000859 -0.012844
v -0.509354 0.164201 0.095320
v -0.686728 -0.016925 0.188588
v -0.141069 -0.019213 -0.085707
v 0.775719 0.208016 0.056803
v 0.377713 -0.330511 -0.155673
v -0.682253 0.035629 0.165765
v 0.106322 -0.327137 -0.179935
v 0.204999 -0.394577 -0.171273
v 0.062806 -0.244779 -0.149029
v 0.147017 -0.350399 -0.155081
v -0.615839 0.050932 0.134312
v 0.421323 -0.307299 -0.129043
v -0.039946 -0.146574 -0.136036
v 0.478262 -0.221613 -0.134277
v 0.304371 -0.365755 -0.162352
v -0.180518 0.082674 -0.051258
v -0.627572 0.098991 0.148413
v 0.705402 0.139769 0.028751
v -0.254205 0.135663 -0.027621
v -0.556434 0.170849 0.108950
v -0.494844 0.195476 0.127815
v 0.716507 0.087225 -0.002158
v -0.356588 0.169526 0.031007
v -0.028953 -0.175092 -0.130740
v -0.633952 0.068200 0.148605
v -0.073149 -0.087623 -0.110978
v 0.098108 -0.310744 -0.175608
v -0.804960 -0.201029 0.191938
v -0.085196 -0.064812 -0.093143
v 0.602760 -0.062494 -0.062860
v 0.066463 -0.274449 -0.150821
v 0.555942 -0.102807 -0.081274
v 0.596960 -0.054465 -0.069852
v -0.011955 -0.193642 -0.154088
v 0.164373 -0.331821 -0.175054
v 0.796570 0.266670 0.047818
v -0.429102 0.217357 0.067574
v -0.055958 -0.113532 -0.124554
v 0.277685 -0.365946 -0.171080
v -0.533943 0.157698 0.104953
v 0.725910 0.155215 0.021935
v -0.033455 -0.162767 -0.136978
v -0.705950 -0.059820 0.156428
v 0.645424 0.022114 -0.029106
v -0.701671 -0.086772 0.185305
v 0.050679 -0.208884 -0.167962
v 0.054653 -0.259786 -0.172146
v 0.262112 -0.379073 -0.184361
v 0.652406 0.014984 -0.008885
v -0.021916 -0.150599 -0.138232
v -0.594370 0.100410 0.145016
v -0.477227 0.193917 0.098359
v -0.624154 0.100526 0.160100
v -0.030633 -0.158952 -0.152117
v 0.509506 -0.189435 -0.086301
v -0.535716 0.131302 0.127733
v -0.722628 -0.070109 0.195850
v 0.162152 -0.368909 -0.167529
v 0.247965 -0.401913 -0.179478
v 0.806806 0.223059 0.065890
v 0.176073 -0.330365 -0.194580
v 0.243664 -0.369778 -0.185143
v -0.069918 -0.097541 -0.122865
v -0.641170 0.083794 0.154072
v -0.145850 -0.031980 -0.093647
v 0.160549 -0.345184 -0.179595
v -0.612862 0.064930 0.154673
v 0.543883 -0.166406 -0.087053
v 0.028790 -0.249740 -0.154939
v -0.417707 0.221808 0.067010
v 0.154547 -0.320148 -0.167233
v -0.661959 0.042102 0.145346
v 0.563649 -0.085042 -0.073720
v -0.487109 0.199566 0.108584
v -0.636115 0.091738 0.158730
v -0.301444 0.148077 0.004501
v -0.376439 0.203794 0.045770
v -0.350073 0.212327 0.028892
v 0.453185 -0.277159 -0.122899
v -0.403623 0.199806 0.062637
v 0.395002 -0.334027 -0.140415
v -0.075483 -0.086039 -0.126623
v -0.167181 0.030250 -0.067246
v 0.313901 -0.344874 -0.189737
v -0.671992 0.050141 0.158229
v -0.711383 -0.054984 0.147631
v -0.160856 0.065052 -0.062534
v 0.343443 -0.342421 -0.147200
v 0.221415 -0.390525 -0.171624
v 0.475556 -0.254952 -0.107013
v 0.011885 -0.231392 -0.176761
v -0.442175 0.191487 0.089623
v 0.440133 -0.283282 -0.123980
v 0.040235 -0.240194 -0.174959
v -0.328322 0.214858 0.017661
v 0.730086 0.174199 0.007993
v 0.691287 0.070203 -0.011686
v -0.651037 0.051251 0.177185
v 0.507543 -0.214813 -0.097015
v 0.129540 -0.291672 -0.171163
v 0.444821 -0.271475 -0.136347
v -0.058506 -0.123385 -0.141226
v -0.685230 -0.000859 0.178568
v -0.441325 0.230196 0.073406
v -0.767834 -0.186653 0.159436
v 0.293970 -0.402223 -0.153064
v -0.044834 -0.114183 -0.143720
v 0.724544 0.148209 0.008649
v -0.468762 0.212202 0.082042
v -0.488089 0.201613 0.077126
v -0.608288 0.070787 0.162902
v 0.195335 -0.356531 -0.202603
v -0.022299 -0.146519 -0.111374
v 0.653638 -0.005425 -0.012171
v 0.654624 0.031830 -0.015575
v -0.698399 -0.059597 0.175412
v -0.001354 -0.178899 -0.163188
v 0.772324 0.199375 0.044528
v -0.795550 -0.164434 0.170954
v 0.168430 -0.355282 -0.192803
v -0.040193 -0.129416 -0.128990
v -0.453112 0.193909 0.105988
v -0.368598 0.178798 0.033400
v -0.454300 0.195625 0.060498
v -0.114406 -0.055858 -0.078941
v -0.545440 0.121919 0.131474
v 0.810368 0.246684 0.062818
v 0.446534 -0.264741 -0.121249
v -0.153030 0.010032 -0.059639
v -0.031044 -0.136372 -0.140431
v -0.219443 0.122756 -0.055529
v -0.787202 -0.128841 0.202262
v -0.477872 0.200515 0.080970
v 0.441250 -0.268255 -0.128505
v 0.397923 -0.347092 -0.163123
v 0.192982 -0.387915 -0.164512
v -0.253615 0.141365 -0.005015
v -0.702750 -0.030079 0.159393
v -0.345456 0.196299 0.007657
v -0.070022 -0.072298 -0.106796
v 0.740541 0.158658 0.001429
v 0.372537 -0.328529 -0.146477
v -0.688551 -0.015889 0.143808
v 0.608327 -0.077007 -0.057587
v 0.403157 -0.314367 -0.154478
v 0.267006 -0.389753 -0.190610
v -0.338996 0.175887 0.042467
v -0.746108 -0.106172 0.169407
v -0.014403 -0.131011 -0.143307
v -0.064771 -0.055459 -0.127253
v 0.162687 -0.336154 -0.175094
v 0.044512 -0.239125 -0.164701
v 0.078704 -0.262229 -0.170405
v -0.394130 0.181145 0.062889
v 0.548909 -0.133100 -0.102901
v 0.697689 0.060774 -0.038474
v -0.121657 -0.047777 -0.125204
v -0.206583 0.082102 -0.059717
v -0.526913 0.151614 0.116628
v -0.383120 0.192118 0.057570
v 0.671306 0.038809 -0.035609
v 0.404123 -0.337868 -0.131618
v -0.518669 0.185754 0.115381
v -0.358448 0.185733 0.012242
v -0.718840 -0.085575 0.154541
v -0.358528 0.214065 0.025513
v -0.559227 0.131865 0.121369
v 0.504038 -0.242488 -0.100539
v -0.254425 0.170179 -0.038235
v 0.419614 -0.286518 -0.146200
v 0.562325 -0.130739 -0.102397
v 0.416481 -0.283930 -0.138233
v 0.356866 -0.341845 -0.138372
v 0.057928 -0.226538 -0.146951
v -0.309472 0.176024 -0.022537
v 0.700920 0.090115 0.006854
v -0.462666 0.211072 0.083311
v -0.612669 0.065731 0.135139
v -0.377257 0.213741 0.008197
v -0.718637 -0.090575 0.180815
v -0.226288 0.065980 -0.072945
v 0.211374 -0.337655 -0.173652
v -0.697131 -0.034471 0.186509
v -0.612042 0.122978 0.159610
v 0.425992 -0.318055 -0.157331
v 0.295708 -0.395489 -0.150761
v -0.026642 -0.162781 -0.127564
v -0.512027 0.178139 0.115749
v -0.342913 0.220430 0.036166
v -0.707046 -0.032605 0.157487
v -0.237584 0.097542 -0.054842
v -0.527209 0.199763 0.121036
v -0.406891 0.216503 0.067127
v -0.178811 0.053213 -0.063681
v 0.171993 -0.350889 -0.199152
v 0.015455 -0.212356 -0.175456
v 0.582692 -0.067605 -0.076981
v 0.130434 -0.301632 -0.172122
v 0.309899 -0.378181 -0.161621
v -0.665091 -0.032173 0.168268
v 0.602626 -0.009113 -0.064739
v 0.114744 -0.294207 -0.176441
v 0.349676 -0.378696 -0.187369
v -0.697184 0.003461 0.191880
v -0.633351 0.043548 0.143447
v 0.029345 -0.228504 -0.174307
v 0.394470 -0.345158 -0.139119
v -0.229323 0.114419 -0.021636
v -0.549085 0.156661 0.112223
v -0.521996 0.147537 0.118657
v -0.271179 0.157419 -0.008816
v 0.419224 -0.292463 -0.132295
v 0.086728 -0.284652 -0.150062
v -0.370375 0.204903 0.046947
v 0.386249 -0.347213 -0.156279
v 0.779551 0.230993 0.036019
v 0.545238 -0.096170 -0.062440
v -0.355785 0.202178 0.054174
v -0.575570 0.138366 0.110178
v -0.208560 0.077343 -0.033214
v -0.657962 0.051540 0.172845
v 0.372374 -0.370981 -0.142065
v 0.307164 -0.356713 -0.165833
v -0.307831 0.185160 -0.010129
v -0.696979 -0.061687 0.188792
v -0.115174 0.013545 -0.103551
v 0.249562 -0.404208 -0.164377
v -0.197782 0.039875 -0.060028
v -0.560552 0.124176 0.109000
v 0.365170 -0.349329 -0.150025
v -0.006329 -0.203305 -0.153381
v -0.609370 0.113722 0.119171
v -0.182040 0.030549 -0.062286
v -0.609656 0.109960 0.142105
v 0.228402 -0.373854 -0.166531
v -0.427424 0.222395 0.050014
v 0.658101 0.075956 -0.015903
v -0.251671 0.126285 -0.056013
v -0.287907 0.182938 0.031456
v -0.110173 -0.082400 -0.093310
v -0.486813 0.206465 0.114327
v -0.642478 0.095855 0.173378
v 0.606010 -0.103446 -0.051281
v -0.624452 0.047378 0.138019
v 0.045999 -0.255216 -0.175130
v -0.015662 -0.165628 -0.126140
v -0.766428 -0.142864 0.156406
v -0.538288 0.180272 0.123865
v -0.707326 -0.085759 0.168062
v -0.348299 0.209746 0.055216
v -0.751104 -0.141743 0.165731
v -0.167047 0.046132 -0.069733
v 0.588414 -0.099901 -0.062620
v -0.045904 -0.117752 -0.132840
v 0.038743 -0.246113 -0.176771
v -0.252557 0.130201 -0.044052
v 0.765253 0.221143 0.042897
v 0.625404 -0.037619 -0.075976
v 0.076913 -0.302512 -0.149094
v 0.230481 -0.386492 -0.154656
v 0.186194 -0.371054 -0.192624
v -0.532074 0.163264 0.120963
v 0.052912 -0.281884 -0.162579
v 0.498297 -0.248930 -0.104406
v 0.019851 -0.205481 -0.133423
v -0.546105 0.152266 0.125052
v 0.114175 -0.308011 -0.178810
v 0.618775 -0.037575 -0.032611
v -0.141973 -0.002631 -0.066246
v 0.652271 -0.023904 -0.024975
v -0.644928 0.075286 0.160292
v -0.369668 0.190240 0.027540
v 0.292768 -0.368490 -0.172394
v 0.008955 -0.177308 -0.153151
v 0.562979 -0.139351 -0.090230
v -0.735206 -0.138871 0.166136
v -0.127011 0.026695 -0.074258
v -0.672827 -0.004712 0.188501
v -0.024847 -0.164413 -0.152752
v -0.175122 0.030810 -0.086583
v -0.293789 0.180827 0.004331
v 0.059158 -0.218614 -0.156803
v -0.061074 -0.102875 -0.091063
v 0.024705 -0.208728 -0.152027
v 0.032335 -0.238013 -0.164153
v -0.172908 0.049131 -0.076965
v -0.118404 -0.039681 -0.093654
v -0.555922 0.124420 0.147052
v -0.604989 0.096876 0.161458
v -0.587831 0.113017 0.123893
v 0.155136 -0.349634 -0.179537
v -0.390282 0.228538 0.070377
v 0.330577 -0.378586 -0.163065
v -0.218100 0.092019 -0.030599
v 0.041154 -0.212765 -0.157543
v 0.449829 -0.294032 -0.127336
v -0.541415 0.122836 0.141761
v -0.138193 0.002084 -0.094961
v 0.183202 -0.386495 -0.194853
v 0.183752 -0.367481 -0.162216
v 0.044889 -0.246873 -0.178212
v 0.140965 -0.337494 -0.198068
v 0.147399 -0.343254 -0.172604
v 0.108340 -0.311814 -0.187340
v 0.222079 -0.362202 -0.169835
v 0.530745 -0.134581 -0.108856
v -0.148957 0.002752 -0.084673
v 0.311170 -0.361971 -0.186162
v -0.067511 -0.066508 -0.138759
v -0.327700 0.176296 -0.009677
v -0.113758 -0.038065 -0.116490
v 0.300112 -0.373623 -0.167858
v 0.318930 -0.393938 -0.157226
v 0.230725 -0.370490 -0.170531
v 0.718541 0.082533 0.002178
v -0.292349 0.189417 -0.010916
v -0.589327 0.106818 0.149669
v -0.027998 -0.162178 -0.131105
v 0.741891 0.184174 0.043778
v -0.593915 0.099174 0.174242
v -0.145845 0.003237 -0.081060
v -0.796865 -0.180794 0.194220
v -0.307229 0.165351 -0.020417
v 0.289405 -0.367186 -0.165850
v -0.769631 -0.131234 0.169972
v 0.296765 -0.366289 -0.167617
v -0.023247 -0.124840 -0.133318
v -0.249625 0.136681 -0.008283
v 0.526136 -0.151249 -0.097833
v 0.042830 -0.243316 -0.147265
v 0.613527 -0.005280 -0.055277
v -0.725942 -0.111055 0.194915
v 0.108049 -0.304725 -0.155176
v 0.412728 -0.331533 -0.168218
v -0.137956 -0.012545 -0.090204
v 0.706970 0.127131 -0.007430
v 0.469800 -0.247894 -0.127705
v -0.760971 -0.133744 0.163099
v 0.689441 0.067218 0.001244
v -0.552138 0.144614 0.157193
v 0.264384 -0.369375 -0.175984
v 0.343001 -0.387924 -0.140796
v 0.303998 -0.398654 -0.172971
v -0.725147 -0.070785 0.165805
v 0.114703 -0.299001 -0.183862
v -0.503094 0.179061 0.099130
v -0.629293 0.072353 0.125194
v 0.197415 -0.380358 -0.187474
v -0.308346 0.172563 -0.016251
v -0.429718 0.214297 0.051994
v -0.108660 -0.064214 -0.101475
v -0.652827 0.056760 0.139031
v 0.158432 -0.324543 -0.168139
v 0.176727 -0.344790 -0.169184
v 0.275067 -0.357597 -0.162449
v -0.073298 -0.094879 -0.104326
v -0.052979 -0.106872 -0.116465
v -0.068781 -0.123686 -0.107061
v 0.207750 -0.366562 -0.169872
v 0.278728 -0.362273 -0.178677
v -0.752811 -0.127185 0.175983
v -0.513320 0.171601 0.099007
v -0.619431 0.069088 0.147734
v 0.253744 -0.377279 -0.183601
v -0.132449 0.003856 -0.063767
v -0.193858 0.076012 -0.058604
v 0.451670 -0.255346 -0.123078
v -0.414022 0.187274 0.088936
v 0.118033 -0.309390 -0.176015
v 0.104241 -0.301527 -0.146205
v -0.708191 -0.004933 0.182661
v -0.194028 0.077478 -0.079451
v 0.526617 -0.183544 -0.095649
v -0.817369 -0.217047 0.181563
v -0.172131 0.033326 -0.059270
v -0.289930 0.185201 -0.013480
v 0.706070 0.142024 -0.002510
v -0.681734 0.049181 0.157384
v -0.606202 0.095466 0.146696
v -0.704829 -0.045033 0.166582
v 0.596281 -0.111562 -0.057203
v -0.178264 0.034337 -0.077839
v 0.080314 -0.270044 -0.181272
v -0.163424 0.075844 -0.081098
v 0.804433 0.231793 0.032017
v -0.763801 -0.158815 0.176276
v 0.763581 0.240792 0.042934
v -0.055908 -0.084359 -0.122601
v -0.511853 0.178879 0.108861
v -0.247219 0.115731 -0.034536
v 0.541724 -0.134275 -0.083705
v 0.067215 -0.246662 -0.162644
v 0.308470 -0.370265 -0.156158
v -0.561095 0.150772 0.160193
v 0.444439 -0.300540 -0.109297
v -0.659863 0.035071 0.185523
v -0.668385 0.014272 0.156938
v -0.723384 -0.048030 0.172147
v 0.018723 -0.196981 -0.156007
v 0.751841 0.151550 -0.002397
v 0.689054 0.075333 -0.010045
v -0.703074 -0.057042 0.149071
v 0.800029 0.240233 0.036611
v -0.667704 0.027150 0.153632
v -0.598889 0.128647 0.117220
v -0.637790 0.076368 0.134995
v -0.069963 -0.081192 -0.102348
v -0.009162 -0.133604 -0.145050
v -0.682704 0.035583 0.146750
v 0.018197 -0.161288 -0.156541
v -0.088825 -0.069730 -0.096039
v -0.240766 0.139302 -0.048543
v -0.536902 0.152621 0.132122
v 0.405511 -0.327045 -0.134041
v -0.058399 -0.111171 -0.155367
v 0.680997 0.084476 0.013793
v 0.269653 -0.358386 -0.165565
v 0.726483 0.171866 0.034798
v -0.275698 0.121095 -0.012568
v -0.160496 0.058730 -0.057609
v 0.126705 -0.340966 -0.167502
v -0.509753 0.185039 0.127858
v -0.800977 -0.187912 0.176972
v -0.459769 0.188992 0.057366
v -0.630969 0.038555 0.177890
v 0.727686 0.146808 -0.007257
v 0.551801 -0.102640 -0.051333
v 0.129068 -0.282529 -0.162378
v -0.396315 0.229480 0.059684
v 0.665132 0.059884 0.006787
v 0.422979 -0.311580 -0.155642
v 0.437509 -0.290892 -0.151900
v 0.717202 0.146522 0.015945
v 0.691253 0.063086 -0.008459
v -0.556368 0.115334 0.142114
v 0.670945 0.016827 -0.043816
v 0.101681 -0.312707 -0.153667
v -0.554816 0.158698 0.140152
v -0.363699 0.224096 0.045038
v 0.046608 -0.214489 -0.156558
v 0.564525 -0.126810 -0.079471
v -0.772000 -0.175274 0.179078
v 0.129342 -0.311121 -0.163376
v -0.152403 0.050555 -0.097610
v 0.078448 -0.271298 -0.163763
v 0.433803 -0.316277 -0.159386
v -0.200788 0.069455 -0.043624
v 0.201950 -0.391415 -0.173289
v 0.358516 -0.357853 -0.142038
v 0.148174 -0.359637 -0.175641
v -0.305934 0.190910 0.001780
v 0.770186 0.224248 0.066415
v -0.750587 -0.071877 0.184214
v -0.057704 -0.075946 -0.138021
v 0.148194 -0.344148 -0.193202
v 0.244691 -0.359114 -0.200823
v 0.303602 -0.387896 -0.189426
v -0.293575 0.172410 -0.011795
v 0.161558 -0.355268 -0.177527
v 0.464709 -0.226026 -0.119000
v 0.522543 -0.206738 -0.115305
v 0.765164 0.181659 0.051308
v 0.482174 -0.248549 -0.127700
v -0.624745 0.085288 0.157667
v 0.082385 -0.261335 -0.191435
v -0.622683 0.053653 0.171632
v -0.775643 -0.183038 0.163415
v -0.649786 0.043881 0.158042
v 0.505487 -0.214742 -0.124183
v 0.224875 -0.379804 -0.157596
v 0.153742 -0.371744 -0.179530
v 0.726836 0.150043 0.003964
v -0.805906 -0.206929 0.181462
v -0.653811 0.051933 0.161565
v -0.435642 0.212251 0.070115
v -0.475219 0.198322 0.124627
v -0.057123 -0.120799 -0.153694
v 0.221031 -0.380695 -0.187389
v 0.501166 -0.251899 -0.099085
v 0.663573 0.083564 -0.012174
v -0.594542 0.091693 0.154862
v -0.293507 0.162010 -0.020896
v 0.437667 -0.299364 -0.116839
v 0.585595 -0.090176 -0.061455
v -0.005423 -0.168377 -0.115498
v -0.077648 -0.105510 -0.107188
v 0.235012 -0.386358 -0.198527
v 0.285519 -0.394220 -0.152243
v -0.082714 -0.102932 -0.101288
v 0.180295 -0.342325 -0.173387
v -0.504596 0.183109 0.097553
v 0.570619 -0.084337 -0.066306
v 0.528141 -0.146538 -0.075312
v -0.413989 0.212501 0.078085
v 0.129283 -0.332749 -0.202241
v 0.745297 0.208718 0.051754
v -0.744651 -0.112032 0.192337
v 0.511688 -0.207244 -0.096341
v -0.768534 -0.144383 0.161285
v -0.319353 0.164967 0.014090
v -0.302096 0.195006 0.019296
v -0.763196 -0.121528 0.197356
v -0.136930 0.011563 -0.082786
v 0.231463 -0.393701 -0.160168
v -0.290714 0.140313 -0.029941
v 0.715875 0.139790 0.022159
v -0.651423 0.017809 0.143041
v 0.721248 0.142461 -0.012376
v -0.209098 0.086557 -0.063704
v 0.072415 -0.280749 -0.184888
v 0.756934 0.193402 0.038192
v 0.706643 0.129929 -0.013019
v 0.378299 -0.338249 -0.159859
v 0.277220 -0.401754 -0.180848
v -0.020703 -0.173335 -0.127464
v 0.286936 -0.390707 -0.167529
v 0.502114 -0.224345 -0.092760
v -0.675401 -0.032332 0.149303
v 0.626132 0.020384 -0.055084
v -0.348638 0.199186 0.051640
v 0.039464 -0.234654 -0.132340
v 0.047897 -0.270086 -0.167160
v 0.221071 -0.399217 -0.160530
v -0.405903 0.215102 0.066175
v -0.244229 0.121258 -0.022634
v 0.332077 -0.376631 -0.178179
v -0.574406 0.093331 0.129837
v -0.001675 -0.136788 -0.159430
v -0.237210 0.097341 -0.015291
v 0.328162 -0.340893 -0.146166
v 0.316893 -0.393092 -0.182735
v -0.743326 -0.110179 0.164183
v -0.501681 0.157673 0.098835
v -0.256199 0.130366 -0.045115
v -0.296483 0.175490 0.009864
v -0.569484 0.122780 0.109253
v 0.405372 -0.347301 -0.141222
v -0.052252 -0.106027 -0.106503
v 0.100318 -0.310096 -0.153711
v -0.083174 -0.047836 -0.089135
v -0.574375 0.112703 0.132658
v 0.542702 -0.169123 -0.106274
v 0.230272 -0.389938 -0.157612
v -0.379189 0.200171 0.028396
v 0.253861 -0.380641 -0.190371
v -0.286334 0.185367 0.015666
v -0.239899 0.118681 -0.050024
v -0.214238 0.073103 -0.029877
v 0.578263 -0.053379 -0.059013
v 0.803340 0.228555 0.064500
v 0.748769 0.206235 0.011575
v 0.118792 -0.345576 -0.178027
v 0.612373 -0.103983 -0.039009
v 0.389205 -0.320360 -0.121583
v -0.133987 0.009747 -0.075546
v -0.596616 0.112275 0.141716
v -0.716115 -0.071995 0.166155
v 0.093022 -0.315642 -0.195145
v -0.356915 0.221955 0.043236
v 0.265735 -0.384153 -0.178521
v 0.287787 -0.396768 -0.182233
v 0.769269 0.255341 0.054778
v 0.123337 -0.295194 -0.173227
v 0.291771 -0.374522 -0.165443
v 0.535590 -0.160159 -0.089498
v 0.587082 -0.071137 -0.064127
v -0.108172 -0.018406 -0.102729
v 0.069196 -0.240455 -0.146381
v -0.527079 0.192365 0.111075
v 0.612250 -0.060348 -0.067765
v 0.306127 -0.398738 -0.167754
v 0.492949 -0.188815 -0.104082
v -0.032146 -0.131125 -0.157060
v -0.566656 0.129778 0.148212
v 0.198056 -0.356984 -0.178091
v 0.094596 -0.298162 -0.169703
v -0.661817 0.016615 0.165865
v -0.308354 0.185999 0.020325
v 0.169417 -0.350914 -0.167807
v -0.738256 -0.137579 0.195963
v -0.585896 0.108293 0.117360
v -0.664691 0.014784 0.145018
v 0.452374 -0.309537 -0.151014
v 0.469562 -0.275330 -0.138561
v -0.416868 0.216109 0.065752
v 0.472798 -0.287963 -0.106501
v -0.511772 0.160750 0.125074
v 0.729392 0.106411 -0.013041
v 0.012443 -0.197365 -0.142448
v -0.637524 0.021903 0.143973
v -0.504431 0.207355 0.104673
v 0.737662 0.179982 0.032675
v 0.325733 -0.362983 -0.167667
v 0.716439 0.147674 0.012269
v -0.470784 0.182799 0.109536
v -0.621700 0.076654 0.159470
v 0.330426 -0.392407 -0.174331
v -0.625663 0.084980 0.140997
v 0.759084 0.203275 0.024305
v 0.553024 -0.134675 -0.055167
v -0.029961 -0.148052 -0.106697
v -0.033104 -0.168957 -0.133127
v -0.681822 0.010287 0.168345
v -0.615980 0.075616 0.135214
v 0.752264 0.202979 0.058446
v -0.586675 0.104545 0.135730
v 0.345686 -0.374624 -0.148009
v 0.225142 -0.378257 -0.174036
v -0.153664 0.008845 -0.066859
v -0.639607 0.064599 0.160523
v -0.604646 0.091934 0.118757
v 0.308576 -0.386226 -0.164664
v -0.549523 0.122576 0.108333
v 0.415954 -0.307526 -0.159666
v 0.258862 -0.393146 -0.184700
v 0.577807 -0.079687 -0.092054
v -0.090603 -0.040094 -0.109815
v -0.199879 0.050837 -0.053939
v 0.566729 -0.090271 -0.068484
v -0.574033 0.113460 0.120882
v 0.288043 -0.371589 -0.170729
v -0.020825 -0.132184 -0.137208
v 0.015049 -0.166352 -0.150110
v 0.755477 0.180848 0.013455
v 0.531538 -0.146067 -0.110819
v 0.618211 -0.040122 -0.049131
v -0.235651 0.115203 -0.052870
v 0.241559 -0.357989 -0.200515
v -0.320260 0.153021 -0.001831
v -0.044377 -0.096760 -0.102095
v -0.363612 0.208192 0.065433
v -0.201105 0.075257 -0.042557
v -0.631154 0.040017 0.157849
v 0.415823 -0.296893 -0.144129
v -0.102567 -0.028875 -0.090336
v 0.546400 -0.160572 -0.107046
v 0.789066 0.233624 0.064512
v -0.635658 0.010498 0.152953
v -0.677309 -0.027491 0.155294
v 0.480620 -0.258145 -0.102534
v -0.105346 -0.054628 -0.107299
v 0.197604 -0.353911 -0.195970
v -0.760068 -0.132336 0.183056
v -0.436170 0.213636 0.084721
v 0.701097 0.107494 0.013151
v -0.102735 -0.035038 -0.101905
v -0.234773 0.078066 -0.037052
v -0.322789 0.172387 0.027564
v -0.711738 -0.037519 0.186829
v 0.221491 -0.372783 -0.183701
v -0.633710 0.063023 0.167825
v -0.054353 -0.110393 -0.116963
v -0.757826 -0.120387 0.164815
v 0.493595 -0.248597 -0.094626
v 0.741351 0.146124 0.041694
v -0.660633 0.031173 0.184247
v -0.155617 0.022562 -0.102813
v 0.720271 0.099478 -0.014281
v 0.396815 -0.342353 -0.136976
v 0.741057 0.121900 0.030237
v -0.437963 0.223878 0.057241
v 0.129419 -0.315006 -0.189454
v -0.141196 -0.034510 -0.071319
v -0.109124 -0.049268 -0.107724
v -0.178036 0.067983 -0.059180
v 0.315547 -0.360337 -0.150624
v -0.208420 0.113790 -0.069147
v 0.752179 0.194714 0.034530
v 0.714891 0.125859 -0.009987
v 0.074828 -0.258587 -0.175110
v 0.480703 -0.195747 -0.088102
v -0.157957 0.046104 -0.043179
v -0.411634 0.223363 0.037613
v -0.443869 0.221010 0.094954
v 0.620485 -0.055980 -0.075071
v 0.602471 -0.063039 -0.064377
v -0.122204 0.013324 -0.068243
v 0.528606 -0.186689 -0.099739
v -0.231924 0.131707 -0.023488
v -0.098414 -0.105974 -0.109915
v 0.222801 -0.388581 -0.184906
v 0.195960 -0.390139 -0.197084
v 0.049669 -0.199414 -0.140666
v 0.564424 -0.119346 -0.088150
v -0.022857 -0.149736 -0.123907
v 0.537806 -0.196943 -0.099369
v -0.490158 0.200633 0.129083
v -0.418415 0.227213 0.084415
v 0.222946 -0.344481 -0.195081
v 0.305456 -0.376478 -0.170491
v -0.404294 0.199434 0.069176
v -0.601310 0.079854 0.170582
v -0.065387 -0.103621 -0.106623
v -0.477032 0.200526 0.092959
v -0.027821 -0.153296 -0.137455
v 0.781480 0.253896 0.047400
v -0.164064 0.001100 -0.095456
v 0.208655 -0.368269 -0.170665
v -0.091421 -0.112551 -0.129167
v 0.318180 -0.365028 -0.159157
v 0.365578 -0.361862 -0.174714
v -0.280678 0.164488 0.006446
v 0.726276 0.112341 0.014061
v -0.739498 -0.074351 0.165436
v -0.174940 0.062759 -0.069294
v 0.116794 -0.322306 -0.153997
v 0.586231 -0.064536 -0.051603
v -0.592285 0.103335 0.117576
v 0.611427 -0.059183 -0.037161
v -0.328472 0.200804 0.039738
v -0.387337 0.224504 0.034438
v 0.804488 0.226150 0.068578
v 0.266782 -0.403019 -0.195184
v -0.455430 0.195420 0.082937
v -0.076952 -0.025825 -0.127977
v -0.219116 0.107787 -0.039855
v 0.571685 -0.155540 -0.100351
v 0.573110 -0.097209 -0.061027
v -0.343989 0.205303 0.039867
v 0.755905 0.193057 0.026547
v -0.663651 0.005308 0.186110
v -0.749395 -0.122011 0.173178
v 0.167103 -0.317909 -0.194586
v -0.653764 0.014238 0.162966
v 0.733033 0.123755 0.039483
v 0.272421 -0.389227 -0.166218
v 0.397781 -0.340172 -0.167933
v -0.714926 -0.081117 0.152414
v -0.664246 -0.023898 0.163688
v -0.491930 0.192687 0.092084
v 0.546900 -0.106715 -0.085468
v 0.411797 -0.339824 -0.144708
v -0.092909 -0.047944 -0.092755
v -0.581665 0.125189 0.142840
v 0.002668 -0.162797 -0.136756
v -0.110263 -0.003143 -0.089277
v -0.109130 -0.065172 -0.111214
v -0.072149 -0.096514 -0.141139
v -0.001006 -0.172275 -0.153560
v -0.079871 -0.050295 -0.123265
v -0.575391 0.119499 0.145280
v -0.349843 0.164520 -0.007366
v -0.631543 0.043639 0.162336
v 0.097234 -0.318131 -0.193696
v -0.013792 -0.182109 -0.163455
v -0.513819 0.157877 0.128475
v -0.319404 0.181570 0.021939
v 0.186350 -0.342957 -0.161430
v -0.516239 0.195806 0.111230
v 0.574902 -0.070020 -0.083235
v -0.629728 0.080661 0.159510
v 0.613339 -0.073966 -0.061611
v 0.213295 -0.369354 -0.171214
v 0.299219 -0.386694 -0.189138
v -0.797203 -0.187222 0.203088
v 0.559881 -0.096554 -0.061699
v -0.096435 -0.031306 -0.119999
v -0.320360 0.179560 -0.013436
v -0.551610 0.170843 0.144014
v -0.027627 -0.118760 -0.143953
v 0.127781 -0.329710 -0.197630
v 0.219310 -0.346562 -0.162503
v 0.384117 -0.337797 -0.162644
v -0.020701 -0.152596 -0.133116
v 0.301703 -0.380855 -0.162776
v 0.041394 -0.247936 -0.180980
v 0.624460 -0.017253 -0.040297
v 0.694681 0.116369 -0.022635
v -0.354573 0.183806 0.008707
v -0.428023 0.196404 0.086055
v 0.555795 -0.163355 -0.093081
v 0.361206 -0.348217 -0.154640
v 0.390134 -0.328347 -0.136149
v 0.184071 -0.352435 -0.171625
v -0.608471 0.110032 0.123459
v -0.109737 -0.013641 -0.103993
v -0.748815 -0.057374 0.167842
v -0.529834 0.170692 0.102362
v -0.701604 -0.029119 0.151896
v -0.453556 0.197956 0.070142
v -0.706432 -0.088993 0.157627
v 0.304986 -0.368414 -0.160118
v 0.679503 0.071844 0.007252
v -0.642216 0.076078 0.166843
v 0.731994 0.105498 -0.010791
v 0.226425 -0.349699 -0.197093
v -0.335527 0.188754 0.030032
v -0.633775 0.038334 0.139930
v 0.554708 -0.134178 -0.064337
v -0.392037 0.200677 0.059889
v -0.670004 0.028514 0.156763
v 0.246573 -0.368713 -0.180289
v -0.419820 0.202709 0.069491
v -0.048376 -0.080758 -0.127637
v -0.770100 -0.145571 0.193302
v 0.689067 0.109441 0.029654
v -0.559007 0.171436 0.130019
v 0.246471 -0.398219 -0.172803
v 0.349409 -0.362380 -0.172746
v -0.147752 0.027508 -0.088060
v 0.408778 -0.358402 -0.160419
v 0.065489 -0.227750 -0.161627
v -0.469565 0.211611 0.100097
v 0.335337 -0.359508 -0.172963
v -0.494250 0.168687 0.090230
v 0.372161 -0.371882 -0.133096
v -0.366074 0.197080 0.026829
v 0.394275 -0.338091 -0.126955
v 0.135073 -0.323572 -0.166279
v 0.759650 0.204130 0.037935
v 0.195907 -0.391035 -0.172443
v -0.610502 0.108779 0.143413
v 0.787990 0.241197 0.044046
v 0.637329 -0.010375 -0.033968
v -0.250234 0.132671 -0.023285
v 0.286612 -0.380172 -0.187526
v -0.271326 0.166896 -0.020808
v -0.632637 0.060245 0.137702
v -0.681065 -0.039781 0.168584
v -0.207816 0.091233 -0.049744
v -0.180163 0.039129 -0.076172
v -0.074320 -0.055569 -0.084017
v 0.500316 -0.207245 -0.086797
v -0.582757 0.123418 0.124159
v -0.461104 0.213698 0.108806
v -0.186478 0.091835 -0.055293
v -0.603025 0.066771 0.130455
v -0.181101 0.073135 -0.053278
v 0.448033 -0.252368 -0.143322
v 0.650258 -0.026488 -0.022865
v -0.036814 -0.167445 -0.120914
v -0.128227 -0.003856 -0.070697
v 0.448920 -0.264062 -0.121930
v 0.419360 -0.309144 -0.141512
v -0.063163 -0.083240 -0.099099
v 0.258685 -0.394730 -0.181693
v 0.088495 -0.242149 -0.152394
v 0.251764 -0.367441 -0.175406
v 0.484224 -0.244188 -0.136204
v 0.079586 -0.286161 -0.166446
v -0.711889 -0.077235 0.172472
v 0.615997 0.016484 -0.052524
v -0.755304 -0.162226 0.189463
v 0.617461 -0.014403 -0.039285
v -0.179874 0.043338 -0.101946
v -0.105025 -0.030466 -0.114579
v -0.407783 0.186812 0.032820
v -0.581767 0.109150 0.125189
v -0.164898 0.019865 -0.091280
v -0.778601 -0.133368 0.169326
v -0.148273 -0.003483 -0.070584
v -0.621326 0.102551 0.152040
v 0.001387 -0.174386 -0.161045
v -0.704748 -0.047073 0.170913
v -0.161323 0.033005 -0.094261
v 0.750314 0.156664 0.026170
v 0.446573 -0.272729 -0.145523
v 0.202451 -0.350100 -0.186070
v 0.790595 0.224167 0.039029
v 0.655975 0.008733 -0.025231
v 0.516457 -0.152286 -0.118059
v 0.692720 0.097053 0.013362
v -0.199183 0.073780 -0.055781
v -0.006200 -0.192081 -0.147763
v -0.324213 0.162269 -0.007292
v 0.079339 -0.290965 -0.163906
v 0.722783 0.163200 0.010122
v -0.369188 0.203307 0.033058
v 0.764917 0.214905 0.045804
v -0.765008 -0.150385 0.154530
v -0.017481 -0.125207 -0.136499
v 0.642594 0.003554 -0.036018
v 0.467143 -0.285325 -0.146800
v 0.539915 -0.160978 -0.098328
v 0.516823 -0.220055 -0.121736
v 0.438597 -0.322359 -0.137354
v 0.695225 0.085446 -0.025144
v -0.329115 0.189202 0.007760
v 0.171667 -0.347388 -0.192983
v -0.016756 -0.181327 -0.122035
v 0.316603 -0.383179 -0.148881
v -0.147766 0.040075 -0.073721
v 0.090848 -0.276682 -0.158828
v 0.082492 -0.319533 -0.193661
v -0.381106 0.192591 0.048433
v 0.436197 -0.264546 -0.102039
v 0.310424 -0.388065 -0.166586
v -0.051824 -0.077972 -0.095297
v -0.695082 -0.067619 0.198674
v -0.352534 0.198716 0.027659
v 0.433625 -0.325362 -0.151780
v -0.130458 -0.037098 -0.107917
v -0.665515 -0.015759 0.176867
v 0.761144 0.183914 0.023975
v -0.546289 0.164975 0.101742
v -0.016651 -0.136560 -0.127934
v -0.277595 0.122494 -0.032769
v -0.276995 0.124550 -0.010815
v 0.723464 0.124431 0.018676
v 0.204505 -0.388066 -0.201965
v -0.755986 -0.094332 0.155729
v -0.574987 0.099065 0.134336
v 0.180186 -0.359020 -0.177034
v -0.334060 0.165961 0.028486
v -0.422042 0.215979 0.045468
v -0.170970 0.079118 -0.057279
v -0.234734 0.148739 -0.026755
v -0.290266 0.130437 -0.009426
v -0.677458 -0.040912 0.173386
v 0.207596 -0.378218 -0.168421
v -0.101443 -0.050012 -0.132923
v -0.304541 0.193033 0.013472
v -0.282838 0.184337 -0.016443
v -0.313976 0.166664 -0.021135
v 0.147219 -0.352191 -0.176274
v 0.554215 -0.166231 -0.103783
v -0.458980 0.208324 0.088242
v 0.278315 -0.357311 -0.170851
v -0.266247 0.169552 -0.011040
v -0.146974 -0.011773 -0.077125
v -0.746522 -0.113644 0.162118
v -0.425366 0.194444 0.084025
v 0.715717 0.153794 -0.001096
v -0.480715 0.173839 0.086857
v -0.771212 -0.130873 0.162675
v 0.150375 -0.351930 -0.200013
v -0.499773 0.211501 0.109046
v -0.253567 0.118229 -0.048564
v 0.569143 -0.167861 -0.073545
v -0.179353 0.049997 -0.037182
v -0.324877 0.192351 0.014764
v 0.729714 0.137122 0.022396
v 0.583689 -0.071897 -0.031492
v 0.456421 -0.255803 -0.124542
v 0.183128 -0.357814 -0.201219
v 0.170100 -0.358656 -0.165338
v -0.298048 0.165750 0.004921
v 0.585823 -0.103491 -0.089946
v -0.671214 0.015227 0.143383
v 0.026347 -0.193363 -0.149608
v -0.004046 -0.189164 -0.151174
v 0.321998 -0.375287 -0.180708
v -0.137427 0.031149 -0.100584
v -0.463608 0.222538 0.075887
v -0.290966 0.179523 0.027656
v -0.198901 0.059955 -0.075653
v -0.096213 -0.060408 -0.112600
v 0.190106 -0.365997 -0.184518
v 0.478058 -0.236289 -0.127589
v -0.418668 0.201047 0.048492
v 0.548805 -0.137400 -0.068348
v 0.662490 0.052485 -0.032938
v -0.494677 0.185477 0.086350
v 0.514081 -0.218198 -0.093263
v 0.821713 0.263901 0.065887
v 0.635239 0.026031 -0.006550
v 0.448196 -0.276579 -0.122074
v 0.247094 -0.379682 -0.164857
v -0.566275 0.124037 0.144116
v -0.040108 -0.115061 -0.117985
v 0.354087 -0.341025 -0.168154
v -0.485939 0.193945 0.091027
v -0.077123 -0.082710 -0.110841
v -0.572479 0.078897 0.159343
v 0.526869 -0.168441 -0.079954
v -0.140678 0.023955 -0.088083
v -0.748548 -0.117106 0.161458
v 0.715733 0.148409 0.018833
v 0.190887 -0.329267 -0.194120
v -0.173258 0.031696 -0.088460
v 0.108801 -0.287641 -0.193383
v -0.630454 0.033719 0.165269
v -0.033884 -0.181024 -0.116183
v -0.359240 0.202543 0.004360
v -0.707148 -0.066688 0.190531
v -0.159770 -0.012672 -0.083591
v -0.056360 -0.114771 -0.114925
v -0.606824 0.102828 0.153439
v -0.035166 -0.108136 -0.126703
v 0.013202 -0.199443 -0.171556
v -0.593494 0.122515 0.151029
v 0.061886 -0.215178 -0.160097
v 0.133677 -0.327278 -0.155547
v -0.059894 -0.079601 -0.129202
v 0.196343 -0.374168 -0.192217
v 0.651606 0.000820 -0.013218
v -0.503058 0.174603 0.131032
v -0.397961 0.197323 0.070816
v -0.312162 0.198547 0.029735
v -0.452718 0.228095 0.085562
v 0.771333 0.225543 0.064905
v -0.280832 0.140753 -0.011914
v -0.081872 -0.093163 -0.110512
v -0.177853 0.083094 -0.066059
v -0.802086 -0.150509 0.171093
v 0.397120 -0.347712 -0.143903
v -0.389829 0.190702 0.078232
v 0.530030 -0.171193 -0.103451
v -0.327636 0.181357 -0.004537
v 0.430612 -0.322004 -0.145158
v -0.476602 0.211981 0.069197
v 0.331613 -0.358379 -0.161372
v 0.366107 -0.366411 -0.170915
v -0.740902 -0.049237 0.187144
v 0.679845 0.066711 -0.028281
v -0.100843 -0.023909 -0.109294
v 0.256348 -0.362265 -0.160779
v 0.512115 -0.190039 -0.096465
v -0.636349 0.067123 0.138747
v -0.466524 0.220336 0.071990
v -0.465123 0.185605 0.080806
v -0.299556 0.162890 -0.025083
v 0.511633 -0.214518 -0.125534
v -0.460226 0.208949 0.106026
v -0.635289 0.076441 0.174461
v -0.502714 0.172138 0.141257
v 0.323000 -0.350547 -0.158872
v -0.261958 0.164383 -0.026759
v 0.561593 -0.130900 -0.069939
v 0.130178 -0.321287 -0.189759
v 0.164369 -0.344687 -0.170989
v 0.625290 0.006345 -0.023724
v 0.169622 -0.369635 -0.190107
v -0.572108 0.118110 0.151345
v 0.179214 -0.331512 -0.186920
v -0.347818 0.211159 0.031990
v 0.771510 0.193346 0.012192
v 0.546659 -0.146929 -0.077175
v 0.658862 0.008127 -0.018449
v 0.356607 -0.364246 -0.168989
v -0.116920 -0.041476 -0.130828
v -0.485337 0.170114 0.087345
v -0.648553 0.046886 0.182781
v -0.442996 0.219644 0.057835
v 0.341924 -0.372565 -0.171714
v -0.346022 0.200296 0.013079
v 0.429063 -0.251544 -0.132342
v -0.534506 0.163019 0.131449
v 0.432499 -0.294971 -0.163948
v -0.172027 0.077756 -0.040040
v 0.134933 -0.328981 -0.190118
v -0.060478 -0.112342 -0.118674
v -0.703064 -0.016610 0.151095
v -0.520957 0.185660 0.115507
v 0.007611 -0.143439 -0.117420
v -0.203491 0.087024 -0.049609
v -0.168999 0.032131 -0.089516
v 0.089685 -0.304830 -0.184275
v 0.672050 0.038415 -0.022603
v 0.311406 -0.369960 -0.149585
v 0.364180 -0.365399 -0.137206
v 0.218346 -0.360981 -0.172653
v -0.384097 0.214734 0.033503
v 0.186028 -0.330655 -0.203197
v 0.440775 -0.272043 -0.138799
v 0.157906 -0.328786 -0.192139
v -0.106801 -0.030784 -0.104763
v 0.756218 0.173955 0.017604
v -0.122606 0.016632 -0.106565
v 0.231723 -0.381468 -0.197580
v 0.419469 -0.331154 -0.155890
v 0.795060 0.201376 0.022840
v 0.315355 -0.366439 -0.156906
v -0.533253 0.176385 0.102653
v -0.486401 0.176023 0.125516
v -0.525030 0.166155 0.120118
v -0.364923 0.201710 0.053859
v 0.217492 -0.383408 -0.190343
v -0.206796 0.063754 -0.053683
v -0.026724 -0.156729 -0.154942
v 0.378239 -0.317781 -0.120280
v -0.643936 0.016733 0.164241
v 0.792103 0.247604 0.042897
v -0.264279 0.131830 -0.002630
v 0.814955 0.276548 0.063399
v -0.216641 0.063148 -0.067058
v -0.641870 0.058389 0.168919
v 0.602696 -0.023821 -0.025901
v -0.342889 0.213091 0.023171
v 0.197307 -0.363516 -0.184243
v -0.474995 0.207004 0.121114
v -0.780381 -0.178414 0.194749
v -0.281944 0.159074 -0.016768
v 0.159216 -0.361154 -0.158076
v 0.713695 0.102991 0.014240
v 0.364538 -0.358922 -0.171363
v 0.035682 -0.205255 -0.155299
v -0.580581 0.092618 0.152739
v 0.096734 -0.291525 -0.169625
v -0.606782 0.066921 0.136001
v 0.413191 -0.340417 -0.147129
v 0.328236 -0.340021 -0.141457
v 0.412113 -0.312542 -0.137655
v 0.617172 -0.021817 -0.034211
v 0.340185 -0.343289 -0.138957
v 0.704165 0.092640 0.002025
v -0.185911 0.084763 -0.063268
v 0.230459 -0.358564 -0.163913
v -0.461534 0.185156 0.057282
v 0.406790 -0.324152 -0.169662
v -0.193954 0.112256 -0.045492
v -0.819220 -0.193740 0.197350
v 0.758741 0.202639 0.046993
v 0.475492 -0.241358 -0.131007
v -0.165586 0.036176 -0.090547
v 0.725485 0.116733 0.002665
v 0.144638 -0.338765 -0.163677
v 0.329691 -0.380081 -0.141836
v -0.577615 0.104906 0.145350
v 0.525651 -0.167262 -0.099780
v 0.761486 0.228860 0.024702
v 0.387774 -0.335430 -0.176653
v 0.568642 -0.088284 -0.069198
v 0.782986 0.237561 0.066586
v 0.068579 -0.264683 -0.142150
v 0.406896 -0.312121 -0.152260
v 0.298957 -0.356323 -0.173850
v -0.577946 0.111933 0.157675
v 0.570175 -0.129095 -0.093611
v -0.570105 0.108793 0.120898
v -0.438563 0.215603 0.057669
v 0.365316 -0.343434 -0.132892
v -0.541311 0.131527 0.149771
v 0.661379 0.095980 -0.026431
v -0.692031 -0.055210 0.178445
v 0.757912 0.180056 0.005731
v -0.415200 0.218072 0.086158
v 0.238244 -0.370194 -0.163480
v 0.267517 -0.362597 -0.169936
v -0.351995 0.193130 0.014537
v -0.668320 0.018308 0.165181
v -0.759508 -0.135144 0.167482
v 0.407292 -0.346393 -0.148842
v 0.228037 -0.373762 -0.199155
v -0.677959 -0.020644 0.155153
v 0.476576 -0.209963 -0.103711
v 0.498942 -0.213265 -0.101787
v 0.356502 -0.381870 -0.149735
v 0.764970 0.158883 0.030368
v -0.509364 0.191446 0.092411
v -0.608583 0.087308 0.146692
v 0.539070 -0.098917 -0.075144
v -0.216083 0.092917 -0.023431
v -0.809833 -0.177461 0.180972
v 0.460441 -0.275210 -0.122429
v 0.313296 -0.350450 -0.176335
v 0.046627 -0.276791 -0.147153
v -0.436236 0.198453 0.083230
v 0.736984 0.139912 0.010949
v -0.588297 0.082391 0.131492
v -0.168965 0.059138 -0.082263
v -0.397046 0.217236 0.053810
v -0.675473 0.006404 0.178638
v -0.498189 0.196037 0.118039
v 0.163896 -0.367839 -0.154464
v -0.129901 -0.035987 -0.124070
v -0.620107 0.099120 0.124122
v 0.217425 -0.383885 -0.190814
v 0.576457 -0.103374 -0.067025
v 0.743969 0.162758 0.049461
v -0.507413 0.162287 0.130293
v -0.015162 -0.151587 -0.121636
v 0.087841 -0.259739 -0.184331
v 0.708895 0.118399 0.020214
v 0.750385 0.185330 0.044970
v -0.055642 -0.159080 -0.131683
v -0.569896 0.140616 0.139535
v -0.704146 -0.038004 0.184057
v -0.395986 0.218638 0.040542
v 0.792917 0.224593 0.032456
v -0.093492 -0.009576 -0.082851
v -0.293804 0.199136 0.001941
v -0.320114 0.147854 0.011283
v 0.695043 0.099751 0.018834
v 0.086298 -0.265121 -0.145600
v -0.121192 -0.009083 -0.096688
v 0.048916 -0.193891 -0.143290
v -0.145431 0.038360 -0.068794
v 0.352786 -0.350269 -0.175012
v 0.404916 -0.322122 -0.132239
v 0.050438 -0.232992 -0.135840
v 0.298332 -0.379749 -0.188199
v -0.662834 -0.006868 0.189943
v -0.129690 -0.024293 -0.114041
v 0.649961 0.042449 -0.007852
v -0.621456 0.073758 0.134976
v 0.384283 -0.353541 -0.161483
v 0.700127 0.107404 -0.027199
v -0.053221 -0.105400 -0.130798
v 0.176276 -0.367328 -0.204538
v 0.608622 -0.030301 -0.062330
v -0.033489 -0.165975 -0.158592
v -0.602481 0.078058 0.154068
v -0.443480 0.196476 0.072160
v -0.492932 0.159121 0.106584
v 0.526064 -0.159706 -0.088541
v -0.206696 0.088971 -0.057420
v -0.740863 -0.081610 0.196377
v -0.558550 0.152226 0.132916
v -0.378666 0.206621 0.056858
v 0.334158 -0.349406 -0.143072
v 0.024152 -0.169805 -0.152163
v -0.644034 0.044212 0.136083
v 0.013371 -0.196333 -0.136708
v -0.228752 0.142778 -0.030003
v -0.337557 0.203571 0.008181
v -0.555445 0.129885 0.142995
v 0.607380 -0.103525 -0.048827
v -0.472217 0.208161 0.107716
v -0.012206 -0.163300 -0.142294
v 0.201633 -0.391197 -0.202877
v 0.806093 0.230411 0.053123
v -0.676956 0.023875 0.151843
v 0.199867 -0.380377 -0.180883
v 0.022976 -0.212899 -0.162225
v -0.358559 0.192576 0.019770
v -0.746865 -0.097524 0.187119
v -0.462233 0.221465 0.067168
v -0.481840 0.174445 0.097957
v -0.669297 0.044056 0.177171
v -0.257997 0.139379 -0.002965
v 0.039759 -0.232245 -0.173887
v -0.166161 0.041401 -0.051220
v -0.603105 0.109405 0.155772
v -0.485073 0.207600 0.082387
v 0.066671 -0.260007 -0.141713
v -0.465763 0.172364 0.079502
v 0.068419 -0.258986 -0.149852
v 0.674660 0.040944 -0.030229
v 0.368264 -0.381796 -0.165012
v 0.690325 0.062518 -0.000622
v 0.296177 -0.396700 -0.165125
v 0.480715 -0.238668 -0.123726
v 0.314024 -0.355180 -0.188682
v 0.395372 -0.309399 -0.150193
v -0.381406 0.184653 0.022729
v 0.333713 -0.359432 -0.170657
v 0.333660 -0.377283 -0.178634
v 0.335815 -0.383555 -0.187186
v -0.441899 0.190960 0.084839
v 0.672118 0.090150 -0.002151
v -0.385417 0.210040 0.031546
v -0.238803 0.116350 -0.052308
v 0.331203 -0.357868 -0.170061
v 0.169603 -0.378718 -0.163789
v 0.504255 -0.165068 -0.113427
v 0.756437 0.213401 0.044616
v 0.429143 -0.264264 -0.133651
v 0.264621 -0.373298 -0.175570
v 0.492987 -0.215677 -0.098511
v 0.505018 -0.240904 -0.122674
v 0.355490 -0.331920 -0.177487
v -0.525327 0.196137 0.094578
v -0.003697 -0.156118 -0.164365
v -0.555443 0.151386 0.128333
v -0.710271 -0.033741 0.189598
v 0.732628 0.187813 0.040957
v 0.497953 -0.229247 -0.133037
v 0.535672 -0.175124 -0.118065
v -0.423472 0.190513 0.063416
v -0.755087 -0.141143 0.159903
v 0.369730 -0.331222 -0.167523
v -0.028177 -0.144948 -0.151368
v -0.286464 0.123371 -0.007793
v 0.185131 -0.352493 -0.199845
v -0.324641 0.201439 -0.003662
v 0.635667 0.031839 -0.040490
v 0.234878 -0.361376 -0.183670
v 0.630898 -0.058182 -0.064151
v -0.643696 0.091754 0.145980
v 0.166032 -0.338993 -0.158810
v 0.638164 -0.024820 -0.036119
v 0.168350 -0.362596 -0.170173
v -0.301620 0.172677 -0.009914
v 0.674062 0.067976 -0.003668
v 0.316909 -0.389820 -0.141671
v -0.554379 0.127749 0.126582
v 0.368427 -0.357764 -0.180937
v 0.147528 -0.330064 -0.195444
v 0.775728 0.238305 0.042071
v -0.112198 -0.024605 -0.080880
v -0.251349 0.150951 -0.031638
v -0.130289 -0.007725 -0.089933
v 0.508478 -0.189969 -0.103088
v 0.134277 -0.306619 -0.164819
v -0.448548 0.232969 0.044056
v 0.116280 -0.269517 -0.192021
v -0.223606 0.138316 -0.017198
v -0.346277 0.204020 0.039677
v 0.647851 0.053973 -0.044359
v -0.556415 0.129835 0.132391
v -0.734599 -0.136447 0.188494
v 0.239084 -0.364405 -0.158246
v -0.758441 -0.141012 0.156785
v 0.126379 -0.324413 -0.188841
v 0.402098 -0.322798 -0.158997
v -0.149697 0.019497 -0.076177
v -0.358375 0.211573 -0.000178
v 0.401977 -0.347272 -0.128384
v 0.306644 -0.377286 -0.156713
v 0.670734 0.064569 -0.020395
v -0.525463 0.149573 0.150823
v -0.614193 0.103587 0.131497
v -0.493790 0.183132 0.125654
v 0.504916 -0.214089 -0.095714
v 0.506847 -0.165598 -0.087389
v -0.508011 0.168758 0.105599
v 0.530977 -0.145728 -0.077326
v -0.690634 -0.018148 0.160841
v 0.089626 -0.303194 -0.179459
v 0.765901 0.204934 0.049717
v -0.736182 -0.057728 0.150700
v -0.240241 0.103223 -0.054874
v 0.414232 -0.298151 -0.134504
v -0.648828 0.054596 0.138914
v 0.474500 -0.219828 -0.115326
v 0.155774 -0.340451 -0.194038
v -0.039770 -0.125256 -0.112695
v 0.630417 -0.030622 -0.034032
v -0.519141 0.155049 0.135610
v 0.263743 -0.387372 -0.164150
v -0.264551 0.153249 -0.027379
v 0.638797 -0.027365 -0.056531
v 0.155369 -0.372989 -0.173125
v 0.011273 -0.195929 -0.125772
v 0.098865 -0.258145 -0.187030
v -0.658732 0.057177 0.143305
v -0.358646 0.176405 0.013129
v 0.423002 -0.292622 -0.145292
v 0.610167 -0.076614 -0.072996
v 0.086953 -0.288296 -0.177802
v 0.592059 -0.127603 -0.077526
v 0.574339 -0.145483 -0.071732
v -0.002351 -0.176470 -0.139590
v 0.200175 -0.351944 -0.192715
v 0.489373 -0.176742 -0.109775
v -0.551907 0.129075 0.120433
v -0.080679 -0.104834 -0.115948
v 0.638445 -0.017348 -0.022027
v 0.689061 0.063011 -0.033127
v -0.283183 0.174436 -0.015345
v 0.322476 -0.382011 -0.189672
v -0.552316 0.154036 0.118614
v -0.744829 -0.122974 0.199597
v -0.225106 0.098941 -0.066177
v 0.611465 -0.071833 -0.073101
v 0.196279 -0.394976 -0.184487
v -0.312051 0.201774 0.014043
v 0.259403 -0.364823 -0.195865
v 0.634728 0.020057 -0.049042
v -0.245203 0.118864 -0.023644
v -0.533063 0.146495 0.134053
v -0.201883 0.064326 -0.062782
v -0.667108 0.004557 0.157594
v 0.800137 0.236907 0.055607
v -0.311050 0.162568 -0.021258
v 0.563563 -0.067051 -0.069425
v 0.008291 -0.226793 -0.139195
v -0.601386 0.122168 0.125113
v -0.426252 0.200039 0.084125
v -0.540361 0.153111 0.143442
v 0.758633 0.165523 0.046520
v -0.754261 -0.156763 0.197792
v 0.326353 -0.374814 -0.172067
v -0.234339 0.116631 -0.022438
v -0.634801 0.071813 0.135396
v 0.153965 -0.345910 -0.160688
v 0.298556 -0.388321 -0.164875
v 0.698067 0.094785 0.004117
v -0.626420 0.061891 0.151609
v 0.006834 -0.154390 -0.163702
v -0.085373 -0.087105 -0.121080
v -0.140831 -0.015841 -0.099042
v -0.488625 0.171739 0.123197
v 0.658094 0.056472 -0.010995
v 0.361225 -0.341959 -0.163986
v -0.327253 0.182932 0.042976
v 0.467957 -0.262166 -0.098082
v -0.160933 -0.018185 -0.094621
v 0.522733 -0.199426 -0.110944
v 0.759298 0.145599 0.043234
v -0.484522 0.204625 0.117055
v 0.106009 -0.312189 -0.151101
v -0.501844 0.170589 0.112498
v -0.625617 0.047418 0.164491
v 0.472002 -0.263407 -0.137314
v 0.107084 -0.296613 -0.188646
v -0.093682 -0.044653 -0.129353
v 0.353151 -0.388636 -0.170595
v 0.369271 -0.336554 -0.143013
v -0.240020 0.125792 -0.051070
v 0.043930 -0.237747 -0.147755
v 0.440589 -0.305094 -0.112284
v 0.210820 -0.364742 -0.199816
v -0.060601 -0.115947 -0.131854
v 0.611007 -0.011620 -0.045441
v 0.535845 -0.155329 -0.109970
v -0.659318 -0.032380 0.177197
v -0.208914 0.096578 -0.040414
v -0.536803 0.160219 0.114717
v 0.147220 -0.328366 -0.154548
v -0.020042 -0.147247 -0.153681
v 0.408044 -0.350386 -0.173433
v -0.762552 -0.156128 0.197138
v -0.630491 0.069524 0.136848
v 0.386383 -0.362200 -0.157445
v 0.717595 0.146006 0.003933
v 0.392101 -0.330025 -0.153139
v -0.507465 0.197874 0.121061
v -0.355626 0.200526 0.041630
v -0.286759 0.192822 0.000219
v 0.608759 -0.030044 -0.033026
v 0.202022 -0.369197 -0.176633
v -0.195028 0.056717 -0.071365
v -0.745416 -0.106289 0.167088
v 0.529953 -0.158806 -0.102544
v -0.768101 -0.129471 0.192510
v -0.248977 0.114366 -0.046986
v 0.428338 -0.287389 -0.152840
v -0.275540 0.164181 0.005143
v 0.092904 -0.290549 -0.169585
v -0.646425 0.059621 0.175613
v 0.554601 -0.082075 -0.072346
v 0.400811 -0.324701 -0.157399
v 0.484293 -0.209549 -0.116764
v -0.617895 0.087078 0.140247
v 0.111514 -0.309873 -0.156854
v 0.801310 0.217674 0.062245
v -0.135711 0.044102 -0.101978
v 0.210114 -0.397642 -0.163986
v 0.345940 -0.342247 -0.163473
v 0.080979 -0.281901 -0.174753
v 0.312060 -0.356662 -0.145156
v -0.612044 0.096678 0.123971
v -0.747945 -0.094169 0.165965
v 0.296942 -0.394311 -0.186605
v 0.637086 0.029235 -0.007225
v 0.712977 0.081734 0.011180
v -0.600357 0.049048 0.144262
v 0.196025 -0.369190 -0.196142
v -0.581544 0.100888 0.156635
v 0.424246 -0.296901 -0.148328
v -0.104034 -0.068149 -0.108582
v 0.281848 -0.390063 -0.165474
v -0.450481 0.196252 0.055099
v 0.112268 -0.282810 -0.158278
v -0.491673 0.221246 0.069920
v -0.793188 -0.149079 0.164004
v -0.647311 0.062100 0.157100
v 0.586559 -0.114790 -0.071947
v -0.553376 0.165274 0.114650
v -0.194417 0.115014 -0.045093
v 0.432431 -0.288533 -0.144853
v -0.290074 0.182214 -0.012793
v 0.614165 -0.072812 -0.034888
v -0.524323 0.191401 0.103777
v -0.353728 0.183403 0.038635
v -0.558898 0.140072 0.108488
v -0.383967 0.208551 0.047469
v -0.134158 -0.022540 -0.089897
v 0.046981 -0.244378 -0.150624
v 0.257100 -0.391968 -0.201308
v -0.754590 -0.127328 0.157163
v -0.431645 0.217402 0.070034
v -0.626217 0.069823 0.145577
v -0.456585 0.189927 0.081451
v 0.165796 -0.361850 -0.177970
v 0.319592 -0.381711 -0.146869
v -0.427453 0.187052 0.049687
v 0.621882 -0.021688 -0.035115
v -0.281638 0.130636 -0.040615
v 0.304379 -0.375442 -0.149883
v 0.132470 -0.338570 -0.195564
v 0.513646 -0.175013 -0.084275
v 0.023796 -0.250704 -0.178157
v -0.300827 0.174971 0.018885
v 0.771536 0.232027 0.039985
v -0.785671 -0.153345 0.199151
v 0.457090 -0.266836 -0.126720
v -0.610293 0.085587 0.127889
v 0.783633 0.214459 0.019037
v -0.016250 -0.166648 -0.120797
v -0.212710 0.088435 -0.019319
v 0.245247 -0.356056 -0.170631
v 0.636218 0.023865 -0.033075
v -0.366552 0.223702 0.036849
v -0.107632 -0.016091 -0.113436
v 0.024288 -0.217522 -0.158869
v -0.048548 -0.072793 -0.128784
v 0.751098 0.193500 0.027117
v -0.536302 0.145286 0.139289
v -0.324754 0.193263 -0.016212
v -0.745324 -0.087359 0.153859
v -0.314169 0.184145 -0.018926
v -0.405196 0.197153 0.072339
v 0.277966 -0.398645 -0.197015
v -0.342134 0.186878 0.041831
v -0.684908 0.004125 0.158118
v 0.505587 -0.219127 -0.083034
v -0.654915 0.034247 0.149076
v 0.111198 -0.307968 -0.167671
v 0.278289 -0.397366 -0.169606
v -0.339020 0.184060 0.016759
v 0.067127 -0.251206 -0.169090
v -0.581129 0.111631 0.159794
v 0.338577 -0.367577 -0.166806
v -0.167203 0.010976 -0.062059
v -0.113737 -0.008396 -0.103191
v -0.411157 0.190051 0.064075
v 0.094587 -0.288827 -0.177396
v -0.179995 0.038310 -0.060295
v -0.085929 -0.120935 -0.105212
v 0.231482 -0.399167 -0.189065
v -0.038086 -0.166341 -0.123127
v 0.291029 -0.403287 -0.189223
v -0.557336 0.129618 0.120956
v 0.298702 -0.390720 -0.183646
v 0.757976 0.230488 0.055605
v -0.641464 0.083182 0.131951
v -0.659803 0.040104 0.175719
v -0.112112 -0.082024 -0.115142
v 0.788328 0.233232 0.042878
v 0.523764 -0.175419 -0.093109
v -0.101424 -0.054199 -0.086072
v 0.235483 -0.368604 -0.175275
v -0.048645 -0.124672 -0.108975
v -0.002872 -0.174047 -0.131908
v -0.632418 0.059555 0.130830
v -0.065458 -0.116315 -0.129462
v 0.251835 -0.371524 -0.201950
v 0.674433 0.020244 -0.016282
v -0.332866 0.191723 0.049827
v -0.002429 -0.179391 -0.152778
v -0.691779 -0.044601 0.182076
v -0.246375 0.149397 -0.035250
v 0.410319 -0.311492 -0.117822
v 0.226041 -0.378939 -0.171130
v 0.143033 -0.302776 -0.173305
v -0.601721 0.128079 0.135640
v 0.183149 -0.384343 -0.162270
v -0.565485 0.132056 0.147103
v -0.024744 -0.109527 -0.116658
v 0.359066 -0.325472 -0.170586
v 0.640747 -0.020990 -0.062174
v 0.159769 -0.339611 -0.200966
v 0.426690 -0.288011 -0.117022
v -0.276209 0.153034 0.016611
v 0.103034 -0.325805 -0.177191
v -0.357197 0.176104 0.039518
v 0.478490 -0.217604 -0.102128
v 0.255030 -0.365888 -0.156019
v -0.229301 0.105837 -0.063586
v -0.492014 0.202254 0.114514
v 0.010501 -0.171758 -0.144876
v -0.230706 0.118575 -0.053705
v -0.696177 -0.032727 0.148385
v -0.660851 -0.010578 0.147188
v -0.426008 0.199098 0.058249
v 0.726102 0.098385 0.012984
v -0.672702 -0.001203 0.148340
v 0.138229 -0.294020 -0.174422
v -0.183416 0.040278 -0.095457
v -0.025565 -0.133770 -0.152198
v -0.271084 0.128576 -0.009813
v -0.574784 0.133773 0.158864
v 0.280251 -0.394533 -0.198023
v 0.737012 0.140140 0.022772
v -0.719368 -0.083971 0.182071
v 0.158922 -0.354840 -0.157311
v -0.390100 0.178896 0.038092
v 0.237115 -0.388993 -0.161051
v 0.730417 0.166890 0.044263
v 0.499890 -0.197980 -0.097535
v 0.383303 -0.361926 -0.138489
v 0.309191 -0.378248 -0.186946
v -0.079418 -0.026335 -0.112747
v -0.493341 0.166897 0.087855
v 0.128144 -0.320334 -0.157582
v 0.472492 -0.228504 -0.143677
v 0.367354 -0.379205 -0.178601
v -0.533864 0.169574 0.118552
v -0.419588 0.213962 0.059487
v -0.625358 0.080081 0.149188
v 0.003648 -0.179846 -0.122124
v -0.436884 0.226735 0.094487
v -0.324024 0.189351 0.006277
v 0.316607 -0.395732 -0.148070
v 0.334896 -0.379957 -0.180286
v -0.556793 0.105053 0.151000
v -0.469149 0.216237 0.070182
v 0.774573 0.212241 0.033999
v -0.617273 0.053763 0.140029
v -0.168958 0.038861 -0.074503
v 0.175364 -0.336894 -0.185238
v -0.743649 -0.098912 0.172087
v -0.726127 -0.061171 0.166216
v -0.752976 -0.111306 0.199601
v 0.667432 0.027440 -0.014223
v -0.238027 0.129367 -0.029271
v 0.378533 -0.371217 -0.175397
v -0.167958 0.061046 -0.048850
v 0.698937 0.107535 0.003846
v 0.013388 -0.226828 -0.142727
v 0.661051 0.044517 0.003371
v 0.700824 0.125130 0.014316
v -0.265218 0.143356 -0.029504
v 0.268889 -0.365423 -0.171942
v -0.597688 0.087175 0.134217
v -0.515809 0.172221 0.110399
v 0.744427 0.192574 0.011488
v -0.684323 -0.058654 0.177768
v -0.319355 0.151443 0.011918
v -0.339716 0.180620 0.039228
v -0.559060 0.111580 0.113840
v -0.729175 -0.080305 0.180634
v -0.722003 -0.111395 0.186740
v -0.397640 0.215273 0.065651
v -0.223748 0.118709 -0.044201
v -0.678843 -0.001484 0.153370
v -0.285170 0.169535 -0.016216
v 0.245812 -0.394129 -0.188025
v 0.452812 -0.267190 -0.115181
v -0.023229 -0.115194 -0.145496
v -0.707108 -0.062041 0.151770
v 0.189863 -0.353846 -0.165377
v 0.017166 -0.207549 -0.164107
v 0.505793 -0.161437 -0.097980
v 0.775436 0.229758 0.075521
v -0.440496 0.209807 0.079395
v -0.119420 0.009180 -0.089717
v -0.719093 -0.064109 0.171069
v -0.352507 0.192368 0.026085
v -0.397700 0.201782 0.059340
v 0.377872 -0.339718 -0.134941
v 0.601457 -0.056705 -0.050825
v 0.671083 0.047329 -0.023193
v -0.126373 0.006526 -0.110441
v 0.074008 -0.260305 -0.158676
v -0.590962 0.109540 0.129015
v -0.673539 0.031440 0.168904
v 0.225840 -0.351817 -0.161047
v -0.794141 -0.170500 0.182182
v 0.700343 0.064555 -0.029967
v -0.100226 -0.011945 -0.119683
v 0.607939 -0.063734 -0.069844
v -0.153445 0.034793 -0.097581
v 0.655800 0.000744 -0.030182
v 0.767876 0.254550 0.043300
v -0.086324 -0.076624 -0.097224
v -0.338279 0.172389 0.005124
v 0.446346 -0.279151 -0.157489
v 0.637636 -0.015196 -0.030161
v -0.196071 0.069046 -0.054970
v 0.691474 0.111492 -0.001370
v 0.122475 -0.295439 -0.154437
v -0.126157 -0.035430 -0.113815
v -0.555186 0.140083 0.159811
v -0.461954 0.204128 0.093928
v -0.651614 0.027897 0.146660
v -0.078466 -0.063114 -0.085951
v 0.794762 0.251651 0.054229
v -0.589053 0.141796 0.149394
v -0.736113 -0.104402 0.180293
v 0.453720 -0.224990 -0.139149
v -0.452884 0.199487 0.105642
v 0.049982 -0.234962 -0.175431
v 0.347353 -0.371192 -0.168557
v -0.360884 0.229768 0.055858
v -0.620974 0.060343 0.164694
v 0.355134 -0.350610 -0.167889
v 0.209641 -0.356810 -0.169588
v -0.275068 0.163244 0.019528
v 0.461592 -0.234007 -0.110676
v 0.580899 -0.049522 -0.078005
v -0.587190 0.140258 0.147720
v -0.392971 0.220005 0.053996
v -0.362912 0.214164 0.049493
v 0.583923 -0.133501 -0.092370
v 0.077807 -0.305653 -0.173902
v -0.385067 0.209303 0.051147
v -0.017380 -0.166251 -0.146785
v -0.439365 0.207048 0.085789
v -0.179608 0.043270 -0.090379
v -0.601167 0.086147 0.141407
v 0.742249 0.192079 0.009496
v -0.065477 -0.127770 -0.114837
v 0.341394 -0.370195 -0.150470
v -0.021721 -0.173934 -0.150107
v 0.031470 -0.184216 -0.171461
v 0.422958 -0.300640 -0.138611
v -0.097944 -0.038467 -0.120617
v 0.357091 -0.334207 -0.165900
v -0.140676 -0.007724 -0.099266
v 0.222852 -0.361636 -0.188516
v 0.143934 -0.339419 -0.163967
v -0.645359 0.047613 0.175135
v 0.092377 -0.280850 -0.175201
v -0.499647 0.194468 0.115624
v -0.418001 0.227831 0.064649
v -0.443349 0.224769 0.061039
v -0.745937 -0.166572 0.173985
v -0.041313 -0.161593 -0.150681
v 0.423224 -0.301878 -0.151624
v 0.462250 -0.288628 -0.113447
v -0.388756 0.181044 0.049268
v 0.415587 -0.330791 -0.122246
v 0.150387 -0.338649 -0.164449
v -0.483861 0.180123 0.091961
v -0.004059 -0.219362 -0.166776
v -0.369366 0.203257 0.032773
v -0.627756 0.036231 0.159830
v 0.653925 0.010700 -0.051032
v -0.010062 -0.183416 -0.141701
v -0.640510 0.089036 0.148847
v -0.435124 0.210991 0.077908
v -0.252619 0.168449 -0.038238
v -0.510949 0.164041 0.106191
v -0.568047 0.124058 0.147609
v 0.093244 -0.289804 -0.184709
v -0.309779 0.152806 -0.007982
v 0.099826 -0.325924 -0.162439
v 0.422795 -0.315093 -0.152247
v 0.234306 -0.369152 -0.177622
v 0.598482 -0.125820 -0.089234
v 0.312593 -0.359803 -0.184502
v 0.380348 -0.329943 -0.123005
v -0.741292 -0.113350 0.191699
v -0.008041 -0.154155 -0.143545
v -0.328424 0.174315 0.035333
v 0.283817 -0.374854 -0.180378
v 0.222429 -0.377969 -0.193332
v 0.193123 -0.357782 -0.192163
v -0.037582 -0.083077 -0.112462
v 0.545601 -0.119345 -0.058203
v -0.788471 -0.191288 0.158133
v 0.753754 0.186885 0.045185
v 0.051922 -0.277836 -0.164523
v -0.557153 0.150975 0.113451
v 0.227509 -0.380848 -0.163929
v 0.593172 -0.090542 -0.055307
v -0.167033 0.024328 -0.071337
v -0.693417 0.009490 0.155521
v -0.399184 0.219999 0.048746
v 0.417195 -0.287227 -0.132012
v -0.341055 0.217213 0.040163
v -0.059144 -0.112977 -0.105769
v -0.638691 0.011723 0.144601
v 0.590549 -0.044162 -0.078346
v 0.015713 -0.198534 -0.160238
v -0.018535 -0.180918 -0.151957
v -0.184428 0.047662 -0.063503
v 0.068261 -0.226020 -0.137381
v 0.729464 0.134064 0.024221
v 0.096282 -0.279410 -0.161350
v 0.089419 -0.297414 -0.193595
v -0.216597 0.101615 -0.036127
v -0.454962 0.226819 0.107669
v -0.204118 0.075253 -0.086466
v -0.091371 -0.084084 -0.118606
v -0.655983 0.023150 0.181312
v 0.147515 -0.363527 -0.180308
v -0.719957 -0.096755 0.181895
v 0.769991 0.206486 0.051671
v 0.802183 0.249093 0.051908
v 0.612428 -0.047749 -0.078768
v -0.734148 -0.140835 0.189922
v 0.575044 -0.077578 -0.041838
v -0.703449 -0.075656 0.152778
v 0.094704 -0.282302 -0.159615
v -0.756457 -0.138173 0.170192
v 0.355181 -0.362032 -0.141862
v 0.048172 -0.220737 -0.136927
v 0.249674 -0.365099 -0.175411
v 0.345530 -0.352179 -0.167203
v -0.481833 0.176509 0.109794
v 0.515737 -0.167280 -0.093896
v -0.250267 0.141734 -0.022794
v -0.078378 -0.125174 -0.112074
v -0.498388 0.205326 0.120481
v 0.447855 -0.267797 -0.143337
v 0.346179 -0.337103 -0.150934
v 0.626921 0.019757 -0.050776
v -0.704368 -0.076649 0.155591
v -0.308836 0.150161 0.016427
v -0.526874 0.183332 0.101485
v -0.012248 -0.169727 -0.132967
v -0.073972 -0.059211 -0.137672
v 0.529843 -0.161500 -0.103375
v 0.315846 -0.355445 -0.151808
v -0.458102 0.198769 0.107187
v 0.450410 -0.237219 -0.130755
v -0.075126 -0.134062 -0.118681
v -0.519728 0.187092 0.100200
v -0.190924 0.048006 -0.048057
v 0.225622 -0.394580 -0.183884
v -0.257066 0.121545 0.000602
v -0.311617 0.159985 -0.018282
v 0.492576 -0.216752 -0.111438
v -0.144362 0.017803 -0.082433
v -0.250467 0.127095 0.000639
v 0.617051 -0.036571 -0.053178
v -0.112719 0.008401 -0.098325
v -0.753702 -0.103115 0.197479
v 0.766519 0.158665 0.048635
v 0.384455 -0.330175 -0.121637
v 0.742984 0.199617 0.044639
v -0.082791 -0.120361 -0.138324
v 0.602792 -0.063123 -0.061926
v -0.495176 0.183283 0.103133
v 0.546782 -0.138270 -0.087932
v -0.037380 -0.111600 -0.107943
v 0.286066 -0.371084 -0.162574
v -0.665255 0.052333 0.141197
v 0.457118 -0.273091 -0.120768
v -0.125960 -0.043328 -0.096722
v 0.389008 -0.350481 -0.145116
v 0.422007 -0.305983 -0.119399
v 0.189491 -0.335040 -0.172248
v -0.594674 0.105658 0.135127
v -0.248959 0.130921 -0.035184
v -0.165031 0.031367 -0.042761
v -0.142044 -0.006762 -0.077232
v -0.076992 -0.099547 -0.144737
v 0.595124 -0.119616 -0.075339
v 0.113691 -0.316948 -0.174966
v 0.730959 0.173994 0.010391
v -0.379456 0.211647 0.063251
v -0.085927 -0.078414 -0.123171
v 0.049282 -0.236765 -0.137866
v 0.044912 -0.236279 -0.178051
v -0.238906 0.142677 -0.037334
v 0.511918 -0.215087 -0.128129
v -0.368180 0.195424 0.021099
v 0.631985 -0.038139 -0.051430
v -0.310210 0.187265 -0.001282
v -0.253107 0.099161 -0.033027
v 0.146108 -0.364143 -0.166128
v -0.422995 0.188080 0.068143
v 0.209227 -0.383237 -0.156265
v 0.289592 -0.361043 -0.154022
v 0.373478 -0.347497 -0.175441
v -0.221190 0.104441 -0.046832
v 0.605355 -0.020541 -0.070596
v 0.696368 0.072256 -0.032979
v 0.708417 0.143715 0.030773
v 0.535637 -0.177540 -0.102646
v -0.392279 0.206493 0.063811
v -0.395048 0.202382 0.059617
v 0.413998 -0.296713 -0.125798
v -0.348462 0.204095 0.052567
v 0.273767 -0.384980 -0.197664
v -0.155592 -0.012020 -0.083205
v 0.752344 0.185966 0.010430
v -0.302440 0.144285 -0.000347
v 0.527556 -0.174665 -0.103498
v -0.156043 0.025991 -0.075526
v -0.248595 0.122668 -0.018365
v -0.453094 0.208998 0.075973
v -0.730759 -0.091139 0.184207
v 0.090386 -0.309778 -0.146615
v -0.219703 0.077769 -0.041877
v -0.746454 -0.138251 0.170597
v -0.084759 -0.060508 -0.077717
v 0.089841 -0.300764 -0.148358
v -0.583928 0.126783 0.121828
v -0.426105 0.207442 0.066008
v -0.531536 0.163384 0.120487
v -0.133810 0.007515 -0.078577
v -0.295796 0.141542 0.012993
v 0.749471 0.152117 0.022311
v -0.154570 0.044035 -0.071980
v 0.519294 -0.162120 -0.111696
v -0.336914 0.183023 0.019946
v -0.504003 0.162249 0.124283
v 0.754311 0.202724 0.039003
v -0.572289 0.145851 0.143051
v 0.393711 -0.354749 -0.167021
v 0.109486 -0.327528 -0.179478
v 0.407920 -0.325759 -0.146670
v 0.599017 -0.109683 -0.072019
v 0.583201 -0.042009 -0.034855
v -0.293992 0.176962 -0.023896
v -0.074860 -0.095585 -0.097859
v 0.498446 -0.246056 -0.136426
v 0.157974 -0.328585 -0.196035
v -0.037337 -0.127640 -0.146412
v 0.301349 -0.355801 -0.155808
v -0.691561 -0.030822 0.179657
v -0.592599 0.097328 0.149439
v -0.763007 -0.125645 0.168370
v -0.146449 0.045479 -0.082157
v 0.347177 -0.353284 -0.164816
v -0.619210 0.083794 0.162384
v 0.386314 -0.335986 -0.148052
v -0.235616 0.149055 -0.039150
v -0.637497 0.020682 0.178931
v -0.026240 -0.177711 -0.151250
v -0.074156 -0.054988 -0.107570
v 0.164151 -0.357067 -0.188457
v -0.452823 0.198065 0.069443
v 0.694582 0.128381 0.005360
v -0.106476 -0.042390 -0.097769
v -0.575942 0.127739 0.140184
v -0.769609 -0.135529 0.182431
v -0.373869 0.218524 0.072263
v -0.144726 0.000578 -0.089181
v -0.532967 0.137930 0.121236
v 0.583916 -0.104262 -0.062547
v -0.499524 0.147294 0.136813
v -0.261747 0.116788 -0.038006
v 0.459287 -0.273448 -0.136507
v -0.044450 -0.076406 -0.104108
v 0.567348 -0.135742 -0.093687
v -0.467740 0.190452 0.074450
v -0.294416 0.151233 -0.013638
v 0.404643 -0.312042 -0.172331
v 0.094122 -0.315464 -0.160355
v 0.311059 -0.389802 -0.161083
v -0.093283 -0.084205 -0.116312
v -0.669325 0.045979 0.139535
v 0.646142 -0.010580 -0.044560
v 0.141147 -0.330901 -0.174649
v 0.441203 -0.268256 -0.142354
v -0.634580 0.066151 0.152174
v -0.456648 0.205955 0.088817
v 0.558399 -0.079274 -0.053536
v -0.473034 0.195642 0.098202
v -0.786480 -0.193611 0.179630
v -0.517184 0.173540 0.136237
v -0.302217 0.169490 0.000394
v 0.088463 -0.298058 -0.146980
v 0.712494 0.114994 0.031132
v -0.064033 -0.142627 -0.131797
v -0.291310 0.174462 0.014003
v 0.045877 -0.243477 -0.150144
v -0.458765 0.192655 0.087667
v -0.645330 0.059695 0.159997
v -0.569824 0.158737 0.142623
v 0.569278 -0.137804 -0.051870
v 0.777522 0.226931 0.053169
v -0.347345 0.201225 0.056518
v -0.331962 0.169986 0.000730
v 0.389828 -0.334368 -0.153449
v -0.119491 -0.010997 -0.066924
v -0.218952 0.136986 -0.023581
v -0.758616 -0.162720 0.189971
v -0.334651 0.177363 0.030542
v -0.275905 0.138505 -0.026172
v 0.022530 -0.208827 -0.160016
v -0.280243 0.164852 -0.013245
v 0.731113 0.196279 0.039676
v 0.653572 0.015737 -0.020464
v -0.219898 0.083572 -0.066837
v -0.187702 0.067100 -0.069111
v 0.390949 -0.310824 -0.150027
v -0.574643 0.131306 0.115111
v -0.671930 0.025639 0.175813
v -0.381298 0.195441 0.022416
v 0.413761 -0.276724 -0.122426
v -0.279990 0.187781 -0.004030
v 0.599543 -0.039434 -0.049273
v -0.258297 0.154076 -0.030758
v 0.372397 -0.346519 -0.151324
v -0.166589 0.013583 -0.072185
v 0.661385 0.013468 -0.025267
v -0.748455 -0.100088 0.192171
v -0.009044 -0.159896 -0.129536
v 0.128202 -0.287165 -0.170370
v 0.495061 -0.263030 -0.094591
v 0.200698 -0.342694 -0.166135
v -0.121642 -0.037866 -0.081921
v 0.389821 -0.359694 -0.143887
v -0.254919 0.143942 -0.008621
v -0.132090 -0.034796 -0.126714
v 0.501100 -0.192278 -0.097617
v -0.399691 0.215136 0.039284
v -0.059325 -0.079825 -0.116331
v -0.213552 0.129936 -0.055217
v 0.422094 -0.305452 -0.156140
v 0.180309 -0.333526 -0.176786
v 0.718830 0.137853 0.002012
v -0.475762 0.195569 0.078182
v 0.683945 0.092280 -0.019218
v 0.635189 0.016747 -0.040968
v -0.077479 -0.051414 -0.116447
v -0.090141 -0.084318 -0.118474
v 0.482842 -0.225484 -0.083668
v 0.340315 -0.340908 -0.176927
v -0.012184 -0.148055 -0.148771
v -0.470173 0.201782 0.096230
v -0.410945 0.205130 0.026419
v 0.480474 -0.214782 -0.119607
v 0.729998 0.120831 0.024836
v -0.293904 0.160291 0.017854
v -0.177934 0.071681 -0.079362
v 0.226939 -0.396244 -0.191414
v 0.084724 -0.317316 -0.162009
v 0.397720 -0.291559 -0.120497
v 0.251109 -0.385385 -0.194195
v -0.502313 0.191517 0.128624
v 0.480592 -0.199266 -0.126921
v -0.540324 0.146274 0.129567
v 0.642628 0.018033 -0.011552
v -0.250028 0.122523 0.001363
v 0.639048 0.033096 -0.016668
v 0.023236 -0.257165 -0.137965
v -0.628192 0.011746 0.159828
v 0.791197 0.219570 0.022855
v 0.172077 -0.358290 -0.180453
v 0.626023 0.018527 -0.037884
v 0.192591 -0.359531 -0.167269
v 0.547964 -0.135661 -0.093535
v 0.693940 0.094286 -0.015928
v -0.134512 0.001387 -0.093457
v -0.496629 0.172494 0.131591
v 0.270366 -0.377539 -0.156563
v 0.397415 -0.314192 -0.132124
v 0.148721 -0.344311 -0.154985
v -0.206551 0.042917 -0.080071
v -0.594567 0.142707 0.118589
v -0.280344 0.156668 -0.016878
v 0.221790 -0.365650 -0.182363
v -0.450196 0.204711 0.065748
v -0.339686 0.218631 0.021758
v 0.615807 -0.001500 -0.040977
v 0.086404 -0.266784 -0.174872
v 0.008673 -0.227931 -0.147967
v 0.724917 0.158897 0.022453
v -0.619658 0.060745 0.171302
v -0.311943 0.199129 -0.015903
v 0.587384 -0.088844 -0.040425
v 0.782416 0.269503 0.040462
v -0.761579 -0.162769 0.184412
v -0.539170 0.142613 0.145125
v -0.233229 0.120661 -0.043358
v -0.220838 0.060862 -0.048453
v 0.206257 -0.349591 -0.197292
v 0.712990 0.132838 -0.006834
v 0.756936 0.148070 0.039514
v 0.774901 0.188851 0.012873
v 0.676047 0.091910 0.003370
v -0.280279 0.175768 0.023773
v -0.709726 -0.063712 0.188205
v 0.438698 -0.280575 -0.150355
v 0.465405 -0.271492 -0.139331
v 0.513453 -0.141160 -0.100408
v 0.609395 -0.004571 -0.018030
v -0.559877 0.150082 0.143094
v -0.801905 -0.180723 0.159867
v 0.204229 -0.361385 -0.190030
v -0.588071 0.094864 0.124215
v 0.786914 0.199410 0.025875
v 0.774810 0.248022 0.025809
v -0.049310 -0.093504 -0.116276
v 0.484052 -0.264345 -0.138404
v 0.801334 0.255364 0.046686
v 0.599224 -0.060728 -0.037290
v -0.118418 0.002511 -0.104885
v 0.347277 -0.366598 -0.157755
v -0.111753 0.012674 -0.113169
v -0.622891 0.037620 0.156988
v 0.154017 -0.355436 -0.163345
v 0.336680 -0.350050 -0.170575
v 0.051609 -0.226868 -0.149950
v 0.159229 -0.312060 -0.173494
v -0.598841 0.076366 0.158151
v 0.642155 0.007814 -0.018139
v -0.229906 0.140748 -0.027663
v 0.058434 -0.212629 -0.150345
v 0.452663 -0.305333 -0.126227
v -0.739071 -0.155888 0.199710
v 0.494485 -0.218284 -0.125734
v 0.501592 -0.177088 -0.114025
v -0.108999 -0.069945 -0.087381
v -0.364240 0.190543 0.057714
v 0.066738 -0.277391 -0.174010
v 0.521987 -0.189297 -0.111928
v 0.198237 -0.343921 -0.193453
v 0.505958 -0.166382 -0.086646
v -0.299461 0.152984 -0.006249
v -0.366142 0.197067 0.058146
v 0.645987 0.014757 -0.046333
v -0.617539 0.092084 0.162483
v 0.109615 -0.291944 -0.175720
v 0.297949 -0.394969 -0.163874
v 0.598325 -0.069750 -0.043163
v 0.047362 -0.225992 -0.180843
v 0.745449 0.170060 0.006477
v 0.091281 -0.283259 -0.176065
v -0.732364 -0.084100 0.164922
v 0.007851 -0.147625 -0.155371
v -0.431273 0.192239 0.051579
v -0.434073 0.214283 0.077929
v -0.134197 0.002615 -0.092701
v 0.560692 -0.125300 -0.058921
v 0.778949 0.218009 0.061488
v 0.473660 -0.239115 -0.092328
v 0.690083 0.093994 0.022382
v -0.566814 0.138408 0.127756
v 0.042679 -0.232808 -0.148955
v 0.010713 -0.207616 -0.134121
v 0.177552 -0.338798 -0.171759
v 0.110770 -0.285434 -0.164968
v -0.708937 -0.061028 0.170411
v 0.708629 0.146262 0.017108
v -0.715547 -0.031671 0.154916
v 0.269482 -0.368555 -0.169173
v 0.727150 0.138996 0.008450
v 0.348886 -0.345449 -0.180157
v -0.074701 -0.072352 -0.124675
v 0.130570 -0.285559 -0.190918
v 0.072446 -0.268501 -0.188335
v 0.185957 -0.361976 -0.198476
v 0.769459 0.204899 0.047337
v 0.359530 -0.340484 -0.141388
v -0.528993 0.183275 0.111432
v -0.629345 0.109494 0.152192
v 0.712820 0.128027 0.020247
v -0.586220 0.100596 0.130866
v 0.350574 -0.367802 -0.180601
v -0.171384 0.050265 -0.071157
v -0.243857 0.135636 -0.048531
v 0.193956 -0.373731 -0.185536
v -0.507199 0.165116 0.094430
v -0.208012 0.078803 -0.060777
v 0.597759 -0.118685 -0.062853
v -0.523223 0.170555 0.128544
v 0.665169 0.040376 -0.002885
v 0.349172 -0.384508 -0.182711
v 0.486910 -0.222442 -0.099112
v 0.754885 0.171012 0.009127
v -0.341258 0.173028 0.019952
v 0.640252 0.008813 -0.008657
v 0.693890 0.077792 -0.013415
v -0.180450 0.031554 -0.064670
v -0.265365 0.123395 -0.007438
v -0.503441 0.177406 0.126016
v 0.689345 0.079841 -0.004417
v 0.522439 -0.152107 -0.077299
v -0.285748 0.163639 -0.005688
v -0.166985 0.025408 -0.080832
v -0.098451 -0.049753 -0.116953
v -0.124658 -0.068219 -0.123850
v 0.103488 -0.304748 -0.146224
v 0.446727 -0.283323 -0.132445
v -0.711049 -0.099910 0.180446
v 0.642582 0.010806 -0.021520
v 0.032228 -0.259569 -0.177200
v 0.720321 0.187398 0.042759
v 0.382863 -0.354897 -0.157932
v 0.339226 -0.392754 -0.145132
v 0.638390 -0.038655 -0.055315
v -0.462200 0.173944 0.112352
v -0.460883 0.218958 0.067036
v -0.399698 0.225225 0.088047
v 0.795665 0.220026 0.061290
v -0.746306 -0.094953 0.183891
v 0.607254 -0.041269 -0.031427
v 0.187148 -0.348967 -0.168165
v -0.354302 0.196902 0.031528
v -0.335008 0.213994 0.030392
v 0.166534 -0.350877 -0.168795
v -0.073247 -0.088468 -0.107248
v -0.595444 0.078527 0.134785
v -0.254019 0.139186 -0.004404
v 0.683901 0.086354 -0.016989
v 0.092598 -0.327264 -0.157048
v 0.636953 -0.036584 -0.047903
v -0.571838 0.099663 0.124957
v -0.417513 0.191369 0.086771
v 0.477342 -0.220690 -0.113304
v -0.566736 0.104712 0.157292
v 0.411313 -0.314138 -0.145290
v 0.132512 -0.314277 -0.150345
v 0.667450 0.046292 -0.006948
v -0.191246 0.035559 -0.091274
v -0.520942 0.188328 0.105317
v 0.572609 -0.085171 -0.057337
v 0.073133 -0.264949 -0.191707
v 0.291117 -0.377023 -0.166010
v -0.506496 0.158854 0.100418
v -0.647249 0.050099 0.159189
v 0.515364 -0.229976 -0.118691
v 0.208440 -0.390549 -0.172532
v 0.679159 0.039104 -0.034951
v 0.183162 -0.348043 -0.170674
v 0.172431 -0.333165 -0.181902
v 0.653739 0.056660 -0.023323
v -0.562093 0.113969 0.157994
v 0.817722 0.247228 0.030930
v 0.470920 -0.230453 -0.100360
v 0.052747 -0.267421 -0.147369
v -0.213200 0.110367 -0.040453
v 0.370714 -0.350166 -0.160733
v -0.283438 0.164283 -0.026919
v -0.468317 0.188081 0.101839
v 0.260865 -0.360930 -0.174917
v 0.417773 -0.296879 -0.152161
v -0.593437 0.132996 0.126473
v 0.546350 -0.161531 -0.112805
v -0.449930 0.186279 0.077197
v 0.012017 -0.221006 -0.144657
v -0.174097 0.044902 -0.052675
v 0.084175 -0.303176 -0.157337
v -0.487940 0.190650 0.116518
v -0.569549 0.098121 0.164263
v 0.191486 -0.338522 -0.170825
v 0.438427 -0.289405 -0.105460
v -0.697966 -0.071345 0.193799
v -0.492659 0.181492 0.111175
v -0.198834 0.101993 -0.028737
v -0.029680 -0.141266 -0.151193
v 0.119061 -0.313417 -0.175259
v 0.057603 -0.263187 -0.158196
v -0.024527 -0.109384 -0.107619
v 0.769993 0.182781 0.031973
v 0.390858 -0.322418 -0.148579
v -0.551270 0.175382 0.133770
v 0.693752 0.069485 0.013767
v 0.774805 0.189595 0.048820
v 0.799829 0.206576 0.026788
v -0.325152 0.164086 0.035853
v 0.473993 -0.234222 -0.129878
v 0.360691 -0.385700 -0.158146
v 0.454706 -0.221410 -0.119324
v -0.511941 0.148918 0.107838
v 0.053487 -0.224341 -0.135412
v -0.729842 -0.073542 0.171330
v -0.130258 -0.027216 -0.089455
v -0.088048 -0.091482 -0.138746
v 0.771406 0.217291 0.012572
v -0.170699 0.060209 -0.083681
v 0.284889 -0.389421 -0.159863
v 0.580009 -0.122141 -0.081552
v 0.719606 0.119403 0.004332
v -0.352656 0.224710 0.020338
v 0.256887 -0.380974 -0.195473
v 0.512519 -0.236941 -0.128354
v -0.219878 0.094607 -0.040291
v 0.557387 -0.116437 -0.049911
v 0.598128 -0.092691 -0.053465
v 0.592197 -0.053758 -0.044448
v -0.649569 0.070451 0.140101
v 0.372760 -0.349958 -0.125118
v -0.779275 -0.203095 0.157466
v -0.681921 0.003919 0.164651
v -0.459924 0.197115 0.082806
v -0.330290 0.209825 0.000117
v -0.528800 0.165142 0.092561
v -0.567672 0.153083 0.144933
v 0.303378 -0.386233 -0.175317
v 0.770290 0.244482 0.053294
v 0.162819 -0.357853 -0.182425
v 0.530922 -0.185586 -0.089112
v 0.736606 0.193656 0.005845
v -0.707336 -0.025506 0.177103
v 0.487323 -0.189012 -0.091151
v -0.768588 -0.188596 0.184080
v 0.659207 0.055650 -0.010205
v -0.706472 -0.012631 0.167760
v 0.386531 -0.334435 -0.136491
v -0.273486 0.152581 0.003480
v -0.739036 -0.089280 0.173952
v 0.694838 0.089144 -0.014524
v 0.636152 -0.017298 -0.022010
v -0.152421 -0.029408 -0.101450
v 0.790229 0.227602 0.022441
v 0.474289 -0.272883 -0.115993
v -0.526002 0.174940 0.090907
v -0.284212 0.132498 -0.032218
v 0.730780 0.134837 0.015316
v 0.354610 -0.332120 -0.175295
v 0.728548 0.206384 0.006816
v -0.283913 0.146016 -0.022993
v 0.724522 0.113725 -0.019070
v -0.324258 0.180435 0.013267
v -0.132512 -0.049799 -0.110388
v 0.374967 -0.335306 -0.164363
v 0.730845 0.183939 0.025509
v -0.473560 0.186386 0.107713
v -0.279154 0.192725 0.014307
v 0.091854 -0.293635 -0.184252
v -0.605496 0.107881 0.168037
v -0.429076 0.194060 0.089394
v -0.019772 -0.183475 -0.138770
v -0.634558 0.044838 0.138687
v -0.009365 -0.144834 -0.117742
v -0.376914 0.217906 0.056248
v -0.375909 0.216611 0.010603
v -0.398810 0.199894 0.074795
v -0.045609 -0.158053 -0.144795
v 0.781694 0.224049 0.059027
v 0.256233 -0.372896 -0.197995
v 0.385247 -0.359873 -0.138983
v -0.333535 0.191614 0.043009
v -0.794488 -0.188692 0.155993
v 0.255735 -0.400568 -0.180142
v 0.638071 0.035477 -0.022212
v 0.163075 -0.358423 -0.189120
v -0.348166 0.197033 0.016029
v -0.571538 0.084946 0.162107
v 0.077561 -0.290498 -0.157178
v 0.086648 -0.269912 -0.172625
v -0.260620 0.129077 -0.023611
v 0.108414 -0.282494 -0.194248
v 0.329226 -0.382034 -0.182590
v -0.556349 0.163074 0.116989
v 0.431071 -0.326001 -0.147473
v 0.400984 -0.320944 -0.143935
v 0.221709 -0.393506 -0.163215
v 0.500408 -0.228770 -0.083861
v -0.395829 0.213097 0.049176
v -0.698882 -0.076411 0.150892
v -0.462965 0.186810 0.100040
v -0.007918 -0.171554 -0.137420
v -0.755914 -0.149132 0.187640
v 0.317901 -0.396756 -0.163816
v -0.461724 0.174729 0.099697
v 0.123939 -0.303992 -0.192522
v -0.457743 0.222200 0.098708
v -0.346919 0.196676 0.011002
v -0.472082 0.186620 0.086587
v -0.402495 0.195253 0.023094
v 0.172959 -0.348367 -0.183652
v -0.527186 0.196490 0.119885
v 0.583782 -0.061437 -0.043918
v 0.541398 -0.148280 -0.074423
v -0.244780 0.107509 -0.040052
v 0.602625 -0.037835 -0.056997
v -0.469676 0.194819 0.083568
v 0.362906 -0.360040 -0.165351
v 0.427215 -0.320031 -0.138707
v 0.480356 -0.227616 -0.139300
v -0.653368 0.039722 0.131967
v -0.793349 -0.195102 0.176967
v 0.389058 -0.369701 -0.162671
v 0.256782 -0.365659 -0.185379
v -0.344353 0.186902 0.006043
v -0.625786 0.086120 0.169809
v 0.793981 0.198547 0.047894
v 0.738518 0.160387 0.035093
v -0.540041 0.181932 0.112790
v 0.628050 -0.044303 -0.069565
v 0.079333 -0.288477 -0.185620
v -0.170066 0.010603 -0.077995
v -0.071126 -0.134871 -0.105444
v 0.273547 -0.361730 -0.167238
v 0.335328 -0.370504 -0.151769
v 0.725507 0.178119 0.038697
v 0.770546 0.249615 0.069879
v 0.104458 -0.276859 -0.159390
v 0.377367 -0.354588 -0.156129
v 0.515372 -0.201896 -0.079609
v 0.363956 -0.361078 -0.150244
v -0.144787 0.008307 -0.058148
v 0.410083 -0.290193 -0.116405
v 0.276528 -0.357691 -0.194862
v -0.412997 0.228931 0.060135
v -0.076809 -0.069156 -0.095784
v -0.229559 0.153096 -0.045641
v -0.246725 0.143869 -0.008725
v 0.141770 -0.298695 -0.157813
v -0.149668 0.055134 -0.049114
v 0.071373 -0.263089 -0.177549
v 0.102832 -0.265776 -0.158308
v 0.459818 -0.272145 -0.106247
v -0.180838 0.080809 -0.038209
v -0.456929 0.199606 0.094037
v -0.622694 0.059142 0.171570
v 0.616792 -0.034630 -0.023274
v -0.012392 -0.210134 -0.169374
v 0.707269 0.130737 0.027664
v 0.046976 -0.247624 -0.188373
v -0.769190 -0.133292 0.191609
v -0.698190 0.006042 0.164648
v -0.232827 0.116788 -0.050371
v -0.194182 0.049270 -0.061986
v -0.028757 -0.160834 -0.133758
v -0.758590 -0.139927 0.187777
v 0.572068 -0.096558 -0.087475
v 0.307757 -0.384916 -0.147314
v -0.039140 -0.186123 -0.140926
v 0.648144 0.020878 -0.049345
v 0.369626 -0.332851 -0.160314
v 0.385552 -0.301423 -0.169408
v -0.290440 0.189760 -0.011742
v -0.167514 -0.011267 -0.067075
v 0.471113 -0.278759 -0.127441
v -0.049055 -0.110671 -0.102417
v 0.223359 -0.375704 -0.168219
v 0.005871 -0.175042 -0.157608
v -0.343971 0.170383 0.002796
v 0.524755 -0.157811 -0.111531
v 0.456524 -0.264605 -0.117132
v -0.745667 -0.092513 0.184792
v 0.539298 -0.140221 -0.070234
v 0.638725 0.016077 -0.011300
v 0.717814 0.123465 0.001630
v 0.294301 -0.371569 -0.158026
v 0.196048 -0.374315 -0.190835
v 0.087763 -0.310579 -0.181534
v 0.710741 0.126767 0.031058
v 0.669363 0.001719 -0.044731
v 0.120905 -0.311377 -0.148442
v -0.214543 0.058004 -0.039673
v -0.507521 0.184882 0.093865
v -0.582520 0.144914 0.108381
v -0.689605 -0.063360 0.180173
v 0.112359 -0.309965 -0.194624
v 0.691200 0.073373 -0.030720
v -0.041448 -0.150097 -0.136672
v 0.215505 -0.357039 -0.197534
v -0.596378 0.118988 0.122976
v 0.045783 -0.206789 -0.165053
v 0.422451 -0.326577 -0.157519
v -0.402067 0.201906 0.063325
v 0.425394 -0.267759 -0.106135
v -0.169436 0.065354 -0.056579
v -0.590533 0.116117 0.163813
v 0.246437 -0.394980 -0.174045
v -0.326141 0.188531 -0.001009
v -0.714624 -0.008933 0.152365
v 0.219716 -0.381419 -0.181163
v 0.511754 -0.235442 -0.108157
v -0.286252 0.174161 -0.012615
v -0.163692 0.065424 -0.055315
v 0.682787 0.073602 -0.008999
v -0.069526 -0.118882 -0.135528
v 0.033764 -0.229597 -0.165710
v -0.376551 0.202445 0.027707
v 0.669658 0.021820 -0.036125
v -0.293557 0.176488 0.001143
v -0.381551 0.212772 0.056943
v 0.606845 -0.008594 -0.052335
v 0.292440 -0.375852 -0.180244
v 0.480936 -0.259864 -0.104874
v 0.608763 -0.074685 -0.040139
v 0.512777 -0.166160 -0.092449
v -0.407769 0.197131 0.062776
v 0.042171 -0.250017 -0.175207
v 0.762078 0.201111 0.001321
v -0.476009 0.206403 0.102491
v 0.789545 0.223994 0.051069
v -0.503746 0.189611 0.121152
v 0.151253 -0.346067 -0.197022
v -0.517166 0.192674 0.088152
v 0.544347 -0.131029 -0.090525
v 0.475480 -0.261184 -0.140347
v 0.629427 -0.044580 -0.049536
v 0.187835 -0.370182 -0.193475
v 0.192830 -0.373909 -0.177268
v 0.527814 -0.146323 -0.093277
v -0.432919 0.220766 0.065969
v 0.208798 -0.381088 -0.167805
v 0.754362 0.205887 0.016771
v 0.538660 -0.139860 -0.097118
v -0.536314 0.149898 0.102687
v -0.302427 0.178395 -0.002041
v -0.478561 0.180836 0.096632
v -0.079998 -0.066106 -0.103695
v -0.189677 0.055739 -0.040956
v 0.000911 -0.164395 -0.149878
v 0.004233 -0.164258 -0.139779
v -0.193089 0.085350 -0.043919
v -0.181334 0.057121 -0.067200
v -0.164398 0.008100 -0.094247
v 0.159183 -0.369755 -0.156866
v -0.399604 0.206274 0.075703
v -0.185549 0.044737 -0.067865
v 0.379145 -0.374589 -0.170346
v -0.440979 0.231980 0.072643
v -0.512651 0.170945 0.124133
v 0.513523 -0.194640 -0.114291
v 0.396635 -0.288277 -0.160100
v 0.290004 -0.395688 -0.147274
v -0.085381 -0.065305 -0.127958
v 0.651995 0.036188 -0.018423
v -0.449481 0.185389 0.078748
v 0.477513 -0.247730 -0.141540
v 0.098802 -0.253825 -0.179852
v 0.477135 -0.213069 -0.130894
v -0.621719 0.035215 0.138279
v -0.046898 -0.092528 -0.140607
v 0.678722 0.064020 0.012930
v 0.426822 -0.324323 -0.136221
v -0.727292 -0.074360 0.155496
v -0.570250 0.127041 0.145342
v -0.365867 0.181211 0.010414
v -0.395850 0.221120 0.035511
v -0.221091 0.070242 -0.042764
v 0.278792 -0.378391 -0.178568
v 0.063187 -0.210457 -0.165061
v 0.179745 -0.338603 -0.166556
v 0.032937 -0.229471 -0.157077
v 0.473087 -0.224727 -0.117954
v -0.317273 0.178736 0.006506
v -0.211475 0.064046 -0.078635
v -0.096217 -0.062909 -0.086100
v 0.477300 -0.250691 -0.131111
v -0.432994 0.195001 0.057292
v -0.022841 -0.157369 -0.119155
v -0.062931 -0.127771 -0.101358
v 0.656400 -0.015090 -0.058701
v -0.061529 -0.101540 -0.128247
v 0.149917 -0.343020 -0.179518
v 0.712795 0.092371 -0.010563
v -0.469334 0.172164 0.125982
v -0.555942 0.121106 0.109936
v -0.449035 0.180265 0.076934
v 0.475632 -0.236488 -0.126525
v -0.717684 -0.085465 0.171057
v -0.006791 -0.180383 -0.124737
v 0.369181 -0.371283 -0.132705
v 0.686612 0.098716 -0.007125
v 0.344425 -0.373480 -0.138044
v -0.656702 0.028180 0.137705
v -0.292666 0.163706 0.012138
v -0.115561 -0.024591 -0.088369
v -0.370960 0.182340 0.029487
v 0.562420 -0.105284 -0.091025
v -0.026650 -0.094921 -0.127321
v -0.674068 0.023711 0.171492
v 0.784663 0.231237 0.025586
v 0.113168 -0.275149 -0.178528
v 0.265242 -0.372999 -0.159617
v 0.152777 -0.318787 -0.163272
v -0.391779 0.205306 0.048264
v 0.693933 0.132684 0.026773
v -0.713357 -0.050613 0.161934
v 0.521261 -0.170795 -0.111211
v 0.728100 0.133609 -0.003197
v 0.060684 -0.251644 -0.168673
v -0.291003 0.129430 -0.017848
v 0.663772 0.069395 0.011244
v -0.087249 -0.062749 -0.105764
v -0.729167 -0.137979 0.164660
v 0.606162 -0.029326 -0.047657
v -0.134019 0.007452 -0.075437
v -0.553209 0.150554 0.115473
v -0.688290 0.025229 0.140030
v 0.064225 -0.280942 -0.140455
v 0.500356 -0.198326 -0.133893
v -0.534209 0.198132 0.106271
v 0.313397 -0.385599 -0.168097
v -0.715668 -0.101852 0.153243
v 0.156991 -0.319850 -0.159906
v -0.508906 0.182400 0.126970
v -0.623270 0.069497 0.155641
v 0.520106 -0.192000 -0.085889
v -0.376855 0.216087 0.026773
v 0.179825 -0.375397 -0.161613
v 0.273759 -0.365875 -0.183435
v 0.003884 -0.190858 -0.155142
v 0.477902 -0.201064 -0.119344
v -0.290390 0.134788 -0.029994
v -0.668491 -0.016567 0.146218
v -0.099261 -0.095494 -0.100464
v 0.304325 -0.366845 -0.174360
v -0.596595 0.115148 0.149485
v 0.162145 -0.346075 -0.178179
v -0.763036 -0.125860 0.155706
v -0.732139 -0.129232 0.162094
v 0.004104 -0.183380 -0.133888
v -0.300628 0.147526 0.013315
v -0.133503 0.003606 -0.091086
v 0.295140 -0.358160 -0.144693
v -0.135374 0.020976 -0.106912
v 0.601752 -0.033619 -0.024780
v 0.662730 0.018405 -0.013670
v 0.221029 -0.356183 -0.186252
v -0.796480 -0.176478 0.180037
v -0.470675 0.208504 0.099681
v 0.009513 -0.173825 -0.123545
v 0.185553 -0.360691 -0.157152
v 0.478195 -0.228073 -0.112185
v 0.074856 -0.280549 -0.171733
v -0.141910 0.028611 -0.083867
v 0.626627 -0.033814 -0.047395
v -0.439729 0.212168 0.069203
v -0.311945 0.158384 -0.002479
v 0.634716 0.002971 -0.028291
v -0.712529 -0.095603 0.171124
v -0.089051 -0.018312 -0.111564
v 0.505407 -0.213564 -0.104300
v 0.738887 0.148814 0.003957
v 0.137952 -0.321327 -0.192938
v 0.247440 -0.400367 -0.190272
v 0.785881 0.222943 0.048573
v -0.470334 0.172965 0.103595
v 0.690560 0.107811 0.020682
v -0.379018 0.215177 0.044306
v 0.634732 0.002098 -0.048542
v 0.681261 0.089620 -0.002775
v -0.666116 -0.004416 0.187059
v -0.807697 -0.177184 0.194696
v 0.734239 0.101243 0.003774
v -0.592398 0.104804 0.145758
v -0.596244 0.080968 0.126315
v 0.455062 -0.266634 -0.137761
v 0.723171 0.142618 0.012748
v 0.764400 0.208712 0.011873
v -0.251534 0.140442 -0.041975
v 0.798647 0.228304 0.039932
v -0.164317 0.030081 -0.067135
v 0.484513 -0.230533 -0.099432
v 0.449928 -0.310395 -0.107511
v -0.429347 0.227330 0.074922
v 0.427706 -0.285980 -0.148807
v -0.735211 -0.114227 0.168781
v 0.801956 0.235213 0.040683
v 0.563510 -0.138679 -0.107439
v 0.553568 -0.140499 -0.101480
v -0.583050 0.141059 0.150980
v -0.248627 0.109639 -0.008671
v -0.302090 0.180108 -0.014459
v 0.551597 -0.114871 -0.046279
v -0.593015 0.112153 0.121678
v -0.260493 0.112843 -0.023201
v -0.689402 -0.017586 0.143459
v 0.761394 0.223320 0.057744
v 0.695402 0.104208 -0.012382
v -0.659538 0.029427 0.179220
v -0.522194 0.194137 0.095918
v -0.340503 0.201564 0.034447
v 0.590383 -0.100930 -0.065117
v 0.294632 -0.374134 -0.180460
v 0.645136 -0.032380 -0.016931
v -0.119831 -0.024132 -0.115129
v -0.667555 -0.018283 0.149701
v -0.038376 -0.141745 -0.130334
v -0.372606 0.207742 0.057906
v -0.685367 0.015855 0.168373
v 0.593249 -0.108587 -0.076800
v 0.316527 -0.344310 -0.146310
v 0.039977 -0.227492 -0.149450
v -0.347964 0.214570 0.019603
v 0.054071 -0.287389 -0.158192
v -0.490656 0.180256 0.097355
v 0.165770 -0.345883 -0.189891
v 0.551056 -0.115203 -0.064161
v 0.020174 -0.183102 -0.159820
v -0.413893 0.191961 0.060132
v -0.599485 0.069709 0.125258
v 0.809276 0.263177 0.063228
v -0.601354 0.134452 0.145002
v 0.253827 -0.363059 -0.202675
v -0.643557 0.044754 0.165824
v 0.475396 -0.276106 -0.128911
v 0.264248 -0.383801 -0.192220
v 0.201422 -0.380454 -0.161273
v 0.581097 -0.106756 -0.047479
v -0.112473 -0.052716 -0.122835
v 0.466913 -0.262569 -0.125974
v -0.493335 0.185740 0.082670
v -0.503251 0.172060 0.126426
v -0.697806 -0.040873 0.156608
v -0.460329 0.211417 0.118917
v -0.369559 0.199418 0.020154
v 0.456874 -0.281444 -0.103109
v 0.089889 -0.297669 -0.179551
v -0.218925 0.064040 -0.033926
v 0.016880 -0.220983 -0.175730
v 0.711803 0.173367 0.005359
v -0.386245 0.230223 0.078302
v 0.140283 -0.293219 -0.167836
v 0.739091 0.226576 0.027274
v 0.306114 -0.373682 -0.195510
v -0.510106 0.179135 0.114631
v -0.382902 0.212339 0.061060
v 0.294771 -0.378081 -0.182604
v -0.185895 0.087113 -0.068605
v 0.565318 -0.094104 -0.068576
v -0.014418 -0.165873 -0.132408
v -0.615096 0.041357 0.174651
v -0.476447 0.221884 0.071261
v 0.313334 -0.382690 -0.191140
v 0.366763 -0.359572 -0.163901
v 0.664582 0.076146 -0.010281
v 0.643338 -0.044399 -0.021566
v 0.158514 -0.369322 -0.174686
v 0.416182 -0.342025 -0.148704
v -0.373318 0.211601 0.043310
v 0.681443 0.097529 0.004593
v 0.599954 -0.030059 -0.058326
v 0.096084 -0.306229 -0.152763
v 0.408138 -0.336569 -0.131888
v 0.772713 0.219790 0.023412
v 0.502413 -0.214716 -0.114522
v 0.508526 -0.190960 -0.116639
v -0.074920 -0.098776 -0.103077
v 0.351831 -0.341343 -0.145088
v 0.532185 -0.153949 -0.072210
v -0.551585 0.135164 0.102220
v -0.502701 0.167279 0.093911
v -0.569284 0.145261 0.123186
v 0.302810 -0.361727 -0.156778
v 0.615669 -0.019797 -0.043390
v 0.743307 0.156884 0.019666
v 0.530754 -0.169240 -0.107768
v -0.097900 -0.057631 -0.116825
v -0.289518 0.186844 0.011993
v 0.521811 -0.171497 -0.074572
v -0.076659 -0.104663 -0.109942
v -0.619464 0.112462 0.146348
v 0.574485 -0.113882 -0.063234
v 0.355754 -0.386432 -0.178899
v 0.616226 -0.073851 -0.077397
v 0.575469 -0.127065 -0.067828
v -0.665038 -0.008332 0.152409
v 0.094657 -0.297995 -0.167468
v 0.522628 -0.141368 -0.076458
v -0.674596 0.022190 0.158242
v 0.193175 -0.359474 -0.181777
v 0.314780 -0.387779 -0.196175
v -0.805187 -0.161013 0.155908
v 0.471873 -0.228629 -0.095037
v 0.497047 -0.244052 -0.124567
v 0.704855 0.157254 0.016041
v -0.191164 0.095267 -0.047394
v 0.375181 -0.367919 -0.151577
v 0.471704 -0.260627 -0.128790
v -0.542872 0.134269 0.133737
v 0.053381 -0.258819 -0.150425
v -0.542859 0.129061 0.136939
v -0.738092 -0.111122 0.172650
v -0.753037 -0.155143 0.166499
v -0.414752 0.200670 0.052458
v 0.026927 -0.219758 -0.150451
v -0.440254 0.196813 0.054081
v -0.277309 0.151878 0.007812
v 0.449990 -0.291108 -0.114052
v 0.177679 -0.381723 -0.184491
v 0.572554 -0.105597 -0.057347
v -0.766589 -0.147924 0.201274
v 0.663666 0.046933 -0.023235
v -0.743701 -0.081995 0.191748
v -0.598387 0.097514 0.121262
v 0.188859 -0.349649 -0.196127
v 0.717435 0.152686 0.010681
v -0.181867 0.072402 -0.080065
v -0.388778 0.181586 0.049937
v 0.180277 -0.379291 -0.176349
v 0.282720 -0.385975 -0.192587
v -0.415664 0.219537 0.055265
v 0.361782 -0.367364 -0.167156
v 0.424380 -0.261786 -0.113054
v -0.309289 0.183348 0.011586
v 0.413352 -0.305643 -0.168351
v -0.168299 0.031043 -0.087318
v 0.282785 -0.356228 -0.151785
v -0.783547 -0.144286 0.174330
v -0.362810 0.200930 0.045200
v 0.029249 -0.180178 -0.136808
v -0.207801 0.088490 -0.065967
v 0.763257 0.238833 0.038476
v 0.508882 -0.160948 -0.114358
v 0.276800 -0.360435 -0.184436
v 0.651824 0.060255 -0.026225
v 0.513527 -0.187088 -0.083297
v -0.182354 0.021382 -0.092182
v -0.643687 0.037786 0.171104
v 0.462016 -0.258752 -0.138371
v 0.155852 -0.353312 -0.191883
v -0.160858 0.005070 -0.061585
v 0.578870 -0.091727 -0.051771
v 0.179245 -0.344006 -0.188236
v -0.178969 0.049816 -0.072448
v 0.102281 -0.261629 -0.192662
v -0.488256 0.206118 0.084217
v -0.615275 0.042712 0.136100
v 0.176731 -0.355307 -0.184380
v -0.034221 -0.136514 -0.140331
v 0.747388 0.218601 0.033054
v -0.789029 -0.206111 0.173374
v 0.449028 -0.277270 -0.129602
v -0.705381 -0.016220 0.182279
v -0.339101 0.178760 0.018006
v -0.019342 -0.131265 -0.119833
v -0.164824 0.025283 -0.060467
v 0.170802 -0.373404 -0.181663
v -0.267781 0.120481 0.001203
v 0.330531 -0.384904 -0.167858
v -0.136046 0.030678 -0.075998
v 0.436704 -0.281322 -0.134555
v -0.088869 -0.067592 -0.094553
v -0.632140 0.095502 0.125901
v -0.747899 -0.064402 0.176986
v -0.480379 0.215182 0.073425
v 0.570340 -0.090024 -0.061071
v -0.275137 0.140092 -0.023351
v -0.430359 0.196813 0.097706
v -0.001308 -0.197939 -0.151027
v 0.552114 -0.129755 -0.058616
v 0.218082 -0.347844 -0.190447
v 0.721798 0.158684 0.025851
v 0.494356 -0.237817 -0.126864
v -0.401977 0.229131 0.078158
v 0.041146 -0.253687 -0.152025
v 0.164421 -0.379054 -0.186222
v 0.281675 -0.360389 -0.169783
v 0.793147 0.218715 0.039200
v 0.140288 -0.303126 -0.176482
v -0.376243 0.202434 0.055984
v 0.138589 -0.316005 -0.167612
v 0.511391 -0.215140 -0.092503
v 0.239774 -0.363926 -0.170567
v 0.435445 -0.329023 -0.138395
v -0.553534 0.135419 0.140999
v 0.092365 -0.303019 -0.183135
v 0.455046 -0.287214 -0.118260
v 0.593600 -0.089943 -0.090583
v 0.558052 -0.166650 -0.071349
v 0.438524 -0.280773 -0.107394
v -0.706253 -0.080805 0.176116
v -0.544987 0.143846 0.123961
v 0.633669 -0.035592 -0.055360
v 0.123390 -0.309263 -0.165617
v -0.270628 0.173807 -0.004495
v 0.638645 0.006949 -0.031984
v -0.756063 -0.164162 0.154458
v -0.253134 0.135299 -0.004912
v 0.646911 0.005724 -0.055231
v 0.501540 -0.234929 -0.098354
v 0.053531 -0.259682 -0.185789
v 0.084628 -0.285800 -0.161046
v 0.663370 0.068661 0.002746
v -0.626265 0.063503 0.171815
v 0.482257 -0.232893 -0.088428
v -0.590537 0.102341 0.143074
v -0.557296 0.150857 0.149350
v -0.345008 0.219189 0.053105
v -0.524591 0.133424 0.130448
v 0.027257 -0.190742 -0.158189
v 0.778349 0.276260 0.048641
v -0.497645 0.179880 0.100465
v 0.533863 -0.212894 -0.075279
v -0.221894 0.083692 -0.076783
v 0.186437 -0.358323 -0.202230
v -0.163675 0.019567 -0.098163
v 0.129106 -0.329498 -0.193719
v 0.353988 -0.359307 -0.179676
v -0.010435 -0.184323 -0.159950
v 0.340356 -0.380643 -0.167002
v 0.589396 -0.089012 -0.073600
v 0.068347 -0.267318 -0.157867
v 0.542751 -0.162463 -0.071580
v 0.126298 -0.323026 -0.158101
v -0.741795 -0.130814 0.166966
v 0.737397 0.183950 0.008999
v -0.566166 0.103866 0.162970
v -0.455019 0.190651 0.092800
v 0.681680 0.060650 0.015460
v 0.661122 0.002324 -0.043748
v -0.206329 0.063866 -0.043504
v 0.758159 0.207045 0.040064
v 0.756092 0.185712 0.032376
v 0.628500 -0.029482 -0.036710
v 0.345013 -0.348381 -0.179914
v 0.572297 -0.113855 -0.049022
v -0.120906 -0.058240 -0.103521
v 0.307878 -0.384569 -0.170941
v 0.704546 0.088820 -0.008895
v 0.042184 -0.231350 -0.135711
v 0.241409 -0.355350 -0.175101
v 0.503833 -0.195937 -0.093697
v 0.741466 0.196827 0.044281
v -0.002349 -0.159820 -0.154169
v -0.102051 -0.006202 -0.095259
v 0.620033 -0.074814 -0.045131
v -0.314036 0.148842 0.007138
v 0.711774 0.174319 0.024536
v 0.347127 -0.349561 -0.135480
v -0.064276 -0.089123 -0.095299
v -0.427226 0.222353 0.049892
v 0.461101 -0.279436 -0.117916
v -0.648002 -0.002203 0.170520
v -0.292414 0.175305 -0.004974
v 0.231030 -0.389223 -0.152848
v 0.708631 0.096746 -0.017882
v -0.675855 0.008969 0.146700
v 0.104359 -0.314069 -0.175481
v 0.127646 -0.334647 -0.164215
v -0.373874 0.208453 0.028911
v 0.050570 -0.288607 -0.146638
v -0.747995 -0.123483 0.182021
v 0.375535 -0.346535 -0.131921
v 0.166727 -0.343265 -0.188779
v -0.572894 0.098202 0.154696
v 0.026005 -0.200404 -0.162658
v -0.074734 -0.082653 -0.100518
v 0.670434 0.034558 -0.029337
v -0.493773 0.170577 0.106420
v -0.472963 0.198684 0.075804
v 0.173678 -0.346054 -0.156622
v -0.692039 -0.011779 0.170659
v 0.045739 -0.263408 -0.154586
v 0.664800 0.054816 -0.037332
v 0.525547 -0.161054 -0.089713
v 0.414150 -0.323062 -0.136670
v -0.791775 -0.189136 0.194619
v -0.200335 0.107051 -0.041980
v 0.601238 -0.087108 -0.050407
v -0.271165 0.122330 -0.008854
v -0.511340 0.146737 0.131922
v 0.552387 -0.136224 -0.073424
v -0.068199 -0.117660 -0.105693
v 0.162504 -0.369167 -0.156997
v 0.305609 -0.361757 -0.157790
v 0.514603 -0.151691 -0.090051
v 0.646058 -0.012776 -0.037134
v -0.373611 0.226667 0.030645
v 0.429518 -0.286271 -0.155373
v 0.706493 0.145721 -0.009601
v 0.699786 0.134716 -0.000087
v 0.182022 -0.373258 -0.161316
v 0.683638 0.118634 -0.004657
v -0.751654 -0.130893 0.201318
v 0.722258 0.109840 0.001942
v -0.010565 -0.141478 -0.152637
v -0.482938 0.170413 0.109640
v 0.023545 -0.186658 -0.171227
v -0.030840 -0.166506 -0.133923
v 0.331597 -0.381009 -0.188868
v 0.527210 -0.163913 -0.094609
v -0.082779 -0.093091 -0.136919
v 0.359597 -0.330069 -0.140113
v -0.021337 -0.131174 -0.144836
v -0.100422 -0.048136 -0.074412
v -0.357463 0.213989 0.049072
v -0.602913 0.081515 0.130362
v -0.235993 0.118625 -0.014753
v -0.600191 0.090542 0.125202
v 0.353585 -0.346718 -0.165770
v -0.575123 0.107282 0.160864
v -0.259555 0.103420 -0.040686
v 0.510026 -0.224403 -0.130358
v -0.267225 0.155409 0.003805
v -0.083242 -0.086096 -0.131203
v -0.019766 -0.176216 -0.129610
v 0.272971 -0.389388 -0.171137
v 0.758087 0.162863 0.035020
v 0.165725 -0.377008 -0.156807
v 0.680161 0.046619 -0.027961
v -0.286522 0.162399 0.001244
v -0.716319 -0.093452 0.162315
v 0.222349 -0.355352 -0.197310
v 0.622949 -0.040420 -0.038613
v 0.568038 -0.104542 -0.069202
v -0.760733 -0.103906 0.180187
v -0.528543 0.168817 0.127236
v 0.033820 -0.227811 -0.132889
v -0.015014 -0.146212 -0.115957
v -0.447213 0.212163 0.076071
v 0.726289 0.116236 -0.013869
v -0.213164 0.104000 -0.064695
v -0.224408 0.110565 -0.049000
v 0.472259 -0.226418 -0.095123
v 0.363795 -0.362403 -0.167190
v -0.553801 0.103731 0.125585
v -0.657976 0.007585 0.140342
v -0.420283 0.191645 0.070999
v -0.082691 -0.121840 -0.125087
v 0.009245 -0.222643 -0.140556
v 0.638767 -0.006330 -0.021519
v -0.212513 0.096591 -0.051421
v 0.602487 -0.103265 -0.060132
v 0.031261 -0.196744 -0.153534
v 0.642132 0.013573 -0.039414
v 0.063081 -0.278999 -0.186104
v -0.071798 -0.107793 -0.142378
v 0.470954 -0.243085 -0.115639
v 0.769427 0.198486 0.017545
v -0.520097 0.171738 0.122180
v 0.404669 -0.313116 -0.138621
v 0.486907 -0.236533 -0.108134
v -0.419432 0.195214 0.050622
v 0.255435 -0.392677 -0.174299
v 0.616394 -0.008756 -0.048181
v -0.131944 -0.000542 -0.079090
v 0.597953 -0.027909 -0.059634
v 0.710590 0.102210 -0.008326
v 0.510968 -0.211715 -0.095817
v -0.513922 0.193199 0.128918
v -0.113587 -0.068561 -0.128254
v -0.723975 -0.035239 0.171482
v 0.043085 -0.255660 -0.159083
v 0.623956 -0.005286 -0.034907
v 0.651121 0.025451 -0.004715
v 0.384326 -0.305928 -0.149291
v 0.483086 -0.255628 -0.137505
v 0.601660 -0.038335 -0.043043
v 0.722804 0.109420 0.002311
v 0.102740 -0.320989 -0.160897
v 0.321534 -0.368580 -0.181426
v 0.214601 -0.396255 -0.162756
v 0.425848 -0.310103 -0.160200
v -0.364887 0.219260 0.038213
v 0.521236 -0.205170 -0.123731
v -0.676987 -0.045185 0.155567
v 0.384659 -0.331985 -0.180287
v -0.557396 0.151554 0.143188
v 0.131420 -0.354396 -0.186566
v -0.027562 -0.125176 -0.148396
v 0.164145 -0.381860 -0.183841
v -0.062325 -0.115348 -0.148491
v 0.730123 0.156571 0.009511
v -0.571778 0.122288 0.139441
v 0.318660 -0.373689 -0.159216
v -0.709103 -0.047826 0.152991
v -0.624530 0.055550 0.135913
v -0.595386 0.087251 0.158893
v 0.280025 -0.368201 -0.155323
v -0.477129 0.203809 0.074860
v 0.111587 -0.318901 -0.171815
v 0.254307 -0.362222 -0.161605
v 0.422819 -0.270097 -0.141086
v -0.650044 0.063559 0.166687
v 0.182588 -0.375485 -0.204563
v 0.287977 -0.398879 -0.187052
v -0.576909 0.108803 0.153603
v -0.189853 0.102390 -0.031476
v -0.682266 -0.021523 0.185448
v -0.448263 0.207127 0.066442
v 0.311125 -0.399149 -0.189250
v 0.731149 0.171557 0.024472
v -0.234242 0.097749 -0.051357
v 0.664033 0.043407 0.009889
v 0.634890 -0.052286 -0.019731
v 0.684419 0.076485 -0.023519
v -0.430966 0.185613 0.076808
v -0.690628 -0.017049 0.168024
v 0.555262 -0.110094 -0.085389
v -0.342257 0.216200 0.020145
v -0.364098 0.222153 0.055246
v 0.213357 -0.365830 -0.190067
v -0.419249 0.214036 0.076282
v -0.151317 0.038387 -0.074153
v -0.190642 0.078514 -0.071814
v -0.082647 -0.036043 -0.116053
v -0.136104 -0.035830 -0.097600
v -0.612881 0.049011 0.151562
v -0.620357 0.083268 0.167775
v -0.000371 -0.235336 -0.132216
v 0.470740 -0.274288 -0.124930
v 0.401010 -0.321809 -0.137332
v 0.071839 -0.251892 -0.156909
v -0.101175 -0.095130 -0.102179
v 0.768937 0.193964 0.017793
v -0.734431 -0.100840 0.174015
v -0.454312 0.184656 0.091706
v -0.220671 0.089674 -0.053543
v 0.465392 -0.227315 -0.137780
v 0.088296 -0.299347 -0.170505
v -0.235171 0.106934 -0.050768
v -0.771481 -0.146002 0.162948
v 0.292290 -0.396250 -0.180070
v 0.537110 -0.194393 -0.110575
v -0.105359 -0.033273 -0.126836
v 0.137466 -0.311919 -0.166427
v -0.063390 -0.106582 -0.136067
v -0.128568 -0.032452 -0.092413
v 0.422909 -0.339761 -0.138440
v 0.247675 -0.393800 -0.200109
v 0.252443 -0.378081 -0.155869
v -0.680543 -0.011764 0.187500
v 0.198197 -0.395775 -0.192452
v 0.774265 0.264366 0.030569
v 0.176985 -0.340371 -0.189645
v 0.544295 -0.152670 -0.097747
v 0.194259 -0.344696 -0.171788
v -0.477622 0.202104 0.113151
v -0.185619 0.052945 -0.066255
v -0.208815 0.049535 -0.072282
v -0.722439 -0.082898 0.161210
v -0.530171 0.154412 0.127145
v 0.755752 0.182981 0.030773
v 0.683935 0.032259 -0.047303
v 0.358933 -0.381539 -0.166718
v 0.788888 0.204980 0.043605
v 0.040905 -0.212364 -0.169873
v -0.679817 0.007190 0.170545
v -0.740950 -0.120798 0.158046
v 0.711248 0.107438 0.008979
v -0.414446 0.220822 0.071762
v 0.172006 -0.326634 -0.180592
v -0.584833 0.157450 0.156423
v 0.371406 -0.340971 -0.131839
v 0.684896 0.092857 0.008800
v 0.774217 0.206484 0.019934
v -0.565923 0.117926 0.157273
v -0.229661 0.130648 -0.035536
v -0.095092 -0.058753 -0.132302
v -0.508286 0.156405 0.093759
v -0.042444 -0.149395 -0.113655
v 0.541403 -0.166498 -0.078247
v -0.646196 0.008964 0.144185
v 0.634301 -0.016404 -0.027126
v 0.156016 -0.325221 -0.196048
v 0.356534 -0.329944 -0.148693
v 0.564921 -0.154093 -0.101172
v -0.221905 0.099513 -0.023320
v 0.460363 -0.266188 -0.144281
v 0.646456 -0.014225 -0.044890
v 0.639567 -0.010660 -0.047589
v -0.215831 0.093824 -0.053621
v 0.582321 -0.096973 -0.085116
v 0.243236 -0.354171 -0.169388
v -0.341645 0.189269 0.013990
v -0.370680 0.180763 0.040371
v -0.321932 0.144836 0.003138
v -0.654348 0.076805 0.149541
v 0.432355 -0.314729 -0.137964
v -0.599781 0.101191 0.160060
v -0.443065 0.206904 0.079176
v 0.201545 -0.376945 -0.191802
v -0.008232 -0.127597 -0.136723
v 0.117446 -0.309989 -0.196342
v -0.334438 0.198284 0.015718
v 0.421940 -0.322117 -0.129210
v 0.175247 -0.320261 -0.159889
v 0.323974 -0.376631 -0.151012
v 0.623194 0.012287 -0.061465
v -0.389965 0.187163 0.043349
v 0.504191 -0.191021 -0.072232
v -0.364429 0.180197 0.011916
v -0.653327 0.019062 0.143534
v -0.360944 0.194125 0.016179
v -0.686132 -0.036971 0.191577
v 0.409655 -0.346309 -0.158995
v 0.073835 -0.250272 -0.160818
v 0.741756 0.169895 0.015184
v 0.061690 -0.299945 -0.179197
v 0.051918 -0.202762 -0.137122
v 0.217032 -0.359075 -0.157627
v 0.079287 -0.268226 -0.150726
v -0.377876 0.203105 0.062431
v -0.073930 -0.061563 -0.117257
v 0.607552 -0.024845 -0.052287
v -0.290316 0.148509 0.004730
v 0.364787 -0.377810 -0.149490
v -0.042523 -0.126619 -0.138835
v 0.304190 -0.396388 -0.190114
v 0.270519 -0.362675 -0.170574
v 0.449443 -0.307002 -0.142768
v -0.132269 -0.011774 -0.084623
v -0.390532 0.183903 0.046310
v -0.716651 -0.063520 0.164591
v -0.581064 0.120466 0.123565
v -0.336875 0.181247 0.035588
v 0.468855 -0.264672 -0.127775
v -0.026494 -0.163562 -0.156177
v -0.762507 -0.171206 0.175711
v -0.204487 0.087687 -0.026618
v 0.128062 -0.319384 -0.182514
v -0.432765 0.220089 0.056560
v -0.572779 0.101312 0.157393
v 0.615581 -0.042935 -0.070644
v -0.119996 -0.031860 -0.096790
v -0.260185 0.128961 -0.041732
v 0.320431 -0.391882 -0.184700
v -0.530442 0.194218 0.129710
v -0.095841 -0.019835 -0.100170
v -0.144832 0.032031 -0.083144
v -0.650306 0.066213 0.136111
v -0.180365 0.081280 -0.030648
v 0.054308 -0.253701 -0.183260
v 0.440760 -0.333645 -0.141114
v 0.020837 -0.205210 -0.129198
v -0.576706 0.086178 0.148868
v 0.704034 0.128100 -0.020457
v 0.480368 -0.211006 -0.117969
v -0.395799 0.220691 0.023026
v 0.389691 -0.370132 -0.153864
v -0.420922 0.206118 0.059908
v -0.242412 0.119848 -0.017289
v -0.720345 -0.050082 0.181544
v -0.222170 0.088927 -0.059509
v -0.599676 0.107032 0.146639
v 0.598941 -0.040812 -0.029972
v -0.715770 -0.079704 0.165244
v -0.204506 0.082020 -0.066786
v -0.466102 0.172043 0.121097
v -0.542692 0.142175 0.142094
v 0.195467 -0.335543 -0.170654
v 0.209044 -0.384883 -0.183040
v 0.450894 -0.301443 -0.142433
v 0.238538 -0.376666 -0.202845
v 0.590930 -0.088097 -0.078457
v -0.684822 -0.002378 0.175843
v -0.685415 -0.036730 0.166016
v -0.427814 0.199954 0.065018
v -0.741436 -0.097450 0.163977
v 0.350851 -0.376353 -0.153995
v -0.415512 0.226375 0.048580
v 0.590703 -0.092553 -0.058150
v 0.034281 -0.217872 -0.154329
v -0.321181 0.209761 0.015630
v -0.536695 0.188897 0.139418
v -0.384981 0.221871 0.031020
v 0.049210 -0.272843 -0.156786
v -0.441863 0.206177 0.058549
v 0.310767 -0.363254 -0.163063
v -0.409734 0.191028 0.061197
v 0.011796 -0.169232 -0.135090
v 0.489643 -0.235363 -0.107676
v 0.005938 -0.192941 -0.143407
v -0.677866 -0.050992 0.175565
v -0.588481 0.099993 0.138810
v -0.586109 0.096010 0.118152
v 0.371150 -0.337023 -0.161938
v -0.407397 0.228023 0.069934
v 0.242536 -0.395559 -0.191951
v 0.088981 -0.281406 -0.148399
v 0.255248 -0.386378 -0.161450
v 0.713251 0.143023 0.006464
v 0.000963 -0.208749 -0.131822
v -0.550490 0.178587 0.095436
v -0.412521 0.183256 0.082090
v -0.185798 0.037025 -0.044446
v 0.019246 -0.190659 -0.146815
v 0.482303 -0.241153 -0.137749
v -0.676448 0.005724 0.179179
v -0.317114 0.177817 0.024077
v 0.693184 0.086142 -0.028837
v -0.006096 -0.204923 -0.154863
v 0.419531 -0.315818 -0.160300
v -0.286754 0.176972 0.019471
v 0.440912 -0.274012 -0.107835
v -0.756192 -0.159768 0.163470
v -0.192128 0.107646 -0.028729
v 0.138199 -0.353630 -0.200973
v 0.299246 -0.353685 -0.162335
v -0.145068 -0.040954 -0.086844
v 0.655778 0.025407 -0.039774
v 0.569813 -0.162876 -0.095039
v 0.494503 -0.243595 -0.103533
v 0.680406 0.076357 -0.015182
v 0.012221 -0.214689 -0.143753
v -0.109754 -0.043477 -0.118118
v 0.058247 -0.243632 -0.178648
v 0.185339 -0.351028 -0.177261
v 0.093850 -0.283257 -0.188982
v 0.055728 -0.233228 -0.145425
v -0.707232 0.001750 0.164569
v -0.201971 0.101149 -0.025381
v -0.757867 -0.156536 0.200923
v -0.568619 0.124233 0.134345
v 0.565385 -0.124437 -0.060685
v -0.525430 0.206959 0.108998
v -0.768469 -0.164539 0.173350
v -0.598638 0.119984 0.129487
v -0.274166 0.165115 -0.003832
v 0.338254 -0.386681 -0.175422
v 0.177600 -0.367875 -0.170163
v 0.538228 -0.174236 -0.083432
v 0.169551 -0.340167 -0.193711
v -0.552388 0.116426 0.141085
v -0.065595 -0.055862 -0.093562
v -0.365495 0.192984 0.024750
v 0.509623 -0.200057 -0.098433
v 0.526961 -0.148752 -0.107363
v 0.533952 -0.121729 -0.087414
v 0.539323 -0.197363 -0.080491
v -0.703644 -0.014453 0.190869
v -0.121454 0.006512 -0.099170
v -0.564999 0.115159 0.123428
v -0.536272 0.148128 0.133974
v 0.435329 -0.284301 -0.122179
v 0.728353 0.107194 0.016516
v 0.334341 -0.378577 -0.165079
v -0.155124 0.070712 -0.053188
v -0.203900 0.057924 -0.061450
v 0.109834 -0.274452 -0.191605
v 0.142714 -0.308717 -0.157008
v 0.597914 -0.018548 -0.066849
v -0.523469 0.201297 0.119141
v -0.420293 0.221550 0.052321
v 0.096199 -0.330733 -0.194500
v -0.121004 -0.058074 -0.077530
v -0.379686 0.231424 0.029397
v 0.020948 -0.188592 -0.156452
v -0.315607 0.169766 0.020957
v -0.046025 -0.112548 -0.108747
v -0.159025 -0.007962 -0.063591
v 0.421257 -0.289291 -0.113691
v 0.469584 -0.271277 -0.120816
v 0.503184 -0.250720 -0.091291
v 0.339101 -0.365047 -0.180311
v -0.234054 0.121672 -0.049234
v -0.508505 0.169502 0.132482
v 0.465293 -0.273989 -0.124520
v 0.597192 -0.027898 -0.067598
v 0.043185 -0.253103 -0.157556
v -0.741268 -0.112571 0.178965
v 0.808385 0.252099 0.068260
v 0.007766 -0.166673 -0.156503
v -0.414381 0.221850 0.080829
v 0.554990 -0.145077 -0.099424
v -0.268336 0.139746 -0.030573
v -0.726801 -0.062643 0.166940
v -0.222391 0.080932 -0.062133
v 0.524146 -0.184656 -0.105049
v 0.405413 -0.301779 -0.126861
v 0.377296 -0.342619 -0.135749
v -0.661265 0.027533 0.171798
v 0.685984 0.137183 -0.020513
v -0.284599 0.171980 -0.005393
v -0.703492 -0.075516 0.149603
v 0.340886 -0.373691 -0.145180
v 0.701400 0.067786 -0.020968
v -0.819825 -0.216503 0.176886
v -0.283310 0.171059 0.017468
v -0.721871 -0.049280 0.187627
v 0.649304 0.034179 -0.031009
v 0.335313 -0.339419 -0.136752
v 0.256802 -0.392209 -0.171315
v 0.164816 -0.372589 -0.157084
v 0.000950 -0.157039 -0.124201
v -0.055550 -0.084658 -0.113590
v 0.137127 -0.357822 -0.190674
v 0.379882 -0.347516 -0.150458
v 0.737930 0.177525 0.031612
v -0.770971 -0.163511 0.154812
v -0.220980 0.140657 -0.035716
v 0.020308 -0.183319 -0.170772
v 0.074761 -0.244235 -0.142068
v 0.776618 0.240064 0.066971
v 0.728710 0.173231 0.007356
v -0.198566 0.061119 -0.061522
v -0.708975 0.005071 0.172235
v 0.131381 -0.323785 -0.178493
v 0.678624 0.018332 -0.018870
v 0.346281 -0.383142 -0.151269
v -0.414433 0.197039 0.071780
v 0.369471 -0.352628 -0.157718
v -0.333586 0.214055 0.014983
v -0.464816 0.205754 0.070466
v 0.539765 -0.139861 -0.092321
v 0.229035 -0.393307 -0.194233
v -0.205072 0.088355 -0.075284
v -0.628909 0.044299 0.133213
v -0.478816 0.193191 0.088807
v 0.453229 -0.242706 -0.143554
v 0.356163 -0.363347 -0.132359
v -0.116354 -0.023109 -0.118676
v 0.424939 -0.282892 -0.137124
v -0.428666 0.228827 0.041051
v -0.185871 0.025301 -0.049140
v -0.340539 0.218907 0.049031
v -0.056826 -0.065885 -0.116408
v 0.768792 0.232411 0.057982
v -0.654966 0.026059 0.158956
v -0.554699 0.185077 0.106904
v 0.292774 -0.366403 -0.155965
v -0.580153 0.126632 0.115265
v -0.062722 -0.126170 -0.118059
v -0.800998 -0.217529 0.172210
v -0.529951 0.158154 0.107527
v -0.086810 -0.056555 -0.086561
v 0.344437 -0.360111 -0.136972
v 0.458195 -0.246723 -0.113277
v 0.301510 -0.381539 -0.157856
v -0.009416 -0.195983 -0.144759
v -0.665088 -0.001967 0.177568
v 0.302950 -0.366638 -0.190690
v 0.066844 -0.309302 -0.144665
v -0.269712 0.136265 -0.009091
v 0.151996 -0.347087 -0.185214
v 0.708594 0.120094 0.024579
v 0.474735 -0.208980 -0.121583
v -0.734729 -0.059640 0.156956
v 0.389514 -0.341152 -0.140910
v 0.185900 -0.353357 -0.162840
v -0.426054 0.189918 0.061247
v -0.356757 0.187478 0.017143
v -0.576848 0.110513 0.122475
v -0.102989 -0.022301 -0.088607
v -0.510437 0.172400 0.105636
v -0.802321 -0.179830 0.157149
v 0.709161 0.087570 -0.018798
v 0.347005 -0.342980 -0.179759
v 0.588482 -0.049953 -0.077854
v 0.424486 -0.303297 -0.138292
v -0.737071 -0.091604 0.184102
v 0.512027 -0.171532 -0.110001
v 0.522929 -0.185852 -0.073855
v -0.644610 0.021060 0.138018
v -0.780237 -0.134153 0.174593
v 0.622826 -0.028697 -0.049811
v -0.189602 0.088957 -0.075345
v 0.400063 -0.344628 -0.131856
v -0.361020 0.216995 0.059796
v -0.698636 -0.044083 0.173298
v 0.467485 -0.255717 -0.114374
v -0.004916 -0.182523 -0.152770
v 0.563053 -0.127506 -0.085711
v 0.424575 -0.325883 -0.133912
v 0.666984 0.083145 -0.012224
v -0.231167 0.089318 -0.030884
v -0.384621 0.204447 0.048107
v 0.776757 0.214255 0.022321
v -0.444607 0.181552 0.084231
v -0.199233 0.054586 -0.073833
v -0.565393 0.095303 0.130075
v -0.579205 0.129581 0.115016
v 0.518174 -0.169601 -0.083797
v -0.390947 0.212777 0.058709
v 0.240720 -0.372023 -0.180064
v 0.800644 0.230559 0.055732
v 0.670864 0.070716 -0.015952
v 0.492289 -0.190639 -0.090606
v -0.393078 0.196843 0.030709
v -0.562351 0.137686 0.163064
v 0.742906 0.188847 0.010816
v 0.036852 -0.256826 -0.175421
v 0.519824 -0.220592 -0.124854
v 0.552543 -0.162584 -0.093837
v -0.190882 0.072171 -0.056298
v 0.385230 -0.347374 -0.168087
v -0.273003 0.151169 0.003189
v 0.464393 -0.231009 -0.096404
v 0.239514 -0.380435 -0.192742
v -0.208240 0.102165 -0.057275
v 0.694642 0.086196 0.017409
v -0.712837 -0.046183 0.149839
v -0.257291 0.131027 -0.007305
v 0.137563 -0.290058 -0.152959
v -0.330464 0.167687 0.018585
v 0.144666 -0.319159 -0.174298
v -0.147468 0.018751 -0.056565
v -0.419093 0.232669 0.046387
v -0.200421 0.113558 -0.061232
v -0.162654 0.047742 -0.039105
v 0.733384 0.148700 0.001993
v 0.657665 0.011558 -0.046110
v -0.302777 0.175303 -0.026040
v 0.092515 -0.289558 -0.185992
v 0.746714 0.139174 0.022966
v 0.279113 -0.356263 -0.155436
v 0.653709 0.036718 -0.022618
v 0.057991 -0.253696 -0.177976
v -0.556593 0.171442 0.116139
v 0.630665 0.013363 -0.022170
v -0.367174 0.213678 0.056095
v -0.722364 -0.065319 0.157834
v 0.252761 -0.402250 -0.177336
v 0.493378 -0.230288 -0.130939
v -0.090816 -0.061182 -0.115993
v -0.297323 0.154166 -0.029748
v 0.664928 0.009771 -0.010722
v 0.336190 -0.356409 -0.145650
v -0.678011 -0.043536 0.178537
v 0.230538 -0.404544 -0.194887
v 0.554045 -0.129324 -0.080957
v -0.280210 0.183069 -0.025597
v -0.767592 -0.106325 0.188024
v -0.581608 0.107648 0.147914
v 0.183417 -0.344106 -0.159564
v -0.497559 0.198819 0.090176
v -0.539542 0.128618 0.139642
v 0.145817 -0.335172 -0.160887
v 0.446747 -0.259159 -0.102129
v -0.216739 0.123377 -0.050065
v -0.441141 0.215202 0.082212
v -0.081724 -0.076184 -0.108456
v 0.147749 -0.360177 -0.180653
v 0.329308 -0.358908 -0.155344
v -0.452865 0.202690 0.076593
v 0.753666 0.169994 0.008500
v 0.739075 0.184817 0.040083
v 0.441699 -0.262785 -0.140027
v 0.559721 -0.137783 -0.074160
v -0.570458 0.154587 0.150065
v 0.754888 0.234037 0.047478
v 0.195536 -0.392043 -0.161933
v 0.283044 -0.384676 -0.165777
v -0.362602 0.219389 0.044005
v -0.268413 0.136818 -0.025190
v 0.737618 0.194737 0.011792
v 0.744637 0.141429 0.020101
v 0.396612 -0.293446 -0.150953
v 0.802526 0.237378 0.058159
v 0.273273 -0.363377 -0.192441
v 0.728618 0.150320 0.034887
v 0.213345 -0.376396 -0.172082
v 0.627461 0.023459 -0.019017
v -0.019002 -0.160340 -0.126149
v 0.039094 -0.235576 -0.160925
v -0.645918 0.056865 0.146478
v 0.593324 -0.096020 -0.063393
v -0.305988 0.163708 -0.024374
v -0.188349 0.035250 -0.050237
v 0.248814 -0.364939 -0.177881
v -0.237237 0.105176 -0.032741
v -0.737026 -0.078122 0.190372
v 0.706838 0.094191 -0.004242
v 0.331209 -0.354236 -0.138791
v -0.256033 0.106634 -0.005124
v -0.642837 0.033988 0.146942
v -0.283979 0.152184 -0.023482
v -0.061517 -0.153339 -0.144864
v -0.121730 -0.067502 -0.097528
v 0.223051 -0.368152 -0.198851
v -0.285990 0.178032 0.017135
v -0.089674 -0.038224 -0.098636
v 0.230925 -0.374931 -0.177713
v -0.471760 0.202298 0.083425
v -0.667058 0.017112 0.147269
v 0.252002 -0.403186 -0.155383
v 0.335916 -0.372846 -0.170073
v 0.064135 -0.251032 -0.143736
v 0.714374 0.131049 0.012814
v -0.325208 0.152710 0.016875
v -0.289476 0.172180 -0.006140
v 0.463867 -0.283203 -0.143207
v -0.745858 -0.101441 0.192384
v 0.438668 -0.292920 -0.106805
v 0.098669 -0.276695 -0.172344
v 0.312606 -0.369137 -0.160392
v -0.176512 0.045763 -0.076293
v -0.154918 0.031669 -0.056220
v 0.595153 -0.021438 -0.052831
v -0.234375 0.099434 -0.013661
v -0.751823 -0.119894 0.187477
v -0.070703 -0.108418 -0.104489
v 0.109897 -0.277660 -0.174819
v -0.617395 0.076013 0.135089
v 0.299650 -0.389052 -0.158939
v 0.160654 -0.354530 -0.185269
v -0.558526 0.150522 0.109187
v -0.296092 0.199639 0.017269
v 0.671902 0.049127 -0.015771
v -0.268688 0.161710 -0.024976
v -0.114674 -0.051786 -0.115599
v 0.662970 0.018292 -0.042357
v -0.409514 0.226625 0.054820
v -0.145765 0.042187 -0.060306
v -0.401783 0.226575 0.050861
v -0.092255 -0.059391 -0.096502
v -0.376638 0.213659 0.051498
v 0.080477 -0.317816 -0.179458
v -0.122523 -0.013643 -0.070940
v 0.789774 0.230977 0.059016
v 0.053723 -0.239082 -0.169123
v -0.658823 0.075373 0.159686
v -0.583894 0.085488 0.142355
v -0.739296 -0.065893 0.176672
v -0.485139 0.202462 0.095474
v -0.039532 -0.107492 -0.148446
v -0.431760 0.197556 0.057032
v -0.291536 0.159971 0.012886
v 0.122666 -0.321006 -0.160428
v -0.248948 0.090488 -0.027151
v -0.043723 -0.083163 -0.121100
v 0.136365 -0.335886 -0.171544
v 0.566525 -0.149084 -0.088547
v 0.510998 -0.221492 -0.088165
v -0.389229 0.195673 0.033966
v -0.281996 0.130751 -0.027198
v 0.060813 -0.244224 -0.174744
v -0.489852 0.162923 0.117197
v -0.564930 0.100933 0.137583
v -0.511693 0.187402 0.084923
v -0.431277 0.211784 0.071093
v 0.324084 -0.380829 -0.153465
v 0.506546 -0.157088 -0.067241
v 0.252338 -0.359514 -0.174996
v -0.338409 0.219621 0.011407
v 0.467032 -0.221834 -0.112051
v 0.601050 -0.037309 -0.018535
v -0.299569 0.157677 -0.004174
v 0.487039 -0.229218 -0.135739
v 0.509582 -0.218990 -0.109372
v -0.497541 0.189170 0.123072
v 0.398990 -0.330279 -0.116115
v 0.184462 -0.384338 -0.198273
v -0.133388 0.012071 -0.058790
v -0.446472 0.195062 0.071176
v -0.682034 -0.016651 0.166061
v -0.048288 -0.114621 -0.101271
v -0.573889 0.131942 0.148610
v -0.275766 0.143981 -0.013533
v -0.229885 0.107309 -0.067821
v -0.426585 0.221081 0.087638
v -0.550544 0.154717 0.138652
v 0.445179 -0.252540 -0.122024
v 0.729455 0.141713 0.023042
v 0.643453 0.046807 -0.035119
v -0.523696 0.146938 0.141673
v -0.690700 -0.036601 0.193091
v -0.366536 0.204513 0.061683
v -0.616588 0.058556 0.166586
v -0.298194 0.139500 0.006541
v 0.179266 -0.324982 -0.201159
v -0.222302 0.105016 -0.021335
v -0.544580 0.151138 0.120630
v 0.573740 -0.087423 -0.053079
v 0.488510 -0.224782 -0.118605
v 0.402286 -0.324992 -0.140755
v 0.405554 -0.338407 -0.144643
v -0.064338 -0.100660 -0.131373
v -0.612717 0.083678 0.144469
v 0.722715 0.185512 0.049833
v 0.099845 -0.269490 -0.190776
v 0.689929 0.025286 -0.001364
v 0.579963 -0.084307 -0.050984
v 0.696965 0.082217 -0.000106
v 0.178673 -0.370355 -0.175020
v 0.396220 -0.362157 -0.172974
v -0.498930 0.193976 0.126807
v -0.397485 0.192309 0.031891
v 0.553931 -0.128016 -0.086927
v 0.295858 -0.392124 -0.154425
v -0.165094 0.083230 -0.050034
v -0.795609 -0.211201 0.203803
v -0.331775 0.206821 -0.007745
v 0.004454 -0.187233 -0.142780
v -0.282502 0.123177 -0.033038
v 0.581983 -0.107151 -0.067834
v -0.235419 0.138705 -0.048687
v 0.290835 -0.373337 -0.152507
v -0.157649 0.019756 -0.052009
v 0.147199 -0.356448 -0.194063
v 0.672759 0.074515 -0.031657
v -0.243411 0.100869 -0.022129
v -0.261951 0.135544 -0.051406
v 0.250227 -0.358704 -0.195530
v -0.364093 0.214380 0.046804
v 0.415686 -0.314169 -0.144219
v 0.421978 -0.318786 -0.144765
v -0.047754 -0.122571 -0.128297
v 0.533805 -0.173902 -0.072473
v -0.737758 -0.095648 0.163822
v 0.030311 -0.209479 -0.173025
v -0.492031 0.204698 0.105797
v -0.746653 -0.091592 0.193842
v 0.309848 -0.353717 -0.186678
v 0.540524 -0.108815 -0.062122
v -0.214815 0.089958 -0.033961
v 0.339882 -0.346500 -0.161183
v 0.081828 -0.262513 -0.186781
v 0.402208 -0.313363 -0.135256
v -0.715955 -0.057437 0.153955
v 0.513960 -0.143710 -0.103371
v 0.705688 0.077685 -0.001616
v -0.014698 -0.141160 -0.120738
v 0.742511 0.149115 0.038612
v 0.412048 -0.344843 -0.149420
v -0.603308 0.089121 0.148828
v 0.340580 -0.379957 -0.183193
v -0.516883 0.157712 0.098268
v 0.180370 -0.342011 -0.198962
v 0.394265 -0.324511 -0.150826
v 0.597288 -0.117236 -0.048655
v -0.069309 -0.073640 -0.106818
v 0.751707 0.211523 0.015122
v -0.532671 0.134563 0.126758
v -0.690020 -0.055260 0.148706
v 0.284507 -0.402507 -0.195727
v 0.710394 0.101328 -0.016465
v -0.147704 0.011924 -0.066784
v -0.293407 0.139530 -0.011308
v -0.413601 0.230010 0.071065
v -0.545161 0.170789 0.107200
v 0.458731 -0.302234 -0.131564
v 0.050981 -0.233022 -0.148674
v 0.711590 0.076171 -0.000772
v 0.642357 -0.024697 -0.023330
v 0.296218 -0.395890 -0.159020
v -0.135636 0.013949 -0.075982
v 0.636410 -0.020653 -0.035956
v 0.412593 -0.300040 -0.148098
v 0.106697 -0.300133 -0.144409
v -0.488014 0.200395 0.089114
v -0.433587 0.186337 0.078170
v 0.036504 -0.207124 -0.165468
v 0.390893 -0.362238 -0.153294
v 0.346408 -0.345067 -0.188481
v 0.723382 0.136276 0.021242
v -0.117555 -0.023960 -0.090425
v -0.770019 -0.181348 0.159933
v 0.235023 -0.366574 -0.172008
v -0.055428 -0.118045 -0.128180
v -0.014398 -0.166129 -0.151339
v 0.572329 -0.116441 -0.084042
v 0.241096 -0.372330 -0.152569
v 0.497588 -0.198347 -0.105367
v 0.720308 0.137940 -0.002142
v 0.595541 -0.096522 -0.068828
v -0.467539 0.201230 0.112821
v -0.548680 0.161261 0.131772
v 0.180691 -0.372021 -0.190083
v -0.563511 0.093605 0.127671
v -0.026471 -0.135350 -0.126812
v 0.773372 0.245989 0.058986
v -0.021788 -0.148011 -0.132142
v -0.299825 0.162696 -0.002421
v 0.192040 -0.366569 -0.201119
v 0.029631 -0.186408 -0.132939
v -0.621827 0.063198 0.149874
v 0.702126 0.113845 0.009707
v 0.473825 -0.228185 -0.094940
v 0.042188 -0.257848 -0.146760
v -0.526335 0.176716 0.139236
v -0.293788 0.169063 0.011522
v -0.555581 0.156031 0.117043
v -0.331104 0.168273 0.037417
v -0.511642 0.163231 0.112829
v 0.407303 -0.275338 -0.130509
v -0.487788 0.162968 0.103121
v 0.268855 -0.394568 -0.171299
v -0.025367 -0.115657 -0.150124
v -0.219575 0.109459 -0.049154
v 0.750625 0.181716 -0.002206
v -0.450451 0.212487 0.099423
v -0.150116 0.040691 -0.074507
v 0.207943 -0.354085 -0.186215
v -0.328648 0.201291 0.002389
v -0.096692 -0.033922 -0.081841
v -0.105337 -0.037535 -0.102738
v 0.329597 -0.376067 -0.160836
v -0.129750 -0.023877 -0.107604
v 0.396579 -0.304762 -0.164415
v -0.409571 0.197771 0.095202
v -0.584792 0.086167 0.141272
v 0.287159 -0.378464 -0.154870
v 0.503312 -0.210432 -0.124431
v -0.559273 0.106917 0.156710
v 0.174860 -0.357521 -0.188801
v -0.135335 -0.001824 -0.112768
v 0.165971 -0.368568 -0.172657
v 0.252829 -0.404547 -0.177291
v -0.036920 -0.140052 -0.125274
v -0.274047 0.158578 -0.020604
v -0.629573 0.026984 0.145544
v -0.773708 -0.160233 0.169289
v 0.351755 -0.366347 -0.139671
v 0.616971 0.013665 -0.039480
v 0.275784 -0.359301 -0.199068
v 0.346025 -0.339188 -0.154036
v 0.211457 -0.389332 -0.166223
v 0.059994 -0.265606 -0.169989
v -0.277669 0.162071 -0.024126
v 0.125393 -0.318524 -0.183961
v 0.331116 -0.368500 -0.138877
v -0.282281 0.130157 -0.035404
v -0.284808 0.157341 -0.043844
v -0.326741 0.170801 -0.006031
v -0.032180 -0.116363 -0.136268
v -0.577248 0.126533 0.148734
v 0.352205 -0.331418 -0.156409
v -0.239735 0.124001 -0.035851
v -0.491429 0.213468 0.082036
v -0.267191 0.145100 -0.032736
v -0.614413 0.076206 0.160099
v 0.288392 -0.370329 -0.150020
v 0.765001 0.187578 0.037239
v 0.039671 -0.230221 -0.183456
v 0.470042 -0.251916 -0.143110
v 0.520276 -0.190067 -0.116625
v -0.512279 0.168332 0.101452
v 0.278759 -0.369676 -0.177947
v 0.489836 -0.247695 -0.107435
v -0.631949 0.062321 0.144038
v 0.590799 -0.065815 -0.063322
v -0.210631 0.084944 -0.054525
v -0.704993 -0.045515 0.165192
v 0.144037 -0.312118 -0.170384
v -0.088398 -0.041360 -0.094767
v 0.134700 -0.305805 -0.193763
v 0.054331 -0.247045 -0.156924
v 0.036764 -0.222688 -0.149955
v -0.527825 0.159728 0.117888
v 0.055538 -0.243446 -0.166699
v -0.335009 0.212642 0.021884
v 0.421779 -0.314384 -0.133835
v 0.129444 -0.322485 -0.157131
v 0.537708 -0.197005 -0.086800
v -0.241358 0.143520 -0.020326
v 0.525706 -0.162450 -0.085599
v 0.145648 -0.321309 -0.156295
v 0.570095 -0.120991 -0.090157
v 0.071682 -0.240328 -0.166394
v -0.693162 -0.000297 0.168974
v -0.297928 0.203663 0.027525
v 0.478592 -0.274009 -0.121805
v 0.599311 -0.071388 -0.055444
v -0.655894 0.017607 0.150057
v 0.017043 -0.171385 -0.166382
v -0.681646 0.032522 0.164540
v 0.050788 -0.236915 -0.159533
v 0.596146 -0.015393 -0.036923
v 0.603532 -0.081365 -0.045617
v 0.530696 -0.162669 -0.096432
v -0.545437 0.156707 0.136825
v -0.431916 0.184397 0.096343
v -0.298841 0.181044 0.012202
v -0.044063 -0.094884 -0.116202
v -0.479079 0.166203 0.112339
v -0.617967 0.095837 0.122796
v 0.735273 0.174545 0.043226
v -0.300886 0.165321 -0.014299
v 0.334724 -0.376741 -0.156826
v 0.537043 -0.165049 -0.084555
v -0.740267 -0.068517 0.165833
v 0.328743 -0.383894 -0.169875
v 0.329807 -0.373935 -0.174333
v -0.135958 0.003662 -0.068810
v 0.020430 -0.199284 -0.165136
v -0.406875 0.218904 0.068796
v 0.095056 -0.243989 -0.148405
v -0.118341 -0.011058 -0.102871
v -0.398371 0.226591 0.074809
v -0.417579 0.192919 0.056990
v 0.583616 -0.067659 -0.059064
v 0.263278 -0.398514 -0.173045
v -0.416717 0.206493 0.081931
v 0.067615 -0.254789 -0.171626
v -0.771797 -0.197746 0.181012
v -0.207918 0.050113 -0.047711
v -0.163718 -0.015747 -0.061526
v -0.038637 -0.095420 -0.137537
v 0.072568 -0.230789 -0.166576
v -0.351273 0.227358 0.018915
v 0.273189 -0.399598 -0.151554
v -0.804628 -0.181946 0.175955
v 0.694259 0.072598 0.003184
v 0.279956 -0.379206 -0.170068
v 0.161877 -0.315345 -0.173759
v 0.097458 -0.315539 -0.186368
v 0.430746 -0.297737 -0.135937
v 0.282468 -0.392425 -0.169589
v 0.410561 -0.299085 -0.140378
v -0.377609 0.225565 0.019089
v 0.347617 -0.354675 -0.163075
v 0.610200 -0.016692 -0.042467
v 0.597289 -0.004744 -0.028790
v 0.760025 0.174703 0.033062
v 0.558668 -0.139121 -0.072126
v -0.753563 -0.121696 0.177397
v 0.014598 -0.228525 -0.154311
v -0.078529 -0.038666 -0.123798
v -0.430307 0.221176 0.066641
v 0.506755 -0.164951 -0.087812
v 0.176938 -0.342929 -0.195338
v 0.540115 -0.160383 -0.111442
v -0.613992 0.090517 0.127508
v -0.748671 -0.087946 0.159980
v 0.611547 -0.070637 -0.048793
v -0.232150 0.084580 -0.026235
v -0.716115 -0.019127 0.179574
v 0.530791 -0.150317 -0.102653
v -0.191991 0.100402 -0.045208
v -0.705668 -0.039416 0.151950
v 0.197089 -0.360181 -0.177604
v -0.050645 -0.098581 -0.126525
v 0.415202 -0.313379 -0.144822
v -0.488629 0.175822 0.092643
v -0.340117 0.172502 0.000864
v 0.631403 -0.037653 -0.046544
v -0.610966 0.042003 0.138798
v -0.191304 0.072034 -0.076341
v -0.057709 -0.135364 -0.121424
v -0.506551 0.147813 0.095055
v 0.165263 -0.352791 -0.158234
v -0.155656 0.003647 -0.103155
v 0.737668 0.132175 0.017150
v 0.144366 -0.370696 -0.191914
v -0.251442 0.166438 -0.042700
v -0.056001 -0.121740 -0.109856
v -0.747055 -0.125416 0.157741
v 0.058891 -0.283785 -0.163554
v 0.623113 -0.038032 -0.063019
v -0.743896 -0.142891 0.199689
v 0.449732 -0.274105 -0.107216
v -0.639106 0.085993 0.175942
v -0.066348 -0.140494 -0.143325
v -0.690012 -0.043148 0.186439
v -0.316657 0.207762 0.001676
v -0.561843 0.105736 0.126852
v -0.452136 0.215109 0.067083
v 0.393935 -0.334026 -0.150156
v -0.295690 0.191750 0.005425
v -0.505678 0.162198 0.095137
v 0.219141 -0.396427 -0.158230
v -0.068535 -0.122233 -0.112366
v 0.328525 -0.334173 -0.178084
v 0.733188 0.122994 0.011515
v -0.644032 0.052856 0.155995
v -0.600542 0.071421 0.174079
v -0.639259 0.030498 0.156758
v 0.401194 -0.308569 -0.139768
v -0.139253 -0.002520 -0.068665
v 0.777787 0.192675 0.036929
v 0.818996 0.253805 0.043333
v -0.093920 -0.077463 -0.122077
v 0.275580 -0.356833 -0.197149
v -0.758375 -0.096522 0.159131
v -0.123326 -0.053622 -0.093720
v 0.444211 -0.290474 -0.115651
v -0.472044 0.206423 0.076616
v -0.492889 0.178425 0.100458
v 0.004299 -0.180882 -0.173733
v -0.561447 0.173036 0.121846
v -0.376712 0.210959 0.009818
v -0.711206 -0.017348 0.169793
v 0.684500 0.081791 0.021310
v -0.812209 -0.210133 0.158043
v -0.769972 -0.164176 0.168834
v 0.338073 -0.375665 -0.181601
v -0.791465 -0.183526 0.193854
v 0.779902 0.235072 0.069913
v -0.740225 -0.120950 0.173008
v 0.411138 -0.304265 -0.162085
v 0.012846 -0.159636 -0.138529
v 0.064759 -0.234082 -0.148660
v 0.182852 -0.359737 -0.168229
v -0.295228 0.204070 0.033260
v 0.588942 -0.085662 -0.074898
v -0.430557 0.229697 0.075752
v 0.756658 0.200721 0.018904
v -0.630176 0.102499 0.171534
v -0.688223 0.028633 0.155667
v 0.262209 -0.387765 -0.188913
v 0.014959 -0.162569 -0.155832
v 0.740901 0.180318 0.049145
v -0.787588 -0.176706 0.166629
v -0.162905 -0.006280 -0.064839
v 0.159054 -0.348586 -0.169078
v 0.577765 -0.110869 -0.087964
v -0.724406 -0.028476 0.183309
v 0.506498 -0.216705 -0.127961
v 0.032226 -0.189738 -0.148586
v 0.167695 -0.318320 -0.195687
v 0.607130 -0.020195 -0.041929
v -0.699852 -0.028393 0.150761
v -0.415520 0.213709 0.059301
v -0.278931 0.156261 0.025626
v -0.782432 -0.170695 0.159047
v 0.457064 -0.289284 -0.141707
v 0.087654 -0.253357 -0.160591
v 0.481810 -0.273765 -0.148112
v 0.284507 -0.400682 -0.199687
v -0.072918 -0.130488 -0.128305
v -0.783087 -0.134366 0.179861
v -0.090269 -0.083295 -0.108127
v -0.494570 0.153371 0.125941
v 0.676729 0.062811 -0.029840
v 0.236007 -0.378611 -0.184263
v -0.007117 -0.165975 -0.158202
v 0.523395 -0.187704 -0.091343
v -0.289439 0.193155 -0.009326
v -0.533457 0.171077 0.137219
v 0.553401 -0.104964 -0.098634
v 0.186908 -0.389697 -0.180019
v 0.395931 -0.347524 -0.137396
v -0.030646 -0.179471 -0.138233
v -0.125472 -0.020638 -0.110581
v 0.717165 0.122201 -0.016245
v -0.043209 -0.100981 -0.096445
v 0.032386 -0.191985 -0.156080
v -0.228329 0.112269 -0.052058
v -0.567787 0.129195 0.148976
v -0.068023 -0.041424 -0.111917
v 0.558493 -0.104738 -0.072814
v 0.535911 -0.170830 -0.085745
v -0.244606 0.123828 -0.063537
v 0.016446 -0.204735 -0.160817
v -0.580316 0.150268 0.149507
v -0.317479 0.170296 0.016379
v -0.211936 0.050928 -0.079200
v 0.461649 -0.270304 -0.109226
v -0.237106 0.112661 -0.055689
v 0.759831 0.174094 0.018335
v 0.522697 -0.220731 -0.090954
v -0.026330 -0.166280 -0.140283
v -0.083115 -0.097553 -0.137267
v -0.430586 0.220754 0.076378
v 0.597715 -0.080118 -0.063587
v -0.341368 0.200494 0.056401
v -0.133449 -0.005620 -0.063494
v 0.531142 -0.220661 -0.119759
v 0.595610 -0.046882 -0.063946
v 0.467760 -0.217083 -0.132310
v -0.167135 0.038140 -0.076430
v -0.770996 -0.188981 0.159984
v 0.386584 -0.354040 -0.131142
v -0.497659 0.205540 0.074679
v -0.068842 -0.063258 -0.091815
v -0.741329 -0.081408 0.196375
v -0.443280 0.198674 0.069643
v -0.619407 0.074880 0.159101
v -0.045773 -0.116805 -0.111885
v -0.625543 0.052853 0.176889
v 0.438891 -0.300109 -0.133963
v 0.379556 -0.322281 -0.165026
v 0.254093 -0.371681 -0.162723
v -0.280916 0.125169 -0.033578
v -0.473470 0.183917 0.093302
v 0.306002 -0.347381 -0.162319
v 0.298449 -0.379588 -0.198946
v -0.581438 0.132329 0.149387
v -0.029008 -0.135099 -0.150391
v 0.284968 -0.371061 -0.146605
v -0.532906 0.154304 0.147268
v 0.165318 -0.344492 -0.177389
v -0.622119 0.081227 0.134254
v -0.088185 -0.052726 -0.092937
v -0.773928 -0.179041 0.188576
v 0.339426 -0.368423 -0.143012
v -0.023461 -0.176617 -0.137433
v -0.316024 0.169370 0.036288
v 0.725527 0.186895 0.018449
v -0.714452 -0.094374 0.189888
v 0.099723 -0.291496 -0.159531
v -0.753081 -0.137865 0.171924
v -0.091406 -0.060966 -0.087899
v 0.656259 0.053843 -0.001988
v -0.581647 0.138303 0.152976
v 0.647611 -0.016795 -0.063251
v 0.670269 0.070131 0.015137
v 0.735425 0.161271 0.035445
v -0.532108 0.158279 0.136835
v 0.210290 -0.359645 -0.190515
v 0.568617 -0.127352 -0.096781
v 0.672529 0.042405 -0.006749
v 0.493296 -0.223787 -0.122297
v -0.232155 0.087380 -0.056592
v 0.494571 -0.229679 -0.119857
v 0.327918 -0.355331 -0.140923
v 0.566636 -0.092640 -0.086587
v -0.262628 0.172344 -0.023264
v -0.014151 -0.155741 -0.145383
v 0.516681 -0.200341 -0.077082
v -0.300569 0.152328 0.005387
v 0.643589 0.043725 -0.042041
v -0.081902 -0.059067 -0.132366
v 0.160894 -0.337130 -0.197647
v -0.237613 0.116643 -0.037597
v 0.435488 -0.308372 -0.152380
v -0.203961 0.075529 -0.066003
v 0.405572 -0.325689 -0.155523
v -0.077811 -0.110867 -0.126191
v -0.771115 -0.111138 0.176498
v -0.206078 0.112734 -0.044988
v 0.804485 0.243419 0.062357
v -0.454245 0.193506 0.069930
v -0.790201 -0.160403 0.195489
v 0.545021 -0.158349 -0.086347
v -0.532801 0.180703 0.102070
v 0.427646 -0.292133 -0.109857
v 0.613902 -0.013449 -0.049471
v -0.731060 -0.092338 0.150787
v 0.238187 -0.394418 -0.179346
v -0.675102 -0.040138 0.161622
v 0.385951 -0.356646 -0.161141
v -0.573432 0.106457 0.139644
v 0.372052 -0.350688 -0.163688
v 0.251426 -0.393047 -0.154112
v 0.031974 -0.220363 -0.173177
v 0.324283 -0.361425 -0.181320
v -0.268765 0.125069 -0.014216
v 0.433918 -0.287296 -0.120946
v 0.722558 0.170707 0.014062
v -0.412762 0.191389 0.057054
v -0.287818 0.170370 -0.008283
v 0.610928 -0.053132 -0.061975
v -0.123017 -0.036756 -0.128565
v 0.531226 -0.189353 -0.107641
v -0.468785 0.216905 0.086417
v -0.492031 0.181673 0.113818
v -0.584276 0.147673 0.149716
v 0.535774 -0.174625 -0.087159
v 0.730270 0.165575 0.042096
v -0.528665 0.143216 0.115851
v 0.534647 -0.154985 -0.110374
v -0.538667 0.168190 0.118162
v -0.450448 0.182472 0.067264
v -0.516047 0.199726 0.114517
v 0.059132 -0.252376 -0.178917
v 0.274205 -0.363821 -0.195477
v 0.092605 -0.273386 -0.146945
v 0.436237 -0.295608 -0.161403
v 0.675444 0.080532 0.007069
v 0.318470 -0.389029 -0.186894
v -0.487644 0.165357 0.128645
v -0.211030 0.054123 -0.041697
v -0.555213 0.149904 0.148861
v 0.640674 0.031501 -0.016382
v 0.399104 -0.344096 -0.171999
v 0.615351 -0.041701 -0.026124
v -0.269976 0.140287 -0.006112
v -0.586411 0.125970 0.144096
v 0.044819 -0.241777 -0.183268
v -0.187410 0.030482 -0.042614
v 0.097601 -0.316768 -0.174866
v -0.133593 -0.020210 -0.108847
v 0.583468 -0.103651 -0.041969
v 0.129218 -0.319652 -0.172595
v -0.751429 -0.137521 0.181063
v -0.342696 0.192865 0.034766
v 0.422984 -0.343405 -0.166489
v -0.772889 -0.192554 0.202754
v 0.555859 -0.156829 -0.067577
v 0.660421 0.036228 -0.010956
v -0.442257 0.196504 0.069297
v -0.758390 -0.088523 0.169710
v -0.506800 0.163335 0.085550
v -0.250930 0.122365 -0.020094
v 0.480780 -0.204965 -0.130282
v 0.601890 -0.045570 -0.055754
v 0.368535 -0.373385 -0.165482
v 0.009589 -0.188898 -0.138115
v -0.482276 0.212774 0.074780
v -0.522988 0.150452 0.106576
v -0.141830 -0.024627 -0.105445
v 0.396512 -0.321567 -0.166276
v 0.545078 -0.157961 -0.111790
v 0.585403 -0.036671 -0.038992
v -0.151101 0.048615 -0.064976
v 0.703101 0.125826 0.012368
v -0.484003 0.182875 0.091490
v -0.523594 0.147112 0.129588
v 0.594189 -0.080413 -0.042406
v -0.228664 0.111154 -0.044880
v -0.188362 0.024184 -0.073875
v -0.433570 0.230041 0.088513
v -0.370564 0.208759 0.034990
v 0.656089 0.030675 0.002499
v 0.341469 -0.375267 -0.169522
v 0.402647 -0.296642 -0.153469
v 0.388575 -0.346440 -0.131118
v -0.382676 0.212386 0.015875
v 0.323736 -0.383781 -0.179271
v -0.355561 0.183910 0.041454
v -0.645004 0.075738 0.156347
v -0.072547 -0.060312 -0.126809
v -0.030488 -0.117760 -0.113535
v 0.558618 -0.121893 -0.066123
v 0.320832 -0.352256 -0.173422
v 0.705394 0.092117 0.006615
v 0.740729 0.185516 0.028127
v -0.103022 -0.019970 -0.116390
v -0.478925 0.182953 0.093979
v 0.085819 -0.297374 -0.164069
v -0.716530 -0.040187 0.180897
v 0.724803 0.179884 0.012023
v 0.019749 -0.178450 -0.145919
v 0.529342 -0.151862 -0.101922
v -0.085724 -0.067185 -0.091186
v -0.770821 -0.157203 0.160531
v 0.118616 -0.337387 -0.190448
v 0.466968 -0.265359 -0.148980
v 0.120402 -0.346070 -0.192304
v -0.226670 0.120055 -0.041418
v 0.494994 -0.252631 -0.104782
v 0.779532 0.233167 0.030388
v 0.435807 -0.302111 -0.160319
v 0.727868 0.111492 -0.003849
v -0.336372 0.196708 0.036987
v 0.176531 -0.356318 -0.162561
v -0.108867 -0.067256 -0.121948
v 0.521805 -0.155055 -0.068644
v -0.237199 0.078922 -0.026920
v 0.211164 -0.391590 -0.200155
v 0.358938 -0.354248 -0.158528
v -0.472773 0.176076 0.085737
v -0.078769 -0.101568 -0.129879
v -0.813399 -0.161298 0.201512
v -0.571001 0.105797 0.130129
v -0.138453 0.040795 -0.060284
v -0.688391 -0.038137 0.167738
v -0.449292 0.225907 0.057526
v 0.102322 -0.327884 -0.185186
v -0.639481 0.034685 0.179710
v 0.262554 -0.362702 -0.189810
v -0.167792 0.029651 -0.079158
v -0.367359 0.191797 0.008352
v -0.499963 0.186284 0.116407
v -0.318902 0.176669 0.006309
v -0.028473 -0.118362 -0.129162
v -0.106713 -0.036112 -0.074840
v -0.478964 0.188759 0.096109
v -0.739123 -0.085205 0.153887
v -0.283521 0.151403 -0.016755
v 0.813603 0.251024 0.059679
v -0.507954 0.169024 0.123968
v -0.354791 0.182710 0.036556
v -0.675758 -0.015409 0.158689
v 0.464254 -0.275807 -0.133064
v -0.387641 0.232101 0.034120
v 0.612270 -0.071689 -0.070087
v 0.529147 -0.142909 -0.105999
v 0.284791 -0.376819 -0.159292
v -0.366405 0.227913 0.016657
v -0.257711 0.127481 -0.004537
v -0.007086 -0.161177 -0.140753
v -0.363292 0.202398 0.006389
v 0.481011 -0.257411 -0.114386
v -0.384673 0.195752 0.062655
v 0.227998 -0.383453 -0.181988
v 0.731024 0.139758 0.014733
v -0.172354 0.038547 -0.075930
v 0.260727 -0.360627 -0.190546
v -0.139082 0.009079 -0.093592
v -0.423183 0.223556 0.092564
v -0.684614 -0.007446 0.149202
v -0.202696 0.086096 -0.077020
v -0.706663 -0.023225 0.155273
v 0.524552 -0.142474 -0.090497
v 0.323497 -0.356688 -0.173925
v -0.349101 0.185672 0.039379
v -0.726803 -0.125524 0.164888
v -0.376545 0.204095 0.026365
v -0.158597 0.044376 -0.097533
v -0.142675 0.039066 -0.099334
v 0.676977 0.075036 -0.008541
v 0.592756 -0.100372 -0.056541
v 0.196448 -0.361404 -0.172388
v -0.124646 -0.022351 -0.092106
v 0.470676 -0.223877 -0.123562
v -0.146230 0.014488 -0.078644
v 0.328182 -0.375255 -0.170326
v -0.148218 0.019979 -0.051768
v -0.307660 0.165865 -0.019048
v -0.562698 0.129771 0.116309
v 0.239710 -0.365206 -0.165565
v 0.067178 -0.257531 -0.189178
v -0.190452 0.025110 -0.090505
v 0.424704 -0.282470 -0.118584
v -0.791689 -0.145002 0.183568
v 0.427229 -0.293957 -0.127572
v 0.108466 -0.320204 -0.191313
v -0.543609 0.167742 0.142235
v 0.422853 -0.310640 -0.120805
v 0.676983 0.077950 -0.023562
v -0.384876 0.194928 0.021349
v 0.353309 -0.350296 -0.152460
v 0.735317 0.205146 0.054365
v -0.291543 0.184461 -0.014980
v -0.334602 0.201106 0.023167
v -0.763126 -0.144900 0.184218
v 0.508201 -0.223104 -0.112670
v 0.154733 -0.327765 -0.192685
v 0.672065 0.025168 -0.008276
v 0.508626 -0.201084 -0.096682
v 0.494009 -0.181389 -0.118128
v -0.027637 -0.147714 -0.122310
v 0.714711 0.131102 -0.004530
v 0.614230 -0.023764 -0.035740
v 0.653970 0.066919 -0.027157
v 0.456888 -0.282614 -0.112752
v 0.226136 -0.404988 -0.156110
v 0.420259 -0.308912 -0.126440
v -0.543738 0.124619 0.146382
v -0.473602 0.198189 0.094572
v 0.660254 -0.023347 -0.052312
v -0.576364 0.161383 0.133590
v 0.255571 -0.362767 -0.161309
v -0.255675 0.160839 -0.036468
v -0.563930 0.138688 0.124815
v 0.110994 -0.302310 -0.183081
v -0.677589 -0.011075 0.171889
v -0.615275 0.093049 0.169989
v -0.527003 0.161777 0.092943
v -0.765377 -0.136531 0.183760
v -0.063157 -0.074923 -0.094350
v -0.117327 0.004203 -0.104559
v -0.435499 0.197993 0.089595
v 0.218780 -0.375203 -0.163283
v -0.049422 -0.166999 -0.125188
v -0.319528 0.193789 0.005514
v 0.245904 -0.385322 -0.201656
v -0.634659 0.049338 0.159810
v -0.418038 0.228823 0.060282
v -0.136071 0.028844 -0.093269
v -0.184192 0.048528 -0.036189
v -0.336398 0.168875 0.030278
v 0.280631 -0.384311 -0.160643
v -0.120076 -0.043635 -0.094744
v -0.103254 -0.031963 -0.098360
v 0.772121 0.204083 0.018674
v 0.603991 -0.074928 -0.061129
v 0.344548 -0.360658 -0.160266
v -0.347073 0.194648 0.057396
v 0.723709 0.139386 0.016132
v -0.044479 -0.082465 -0.128550
v 0.117959 -0.324580 -0.173082
v -0.004068 -0.131662 -0.116752
v -0.606654 0.102594 0.145428
v -0.197588 0.049902 -0.059807
v -0.786425 -0.191821 0.177406
v 0.694436 0.070492 0.014123
v -0.172608 0.093498 -0.034904
v 0.234403 -0.359922 -0.172472
v 0.724567 0.124381 0.025095
v 0.393944 -0.348100 -0.152534
v 0.333732 -0.381434 -0.142957
v -0.115819 -0.054246 -0.101836
v -0.699454 -0.056462 0.194360
v 0.480740 -0.227262 -0.103969
v -0.483419 0.164834 0.128811
v -0.179612 0.043766 -0.089161
v -0.696583 -0.059855 0.195916
v -0.559282 0.146287 0.111550
v 0.479915 -0.246472 -0.102298
v 0.604699 -0.070867 -0.073411
v -0.625660 0.100312 0.148935
v -0.549532 0.144315 0.111397
v 0.148306 -0.328824 -0.160803
v -0.203020 0.074747 -0.041100
v -0.562879 0.107159 0.163358
v 0.216124 -0.394642 -0.186854
v -0.425085 0.207059 0.067089
v 0.188830 -0.347893 -0.191340
v 0.644224 0.039109 -0.025191
v 0.776663 0.223053 0.059246
v -0.721285 -0.116623 0.179082
v 0.586214 -0.043665 -0.064569
v 0.693817 0.092153 -0.022017
v 0.045501 -0.210862 -0.175605
v 0.443938 -0.296196 -0.123981
v 0.534655 -0.140158 -0.055020
v -0.033770 -0.180818 -0.154273
v -0.699223 -0.005618 0.158953
v -0.176837 0.019183 -0.080676
v 0.206445 -0.351948 -0.186834
v -0.459483 0.210200 0.084183
v 0.727928 0.167314 0.031797
v 0.542201 -0.182249 -0.103127
v -0.039655 -0.173336 -0.146903
v -0.516146 0.205132 0.097209
v -0.079816 -0.098368 -0.125179
v -0.112800 -0.013144 -0.105377
v -0.607852 0.128313 0.164796
v 0.625359 -0.038618 -0.056010
v 0.449242 -0.267708 -0.123230
v 0.773334 0.221325 0.059659
v -0.646521 0.049112 0.145284
v 0.053496 -0.268349 -0.168966
v 0.731413 0.205149 0.033620
v -0.258499 0.104901 -0.025193
v 0.381660 -0.358339 -0.139238
v -0.372169 0.211872 0.054905
v -0.393478 0.229416 0.033934
v -0.014325 -0.188851 -0.165629
v -0.390228 0.184213 0.049773
v 0.609323 -0.027341 -0.064196
v 0.423034 -0.293999 -0.137177
v -0.499649 0.150830 0.097933
v -0.174362 0.075927 -0.050216
v -0.735464 -0.073943 0.178590
v -0.138630 0.036578 -0.066431
v -0.769092 -0.141994 0.161572
v -0.279882 0.150398 0.015224
v -0.178979 0.073937 -0.076395
v -0.487206 0.207347 0.075195
v -0.726716 -0.030880 0.163042
v 0.560164 -0.126130 -0.098966
v 0.426395 -0.319594 -0.124105
v 0.167339 -0.327243 -0.174273
v -0.725383 -0.110950 0.186151
v -0.634795 0.048410 0.167288
v 0.784813 0.186496 0.022333
v 0.552117 -0.116677 -0.091549
v -0.274759 0.132663 -0.043219
v -0.544218 0.141117 0.103847
v 0.145563 -0.349222 -0.180078
v 0.318380 -0.396696 -0.181533
v 0.159511 -0.370810 -0.179780
v -0.353223 0.190910 0.047147
v 0.711563 0.158631 0.038623
v 0.457048 -0.270458 -0.153710
v 0.390608 -0.311090 -0.129098
v 0.127132 -0.307519 -0.177659
v 0.483471 -0.229142 -0.138152
v -0.160678 0.023953 -0.078869
v 0.669724 0.087755 -0.031350
v -0.173019 0.049336 -0.082132
v -0.019365 -0.156912 -0.152113
v -0.183717 0.043390 -0.051273
v -0.193530 0.036747 -0.074473
v -0.809417 -0.166142 0.199196
v -0.652968 0.009686 0.138181
v 0.053064 -0.250637 -0.161316
v 0.172206 -0.359186 -0.165545
v 0.204709 -0.393315 -0.174133
v -0.248226 0.148899 -0.025872
v -0.207982 0.088628 -0.065631
v -0.613154 0.057232 0.146787
v -0.709907 -0.073588 0.156101
v 0.739654 0.193880 0.026250
v -0.336475 0.201433 0.039639
v 0.126710 -0.344039 -0.164947
v 0.729307 0.156536 0.014158
v 0.003289 -0.235090 -0.149550
v 0.354148 -0.366908 -0.168019
v -0.442506 0.217989 0.100721
v -0.167674 0.050905 -0.070256
v 0.279796 -0.378742 -0.171899
v -0.300794 0.142081 0.021306
v -0.131035 0.028885 -0.092958
v -0.125726 -0.028848 -0.076775
v -0.557099 0.166019 0.104346
v -0.470227 0.169565 0.099124
v -0.762800 -0.142908 0.153542
v -0.085080 -0.050764 -0.128997
v -0.025025 -0.180923 -0.151695
v -0.117848 -0.073507 -0.119867
v -0.692650 -0.016394 0.164459
v -0.364960 0.227719 0.053860
v -0.235559 0.109248 -0.037552
v 0.778399 0.205153 0.055911
v -0.581348 0.072922 0.153772
v 0.043319 -0.237090 -0.134389
v 0.716148 0.095866 -0.014957
v -0.252585 0.150483 -0.031161
v -0.279006 0.145992 -0.000308
v -0.061643 -0.122859 -0.112231
v -0.737032 -0.083881 0.186833
v -0.036068 -0.126011 -0.131118
v -0.433724 0.215771 0.063636
v -0.532519 0.154614 0.109359
v -0.480685 0.195160 0.109404
v -0.019201 -0.157586 -0.130424
v 0.566432 -0.122943 -0.049420
v 0.665603 0.073668 0.001367
v 0.715423 0.093498 0.003397
v 0.134324 -0.355424 -0.179113
v -0.399536 0.191410 0.077933
v 0.595531 -0.105105 -0.075150
v -0.504461 0.166431 0.134106
v -0.689744 -0.044723 0.185321
v 0.015692 -0.230128 -0.163931
v 0.260981 -0.379747 -0.157774
v -0.776818 -0.184176 0.170866
v -0.648297 0.022712 0.145495
v -0.156852 0.047559 -0.070705
v 0.309679 -0.391959 -0.147587
v -0.625904 0.112762 0.160415
v 0.761162 0.203556 0.055962
v -0.101736 -0.024790 -0.081425
v -0.013207 -0.182270 -0.119717
v -0.126033 0.009947 -0.111346
v -0.141090 0.043489 -0.098935
v 0.459420 -0.231280 -0.135257
v -0.217749 0.076034 -0.075112
v -0.004311 -0.183636 -0.168181
v 0.525562 -0.173414 -0.107266
v -0.694276 -0.071259 0.182265
v 0.588330 -0.066743 -0.060833
v -0.119143 -0.035642 -0.077450
v 0.543457 -0.163390 -0.066102
v -0.412582 0.223864 0.067931
v -0.211724 0.123498 -0.044601
v 0.716438 0.144041 -0.005458
v 0.106246 -0.308536 -0.166759
v -0.464679 0.185267 0.093936
v 0.441089 -0.281933 -0.117292
v 0.350014 -0.362331 -0.185667
v 0.168291 -0.347825 -0.173971
v 0.183103 -0.373024 -0.161609
v 0.170566 -0.357170 -0.162070
v 0.436950 -0.300184 -0.149577
v -0.439585 0.225071 0.058808
v -0.627719 0.054166 0.179094
v 0.061414 -0.240557 -0.140851
v -0.283313 0.170169 -0.029004
v -0.763956 -0.172499 0.176919
v 0.410486 -0.316713 -0.168229
v -0.486447 0.190118 0.122425
v 0.692483 0.123045 0.022857
v -0.546531 0.153036 0.124001
v 0.004075 -0.152241 -0.139763
v 0.635828 0.024525 -0.018556
v 0.216181 -0.370902 -0.155073
v -0.341406 0.167499 0.030080
v 0.764916 0.238450 0.048497
v -0.217578 0.097818 -0.047623
v 0.076860 -0.265106 -0.186249
v 0.287883 -0.370756 -0.167124
v 0.122629 -0.319611 -0.163587
v -0.438508 0.214728 0.083850
v -0.558587 0.125771 0.145576
v -0.686031 -0.049717 0.166258
v -0.608199 0.101662 0.161626
v 0.381147 -0.350352 -0.165487
v 0.020159 -0.159291 -0.154106
v 0.395496 -0.322489 -0.164769
v 0.733439 0.172346 0.001040
v -0.715126 -0.071260 0.188160
v -0.134572 -0.019979 -0.079467
v -0.232403 0.099708 -0.049037
v -0.534161 0.162515 0.116770
v 0.436181 -0.296129 -0.144560
v -0.552646 0.114262 0.136502
v 0.684345 0.011285 -0.009098
v 0.554425 -0.140843 -0.076000
v -0.052867 -0.086810 -0.139284
v 0.211032 -0.376774 -0.159167
v 0.015872 -0.225066 -0.137208
v -0.290119 0.149756 -0.016588
v -0.745929 -0.100777 0.190238
v -0.451455 0.176953 0.100151
v 0.236936 -0.375776 -0.180378
v 0.567477 -0.135866 -0.081656
v 0.536951 -0.166530 -0.095731
v -0.469946 0.188386 0.064551
v -0.314451 0.148411 0.007905
v -0.186210 0.061765 -0.057419
v 0.777523 0.218356 0.048357
v -0.456004 0.181466 0.070299
v 0.538483 -0.200903 -0.085954
v -0.125056 -0.032253 -0.113369
v 0.256515 -0.402039 -0.191840
v -0.635395 0.031516 0.175019
v -0.279584 0.162157 -0.041848
v -0.503455 0.164030 0.082886
v 0.398812 -0.333485 -0.147066
v -0.058075 -0.076006 -0.141060
v -0.305306 0.169398 -0.008253
v 0.655620 0.010121 -0.050466
v 0.046367 -0.209838 -0.165402
v 0.244910 -0.366261 -0.164091
v -0.354146 0.182046 0.039771
v -0.424793 0.200945 0.092726
v -0.220617 0.112602 -0.030255
v -0.538806 0.159294 0.142466
v -0.446876 0.197067 0.098848
v -0.201592 0.064584 -0.055405
v 0.236656 -0.382851 -0.155238
v 0.067086 -0.227965 -0.161274
v -0.009211 -0.202159 -0.151895
v -0.229104 0.090349 -0.038020
v 0.126122 -0.342648 -0.195141
v -0.575125 0.098437 0.139649
v -0.079375 -0.073215 -0.090917
v 0.600645 -0.030680 -0.044248
v -0.726914 -0.091895 0.173496
v 0.536921 -0.177628 -0.090887
v -0.074611 -0.069608 -0.097855
v 0.779135 0.230395 0.020599
v 0.461735 -0.266423 -0.135723
v 0.064172 -0.213280 -0.155429
v 0.175894 -0.369020 -0.194492
v 0.015338 -0.233439 -0.153086
v -0.703023 -0.055251 0.196762
v 0.425728 -0.323574 -0.122581
v -0.475665 0.200648 0.084165
v 0.058260 -0.209785 -0.148527
v -0.179703 0.036333 -0.066424
v -0.489567 0.191218 0.116057
v 0.202943 -0.392066 -0.160963
v 0.057651 -0.268334 -0.151825
v 0.031140 -0.220941 -0.143732
v -0.001120 -0.189445 -0.143679
v 0.002297 -0.164763 -0.126220
v 0.721991 0.155878 0.023185
v -0.589819 0.092083 0.144578
v -0.174470 0.039632 -0.077620
v 0.338442 -0.350857 -0.157060
v 0.169661 -0.375622 -0.168609
v -0.729677 -0.085573 0.181277
v 0.593751 -0.077521 -0.041644
v -0.501670 0.184121 0.118235
v -0.080399 -0.046453 -0.092261
v 0.272113 -0.400790 -0.186036
v 0.220468 -0.358146 -0.182886
v 0.640983 0.023723 -0.027974
v 0.197363 -0.349940 -0.179055
v 0.326461 -0.387987 -0.170095
v 0.000023 -0.177998 -0.159741
v -0.307120 0.150902 0.024544
v -0.653536 0.039488 0.164085
v -0.306212 0.152294 0.015296
v -0.611481 0.070955 0.173050
v 0.032836 -0.271978 -0.154478
v 0.602863 -0.056919 -0.075068
v 0.598574 -0.019714 -0.033934
v 0.196959 -0.368170 -0.191815
v 0.765848 0.190608 0.055656
v 0.799451 0.228595 0.064479
v 0.741766 0.123155 0.000609
v -0.593495 0.100400 0.140217
v 0.277478 -0.388461 -0.154667
v -0.203997 0.075491 -0.027369
v 0.279103 -0.394687 -0.175092
v 0.752472 0.150401 -0.001242
v 0.083332 -0.297677 -0.150770
v 0.266149 -0.356416 -0.190576
v -0.540396 0.188938 0.126521
v -0.697296 -0.010215 0.171167
v 0.147780 -0.349644 -0.177690
v -0.478732 0.192713 0.089353
v -0.408793 0.188541 0.063794
v 0.117922 -0.303843 -0.152643
v -0.008674 -0.135053 -0.132948
v -0.123391 -0.030294 -0.073800
v 0.614942 0.004746 -0.040670
v 0.090175 -0.257870 -0.148394
v -0.627402 0.035721 0.146893
v -0.022827 -0.162290 -0.129435
v 0.492847 -0.203783 -0.104771
v -0.733860 -0.126815 0.189433
v -0.604147 0.106296 0.170269
v 0.767282 0.164644 0.012829
v 0.745510 0.188473 0.034336
v 0.127511 -0.321087 -0.158417
v -0.593945 0.077387 0.147593
v -0.590704 0.118433 0.142313
v 0.699149 0.166553 0.025931
v 0.653327 0.059327 0.001015
v -0.567465 0.095385 0.149450
v 0.754591 0.211414 0.014123
v 0.624869 -0.001038 -0.037876
v -0.450820 0.197721 0.092155
v -0.631728 0.040477 0.151736
v 0.205867 -0.378247 -0.191024
v -0.773747 -0.141307 0.196274
v -0.709530 -0.042663 0.164168
v 0.592697 -0.030036 -0.034165
v -0.629744 0.068258 0.134570
v -0.447523 0.217971 0.075008
v 0.641423 0.020894 -0.037893
v 0.115134 -0.341157 -0.166671
v -0.179954 0.091077 -0.066233
v -0.742213 -0.063773 0.190059
v 0.494134 -0.185916 -0.092293
v -0.286587 0.152898 -0.034471
v 0.722293 0.114771 0.020627
v -0.388225 0.206220 0.034622
v 0.643403 0.006353 -0.025819
v -0.427408 0.196314 0.056198
v -0.183300 0.050387 -0.048841
v -0.315670 0.170669 -0.002215
v -0.368774 0.203771 0.047180
v 0.134273 -0.355761 -0.158423
v -0.811378 -0.187340 0.167045
v -0.010352 -0.194237 -0.158503
v 0.332604 -0.373020 -0.189910
v 0.358734 -0.331836 -0.179273
v -0.490976 0.177408 0.069967
v -0.434787 0.202817 0.080048
v 0.688201 0.137896 -0.014074
v -0.092961 -0.081183 -0.112396
v -0.297807 0.151982 -0.009153
v -0.708278 -0.054108 0.148794
v 0.598058 -0.084194 -0.078011
v 0.472422 -0.199684 -0.124650
v 0.364485 -0.356703 -0.164997
v -0.690285 -0.061722 0.165116
v 0.257370 -0.357677 -0.202954
v -0.261147 0.135978 -0.000558
v -0.632247 0.015574 0.154958
v -0.750579 -0.115273 0.188878
v 0.082178 -0.278651 -0.177155
v 0.613829 -0.004019 -0.058040
v -0.601075 0.092974 0.164295
v -0.404763 0.189356 0.079016
v -0.730604 -0.068307 0.154740
v 0.266905 -0.403992 -0.197906
v 0.400865 -0.322516 -0.154978
v -0.651963 0.033983 0.141361
v -0.170225 0.084445 -0.075994
v 0.360408 -0.328527 -0.158565
v -0.365395 0.185119 0.026347
v -0.307350 0.188623 0.009156
v -0.803852 -0.186120 0.176414
v -0.359533 0.214867 0.044428
v -0.232562 0.106072 -0.031082
v 0.218512 -0.380052 -0.171906
v 0.086489 -0.293393 -0.168814
v -0.433476 0.221542 0.062549
v -0.521716 0.196928 0.106486
v -0.250622 0.132925 -0.004878
v -0.192976 0.062719 -0.049816
v 0.023415 -0.209344 -0.161190
v -0.359301 0.197274 0.028622
v 0.568292 -0.146016 -0.058553
v 0.466376 -0.260730 -0.134994
v 0.359833 -0.366262 -0.156938
v 0.327973 -0.377537 -0.154681
v 0.612943 -0.028662 -0.038303
v -0.568319 0.165245 0.141399
v -0.157599 0.034403 -0.086736
v -0.057454 -0.132298 -0.123860
v 0.716964 0.105737 -0.000803
v -0.452058 0.228101 0.066294
v 0.077657 -0.278104 -0.158427
v -0.743946 -0.135926 0.180369
v -0.327824 0.192167 0.020676
v 0.416227 -0.307190 -0.165667
v -0.628087 0.048640 0.159375
v -0.617743 0.052033 0.141911
v -0.084491 -0.126162 -0.107505
v -0.047649 -0.129808 -0.147281
v 0.503360 -0.194439 -0.090708
v -0.123122 -0.017143 -0.084807
v 0.071488 -0.275094 -0.165569
v -0.587520 0.107955 0.144255
v -0.472254 0.205358 0.096239
v -0.498568 0.197325 0.120821
v 0.793034 0.231038 0.058383
v -0.253571 0.148294 -0.044241
v -0.643850 0.087986 0.171735
v 0.161774 -0.357157 -0.182230
v 0.116533 -0.303612 -0.149132
v -0.617159 0.078490 0.147420
v -0.334581 0.194473 0.015972
v 0.271161 -0.361723 -0.188740
v -0.269177 0.126367 0.008213
v -0.635607 0.077185 0.130761
v -0.146916 0.029519 -0.089140
v 0.149233 -0.349331 -0.190071
v -0.375925 0.200136 0.044530
v 0.541009 -0.181651 -0.080798
v 0.033586 -0.270962 -0.158119
v 0.463693 -0.233879 -0.093966
v 0.583642 -0.103002 -0.085479
v -0.396107 0.188234 0.030244
v -0.339596 0.199673 0.034544
v 0.412033 -0.301175 -0.113317
v -0.520928 0.137421 0.126935
v 0.628381 -0.024147 -0.054617
v 0.047515 -0.244128 -0.146581
v 0.150877 -0.365585 -0.156083
v 0.419424 -0.275194 -0.112718
v -0.328162 0.162300 -0.012837
v -0.310463 0.139509 -0.007205
v 0.754800 0.236956 0.063423
v -0.619458 0.041549 0.136862
v 0.439471 -0.254294 -0.144093
v -0.022016 -0.192142 -0.132928
v 0.123219 -0.308321 -0.200186
v -0.563115 0.124010 0.115135
v 0.754077 0.202272 0.009268
v -0.671149 0.032569 0.178642
v -0.339646 0.181778 0.021998
v 0.441550 -0.266687 -0.133865
v 0.015665 -0.213810 -0.154358
v 0.155256 -0.336328 -0.200124
v 0.668719 0.056693 -0.037081
v 0.758503 0.227491 0.032651
v -0.418207 0.200670 0.074899
v -0.691310 0.015828 0.152869
v -0.712921 -0.068746 0.182120
v -0.183016 0.038994 -0.074913
v -0.541288 0.174972 0.119913
v -0.322227 0.151753 -0.006282
v -0.006070 -0.133459 -0.139821
v 0.078725 -0.276006 -0.163568
v 0.652011 0.034449 -0.024628
v 0.776054 0.238497 0.016437
v -0.605933 0.070557 0.147100
v -0.055778 -0.058729 -0.130311
v -0.217258 0.115233 -0.028544
v -0.498322 0.160006 0.090983
v -0.140247 0.013461 -0.086719
v -0.366917 0.205192 0.055999
v -0.649244 0.018399 0.153282
v 0.517386 -0.137728 -0.085195
v 0.725202 0.133788 -0.006511
v 0.317948 -0.356597 -0.148367
v -0.787603 -0.175208 0.175432
v 0.167824 -0.320581 -0.163314
v -0.657756 0.030748 0.156194
v -0.530324 0.144211 0.111764
v 0.451457 -0.267426 -0.117107
v -0.507627 0.166679 0.112318
v -0.028016 -0.120759 -0.135842
v 0.174368 -0.374934 -0.190533
v -0.725013 -0.108612 0.181817
v -0.621033 0.094241 0.160574
v 0.689971 0.075237 0.016304
v 0.423597 -0.263963 -0.109461
v 0.667470 0.083829 -0.004310
v 0.653040 0.087242 -0.023161
v 0.245091 -0.382317 -0.180050
v 0.773811 0.209261 0.025656
v -0.593776 0.119704 0.120400
v -0.313734 0.202116 0.021825
v -0.282850 0.154346 0.003281
v -0.584898 0.112702 0.124737
v 0.238654 -0.377620 -0.162856
v -0.320271 0.173186 -0.000922
v -0.663499 0.018021 0.169330
v -0.777783 -0.147756 0.202910
v 0.105311 -0.315681 -0.145488
v -0.052286 -0.127510 -0.142340
v -0.436898 0.216509 0.090090
v -0.378185 0.195091 0.066148
v 0.129705 -0.325789 -0.175498
v 0.753263 0.169333 0.022972
v -0.296895 0.178129 -0.005262
v 0.133289 -0.299667 -0.169411
v -0.105238 -0.023776 -0.107217
v -0.549451 0.145625 0.104938
v -0.715892 -0.036107 0.167969
v -0.413548 0.201618 0.089274
v -0.676292 0.007892 0.144224
v -0.435533 0.183946 0.082929
v 0.064940 -0.294055 -0.191940
v -0.352490 0.191722 0.034649
v 0.241680 -0.385759 -0.189414
v 0.438140 -0.267582 -0.140755
v 0.577761 -0.070107 -0.070174
v 0.410362 -0.348533 -0.158700
v -0.815777 -0.208277 0.190420
v -0.296490 0.166212 0.026354
v -0.182287 0.033922 -0.084496
v -0.326304 0.217304 0.021885
v 0.537709 -0.170934 -0.106294
v -0.539124 0.145710 0.135009
v -0.463183 0.219880 0.088176
v -0.350149 0.175367 -0.001562
v 0.245139 -0.393533 -0.185142
v -0.750243 -0.062453 0.180446
v -0.152063 0.053535 -0.065284
v -0.111845 -0.070759 -0.126666
v -0.596314 0.111438 0.133283
v 0.079973 -0.242405 -0.171445
v -0.431015 0.203976 0.068736
v -0.015732 -0.154972 -0.145050
v -0.605329 0.076222 0.130754
v 0.546721 -0.153238 -0.095419
v 0.464442 -0.301666 -0.145366
v -0.122650 -0.030568 -0.087210
v 0.214361 -0.370774 -0.179794
v -0.015273 -0.181449 -0.131221
v -0.501820 0.172356 0.088459
v -0.548956 0.126894 0.144426
v -0.351152 0.197243 0.022008
v 0.742179 0.196458 0.033089
v 0.214564 -0.378412 -0.190692
v 0.458766 -0.254234 -0.146472
v -0.401949 0.215711 0.067354
v 0.667402 0.024611 -0.027796
v -0.324904 0.207299 0.017848
v 0.432708 -0.283446 -0.113713
v -0.480987 0.211333 0.120627
v 0.295830 -0.384933 -0.179363
v -0.137262 -0.045329 -0.100191
v 0.630034 -0.025493 -0.022796
v -0.564479 0.163021 0.115836
v 0.071243 -0.294022 -0.155425
v -0.722599 -0.065831 0.152603
v -0.032109 -0.116605 -0.157136
v 0.205610 -0.373430 -0.188195
v -0.598306 0.115085 0.141806
v 0.115819 -0.347331 -0.160576
v 0.016131 -0.216193 -0.158332
v 0.637773 0.023312 -0.040743
v -0.325411 0.146598 0.013165
v -0.082478 -0.063801 -0.113707
v 0.080992 -0.273720 -0.175848
v 0.301025 -0.385695 -0.176017
v 0.254039 -0.386863 -0.171793
v -0.598167 0.123889 0.155335
v -0.626794 0.040063 0.165434
v -0.136119 0.022043 -0.094860
v -0.462315 0.177237 0.068365
v -0.341795 0.215717 0.049106
v -0.541734 0.147280 0.119000
v 0.604119 -0.068145 -0.070038
v 0.488164 -0.203713 -0.120075
v -0.224206 0.146477 -0.030205
v 0.543708 -0.173406 -0.076576
v 0.205623 -0.370399 -0.182640
v -0.334099 0.170575 0.032867
v 0.134818 -0.302349 -0.198864
v -0.167222 -0.009588 -0.086494
v -0.589244 0.097007 0.144822
v -0.285423 0.158711 -0.041526
v -0.143959 -0.018439 -0.098021
v -0.007632 -0.180421 -0.150380
v -0.768102 -0.128173 0.166792
v 0.622061 -0.078220 -0.049833
v -0.299707 0.188471 0.030305
v -0.487955 0.172035 0.106534
v 0.098018 -0.255444 -0.157433
v 0.343188 -0.327818 -0.131918
v 0.355045 -0.336270 -0.164903
v 0.571996 -0.083499 -0.067035
v -0.466735 0.197718 0.073354
v -0.066515 -0.060200 -0.092413
v -0.582420 0.126879 0.146416
v -0.572499 0.150840 0.137559
v -0.282462 0.159209 -0.008750
v 0.343338 -0.363578 -0.149070
v 0.290879 -0.367088 -0.159829
v -0.142641 -0.047245 -0.115553
v 0.452618 -0.235814 -0.101968
v 0.637148 -0.019094 -0.041221
v -0.376140 0.190702 0.062790
v 0.054249 -0.252742 -0.168832
v -0.074013 -0.103305 -0.101182
v -0.509917 0.163073 0.115906
v 0.364958 -0.344571 -0.164204
v 0.569920 -0.134332 -0.054278
v 0.643879 -0.016849 -0.065795
v 0.797456 0.211434 0.053656
v -0.698448 -0.081626 0.179968
v 0.401435 -0.301469 -0.152300
v -0.712476 -0.049648 0.149409
v -0.635160 0.059805 0.152750
v 0.460863 -0.255068 -0.113069
v -0.685088 -0.058110 0.173068
v 0.022260 -0.191117 -0.173757
v -0.413144 0.196375 0.039657
v -0.702518 -0.014807 0.162798
v 0.316048 -0.393444 -0.164585
v -0.634403 0.040312 0.146912
v -0.288166 0.145739 -0.000307
v -0.759656 -0.167130 0.170559
v -0.368569 0.212907 0.025178
v -0.400817 0.226737 0.021831
v 0.636239 -0.019460 -0.048580
v 0.179791 -0.344540 -0.193996
v 0.319559 -0.390925 -0.165981
v -0.153133 0.050801 -0.071623
v -0.660136 0.031996 0.158018
v -0.218211 0.110038 -0.031064
v -0.565986 0.171108 0.135938
v 0.575382 -0.065227 -0.078923
v -0.503827 0.187551 0.108668
v -0.127842 -0.033898 -0.100651
v -0.229436 0.082107 -0.038923
v 0.433201 -0.304609 -0.139595
v 0.234846 -0.360693 -0.167287
v -0.286593 0.149992 -0.018479
v -0.375438 0.205760 0.045444
v -0.451433 0.212728 0.065570
v 0.453958 -0.278726 -0.106143
v -0.501271 0.171709 0.115097
v 0.223511 -0.399796 -0.185317
v 0.359905 -0.347683 -0.132678
v -0.217022 0.064809 -0.064910
v 0.484423 -0.247353 -0.091309
v 0.059489 -0.252709 -0.142660
v 0.554738 -0.131871 -0.096641
v 0.601277 -0.066183 -0.049462
v -0.028379 -0.095459 -0.146733
v 0.606175 -0.070978 -0.070913
v 0.379604 -0.324557 -0.169440
v 0.426446 -0.279921 -0.148781
v -0.666543 -0.001308 0.156891
v -0.481704 0.188296 0.120813
v 0.735339 0.179372 0.041624
v 0.304135 -0.377760 -0.157096
v 0.548935 -0.144423 -0.067572
v 0.288697 -0.381668 -0.179875
v 0.332368 -0.352448 -0.168771
v -0.081786 -0.082548 -0.107191
v -0.178061 0.056570 -0.043930
v -0.768526 -0.163836 0.162486
v 0.507670 -0.205983 -0.088397
v 0.284668 -0.365445 -0.166417
v 0.715616 0.170403 0.021757
v 0.403576 -0.303588 -0.164323
v -0.756334 -0.144553 0.166136
v -0.739189 -0.069126 0.181356
v -0.596743 0.068612 0.163366
v -0.667645 0.050394 0.179846
v -0.152969 -0.033616 -0.096802
v 0.107728 -0.285448 -0.153395
v 0.660470 0.047168 -0.004114
v -0.483775 0.196417 0.104595
v -0.207228 0.110844 -0.060558
v 0.111328 -0.329167 -0.185669
v -0.392242 0.208956 0.057723
v 0.231366 -0.363388 -0.192830
v -0.531944 0.126642 0.152334
v -0.026296 -0.164670 -0.146674
v -0.565073 0.123627 0.135448
v -0.358360 0.224913 0.067988
v -0.021677 -0.204037 -0.129042
v 0.314462 -0.369351 -0.194667
v -0.196722 0.036545 -0.056985
v 0.454839 -0.254847 -0.118646
v -0.273904 0.119189 -0.004067
v -0.151384 0.039036 -0.058212
v 0.298626 -0.387560 -0.148705
v 0.572504 -0.144659 -0.070058
v 0.517208 -0.192727 -0.070216
v -0.732131 -0.074121 0.188735
v 0.120129 -0.335572 -0.196305
v -0.772292 -0.172841 0.181556
v -0.726896 -0.057891 0.161976
v 0.307366 -0.381019 -0.148645
v 0.144204 -0.336510 -0.172514
v -0.410643 0.217775 0.079096
v -0.153119 0.007241 -0.095690
v 0.061198 -0.248213 -0.145873
v -0.593616 0.130531 0.138042
v -0.217729 0.133896 -0.042498
v -0.055947 -0.107907 -0.122900
v -0.801632 -0.179113 0.158651
v 0.550027 -0.201755 -0.101543
v 0.063173 -0.260493 -0.179623
v 0.575861 -0.074875 -0.061435
v 0.179485 -0.380597 -0.177026
v 0.792246 0.209247 0.040817
v -0.402616 0.219614 0.063013
v -0.742526 -0.128363 0.177411
v -0.015363 -0.138534 -0.134691
v 0.572836 -0.075066 -0.044611
v -0.431868 0.199882 0.084630
v 0.256559 -0.401993 -0.168673
v 0.620672 -0.069188 -0.030869
v -0.542018 0.163908 0.113634
v 0.033114 -0.237170 -0.143086
v -0.481275 0.169137 0.095209
v 0.490687 -0.201216 -0.095422
v 0.292272 -0.357348 -0.199089
v -0.329519 0.204426 0.022305
v -0.638951 0.067064 0.153983
v -0.565194 0.147283 0.129585
v -0.323330 0.169318 0.017416
v 0.736957 0.150450 0.041161
v 0.691589 0.041798 -0.003544
v -0.602662 0.061783 0.152624
v 0.135923 -0.302705 -0.193995
v 0.749774 0.172082 0.010401
v -0.649856 0.011649 0.141472
v 0.764472 0.179517 0.054152
v -0.245123 0.111917 -0.059320
v -0.358168 0.186501 0.060760
v 0.117335 -0.302449 -0.172664
v -0.733691 -0.093641 0.156457
v -0.504942 0.202546 0.081848
v 0.191983 -0.371995 -0.163050
v -0.753432 -0.100895 0.200492
v -0.150443 0.018069 -0.053093
v -0.523169 0.150954 0.109055
v -0.606454 0.080587 0.168035
v -0.755565 -0.156696 0.155568
v -0.594154 0.100446 0.133740
v 0.318882 -0.355371 -0.159888
v -0.219953 0.111531 -0.038870
v 0.800492 0.233963 0.069766
v 0.319945 -0.363661 -0.180113
v 0.736711 0.118289 0.003122
v 0.442958 -0.305270 -0.135965
v 0.659598 0.004696 -0.040668
v 0.689534 0.100049 -0.019690
v -0.194236 0.068385 -0.058781
v 0.509051 -0.172361 -0.113252
v 0.384445 -0.342711 -0.157087
v 0.372687 -0.313390 -0.157396
v 0.071700 -0.289042 -0.170528
v -0.012054 -0.177269 -0.152670
v -0.316183 0.186415 0.014946
v -0.042354 -0.150531 -0.129425
v 0.161502 -0.340646 -0.171892
v 0.439830 -0.306171 -0.116934
v -0.409892 0.231699 0.050584
v 0.147162 -0.340603 -0.185427
v 0.435577 -0.314386 -0.160333
v 0.767836 0.227243 0.039349
v -0.046789 -0.130322 -0.125970
v -0.330529 0.209699 0.041874
v 0.117278 -0.306579 -0.151708
v -0.033870 -0.138851 -0.149399
v 0.237002 -0.364705 -0.156301
v -0.789229 -0.210796 0.176033
v -0.239228 0.121518 -0.043466
v -0.577891 0.086198 0.166068
v -0.778695 -0.135309 0.169364
v -0.231296 0.110977 -0.029661
v -0.367094 0.213101 0.029352
v -0.442351 0.223772 0.090545
v -0.484181 0.195511 0.085397
v -0.564581 0.130635 0.124660
v 0.585355 -0.094424 -0.062777
v -0.374724 0.221740 0.037295
v -0.498522 0.160217 0.086495
v -0.232264 0.081527 -0.034875
v -0.250216 0.141535 -0.045838
v 0.434398 -0.300224 -0.125844
v 0.205525 -0.376441 -0.201079
v 0.286058 -0.389202 -0.183398
v 0.395274 -0.318598 -0.165915
v 0.405576 -0.318366 -0.120056
v -0.149837 -0.006188 -0.095004
v 0.778320 0.229938 0.044502
v -0.015830 -0.120954 -0.118478
v 0.408514 -0.340250 -0.167041
v 0.381649 -0.332005 -0.162945
v 0.768881 0.194052 0.010062
v 0.172259 -0.361051 -0.200779
v 0.518638 -0.154678 -0.104098
v 0.181348 -0.383678 -0.167666
v 0.696178 0.088504 -0.005314
v 0.189381 -0.377893 -0.163752
v 0.673202 0.037324 -0.034494
v 0.508509 -0.209186 -0.126280
v 0.467021 -0.272985 -0.124224
v 0.722060 0.145929 0.039646
v 0.259624 -0.402845 -0.184128
v 0.500493 -0.212854 -0.085339
v -0.584610 0.141907 0.114772
v -0.392868 0.220623 0.048077
v -0.048188 -0.134190 -0.114953
v -0.355299 0.177173 0.005729
v 0.633547 0.000878 -0.030551
v -0.382883 0.201966 0.077481
v -0.687803 0.021896 0.146824
v 0.769306 0.193827 0.046456
v -0.291491 0.168882 -0.026676
v 0.275420 -0.399760 -0.154592
v 0.751356 0.180970 0.005946
v -0.560665 0.151491 0.132995
v -0.688911 0.011737 0.150850
v 0.172522 -0.357747 -0.192596
v 0.086296 -0.312889 -0.186565
v -0.049284 -0.118600 -0.145554
v -0.580253 0.115718 0.114082
v 0.221864 -0.372168 -0.173287
v 0.360051 -0.364485 -0.168247
v -0.316009 0.187562 -0.029497
v 0.435646 -0.268889 -0.143321
v -0.003367 -0.152174 -0.130331
v -0.312203 0.149935 0.007275
v 0.002428 -0.194452 -0.160314
v 0.435188 -0.273799 -0.117699
v -0.475451 0.207040 0.101014
v -0.345404 0.194413 -0.004219
v 0.464177 -0.281577 -0.143577
v -0.407788 0.190282 0.044738
v -0.709934 -0.092811 0.161913
v -0.219497 0.066611 -0.073434
v -0.640565 0.047346 0.151450
v -0.445750 0.210877 0.052333
v 0.389001 -0.338402 -0.153806
v 0.364722 -0.368434 -0.141259
v -0.416639 0.216884 0.045510
v 0.700403 0.092322 -0.005156
v -0.767337 -0.161702 0.169950
v -0.023146 -0.176877 -0.161720
v -0.605109 0.116147 0.157274
v 0.767104 0.174780 0.022852
v -0.376350 0.217512 0.053773
v 0.290964 -0.390219 -0.191134
v -0.064501 -0.116496 -0.140236
v 0.462403 -0.269432 -0.112460
v -0.325731 0.171164 0.013025
v -0.578400 0.118005 0.152334
v 0.157740 -0.345631 -0.191769
v -0.076947 -0.087343 -0.099267
v -0.002595 -0.203188 -0.149884
v 0.130486 -0.346114 -0.181225
v 0.547873 -0.179299 -0.107296
v -0.766412 -0.147518 0.158473
v 0.088757 -0.268785 -0.176129
v 0.771698 0.221468 0.058721
v 0.697278 0.066064 -0.014888
v -0.699988 -0.027909 0.163392
v -0.023978 -0.185340 -0.152656
v 0.266544 -0.382124 -0.159214
v 0.278422 -0.370356 -0.178360
v -0.340827 0.190707 0.039861
v 0.364756 -0.319307 -0.164065
v -0.768946 -0.137095 0.180251
v 0.109260 -0.281179 -0.150628
v -0.451119 0.217105 0.070133
v -0.752645 -0.125563 0.183349
v 0.220193 -0.389434 -0.162293
v 0.428645 -0.317631 -0.114337
v 0.457490 -0.256005 -0.147736
v 0.229286 -0.399173 -0.187701
v -0.464893 0.226007 0.055724
v 0.397802 -0.329686 -0.170245
v -0.095926 -0.097267 -0.116901
v 0.005771 -0.218452 -0.157544
v 0.157867 -0.331215 -0.198406
v 0.515547 -0.183058 -0.088980
v 0.475453 -0.251220 -0.104889
v -0.047454 -0.129273 -0.126272
v -0.725930 -0.033290 0.153016
v -0.612260 0.113686 0.160553
v 0.773349 0.240089 0.047711
v 0.035360 -0.228135 -0.138314
v -0.108105 -0.032521 -0.092998
v 0.742438 0.149799 0.005290
v 0.774051 0.220095 0.054519
v 0.763038 0.204913 0.055005
v 0.404419 -0.350934 -0.143480
v 0.159980 -0.333477 -0.179048
v -0.641153 0.009071 0.180059
v 0.344257 -0.346148 -0.185943
v 0.071030 -0.232720 -0.179340
v -0.452345 0.198406 0.087202
v -0.025571 -0.161083 -0.158642
v -0.162448 0.059957 -0.071457
v -0.590266 0.067978 0.153657
v 0.031401 -0.259235 -0.141155
v -0.298142 0.149143 0.000646
v -0.545790 0.147014 0.123456
v -0.281101 0.153757 0.001758
v 0.499247 -0.191533 -0.095690
v 0.394790 -0.313262 -0.152046
v 0.377216 -0.362895 -0.133808
v 0.463112 -0.302077 -0.114410
v -0.683406 -0.008331 0.160187
v 0.587274 -0.036413 -0.026724
v 0.705591 0.131423 0.006159
v -0.491040 0.191919 0.136140
v 0.325960 -0.391317 -0.155234
v -0.164164 0.026492 -0.084749
v 0.530870 -0.183586 -0.105673
v -0.655414 0.048625 0.165509
v -0.772526 -0.178339 0.174826
v 0.250248 -0.358281 -0.199676
v 0.149217 -0.340628 -0.157654
v 0.125112 -0.314442 -0.154537
v -0.724360 -0.109368 0.195973
v 0.322234 -0.363932 -0.146871
v -0.251919 0.171029 -0.018644
v -0.008517 -0.214522 -0.126721
v -0.025535 -0.123182 -0.129463
v -0.583322 0.103099 0.129191
v -0.761078 -0.179839 0.187237
v 0.245892 -0.355690 -0.199263
v 0.205745 -0.344021 -0.193368
v 0.490595 -0.199600 -0.123832
v -0.433865 0.228302 0.048328
v 0.078286 -0.276846 -0.176962
v -0.301949 0.203425 0.002971
v 0.279451 -0.398494 -0.186560
v 0.506313 -0.246686 -0.103654
v -0.104699 -0.033466 -0.127512
v 0.270030 -0.373530 -0.151758
v -0.144856 0.000676 -0.086094
v -0.635370 0.039116 0.158345
v 0.350553 -0.369802 -0.174045
v 0.511021 -0.155600 -0.067458
v 0.301183 -0.378422 -0.155810
v -0.204326 0.077139 -0.050618
v -0.771560 -0.133724 0.184150
v -0.506123 0.202247 0.087093
v 0.717989 0.146667 0.011524
v 0.154765 -0.329681 -0.192356
v -0.539042 0.149480 0.113811
v 0.089533 -0.327898 -0.156699
v 0.436491 -0.264276 -0.109730
v 0.483051 -0.263027 -0.130489
v 0.191922 -0.395729 -0.183688
v -0.503487 0.162563 0.097427
v 0.498253 -0.225465 -0.124032
v -0.433558 0.202094 0.087686
v 0.374187 -0.319808 -0.164221
v -0.743615 -0.086068 0.192445
v -0.531381 0.175057 0.108414
v 0.174033 -0.372215 -0.203907
v -0.377617 0.219443 0.042936
v -0.220462 0.140624 -0.024732
v 0.712863 0.123014 0.004034
v 0.627679 -0.034980 -0.033769
v -0.405672 0.228555 0.075389
v -0.133543 -0.025192 -0.114301
v 0.574262 -0.119461 -0.068882
v 0.485260 -0.259158 -0.099836
v 0.469083 -0.261439 -0.115574
v -0.049745 -0.063766 -0.106431
v 0.171931 -0.361864 -0.156380
v -0.108029 -0.027203 -0.112101
v 0.024713 0.374112 0.048812
v -0.131889 0.171249 0.060421
v -0.151989 0.212940 0.037442
v -0.148289 0.168475 0.061429
v 0.035983 0.483597 0.042017
v -0.747108 0.313091 0.062631
v -0.075601 0.272705 0.045428
v -0.617402 0.370558 0.048100
v -0.516651 0.551030 0.038144
v -0.390350 0.169767 0.036560
v -0.090131 0.461264 0.044191
v -0.703117 0.258221 0.041060
v -0.393566 0.474628 0.063035
v -0.626305 0.206501 0.048178
v -0.411093 0.345894 0.063339
v -0.120722 0.278830 0.061461
v -0.592417 0.153733 0.047439
v -0.455826 0.109839 0.042421
v -0.403065 0.399817 0.059095
v -0.350887 0.206055 0.040983
v -0.462068 0.321888 0.059280
v -0.529370 0.323532 0.045272
v -0.582526 0.401369 0.036932
v -0.277326 0.398186 0.060142
v -0.140605 0.191017 0.060396
v -0.055666 0.348840 0.040828
v -0.642579 0.528892 0.050397
v -0.262132 0.134735 0.057297
v -0.348563 0.575189 0.052043
v -0.334237 0.171594 0.051660
v -0.085300 0.405548 0.045046
v -0.386656 0.381066 0.059517
v -0.224327 0.360746 0.057396
v -0.667546 0.429272 0.052830
v -0.000941 0.476720 0.054159
v -0.106036 0.351463 0.061778
v -0.240152 0.267013 0.060310
v -0.429372 0.166700 0.050677
v -0.344391 0.288262 0.042055
v -0.430691 0.444757 0.062470
v -0.353469 0.219997 0.044513
v -0.419639 0.567774 0.043229
v -0.697398 0.338213 0.056922
v -0.392369 0.217549 0.051042
v -0.429983 0.253431 0.042226
v -0.621522 0.417205 0.049350
v -0.115981 0.127451 0.048558
v -0.320148 0.446846 0.048502
v -0.400306 0.514422 0.048923
v -0.682579 0.450561 0.060925
v -0.683433 0.525793 0.048446
v -0.385279 0.402379 0.053199
v 0.012666 0.205776 0.052953
v -0.259722 0.217267 0.049882
v -0.309695 0.180534 0.043633
v -0.400533 0.483351 0.043987
v -0.610147 0.347523 0.052448
v -0.175721 0.197629 0.048871
v -0.359634 0.604379 0.036770
v -0.345516 0.212849 0.046900
v -0.621768 0.443114 0.036701
v -0.303113 0.319750 0.060264
v -0.585859 0.429185 0.044628
v -0.539282 0.392275 0.038471
v -0.476388 0.525375 0.041816
v -0.331514 0.282737 0.052474
v -0.262950 0.132044 0.037302
v -0.120532 0.156324 0.058297
v -0.537252 0.470079 0.050175
v -0.338070 0.500733 0.043375
v -0.333648 0.627450 0.058414
v -0.514906 0.199639 0.042888
v 0.062192 0.273440 0.060218
v -0.152542 0.481056 0.063548
v -0.642162 0.153222 0.054791
v 0.088865 0.373182 0.043286
v 0.092498 0.400558 0.056632
v -0.000921 0.452441 0.058818
v -0.686322 0.226392 0.046127
v -0.461137 0.387220 0.055304
v -0.626964 0.228309 0.056597
v -0.125195 0.108476 0.038429
v -0.010022 0.507385 0.050067
v -0.352127 0.162630 0.062016
v -0.451512 0.394812 0.056445
v -0.638317 0.383774 0.038604
v -0.575876 0.173809 0.050311
v -0.466252 0.220494 0.048924
v -0.596249 0.261259 0.054225
v -0.294399 0.180113 0.060792
v -0.364707 0.315989 0.046440
v -0.158363 0.482153 0.063383
v -0.399949 0.331311 0.053973
v -0.002692 0.448064 0.055639
v -0.359690 0.334297 0.041053
v -0.439654 0.160780 0.061432
v -0.194611 0.225942 0.059469
v -0.500422 0.149765 0.047825
v -0.249817 0.312936 0.037534
v 0.034080 0.457422 0.050894
v -0.527899 0.459178 0.044611
v -0.210045 0.254436 0.052542
v -0.094349 0.451355 0.056738
v -0.472713 0.471013 0.044379
v -0.402139 0.444861 0.041263
v -0.538176 0.258341 0.036467
v -0.014112 0.192446 0.040662
v -0.419680 0.106044 0.049464
v -0.309021 0.515427 0.038298
v -0.029217 0.233269 0.057134
v -0.558388 0.436595 0.060278
v -0.597431 0.352999 0.041706
v 0.073353 0.298676 0.038138
v -0.369175 0.326831 0.045950
v -0.513430 0.453121 0.062451
v -0.571236 0.427481 0.058812
v -0.606274 0.571632 0.062199
v -0.306106 0.183132 0.040698
v -0.105104 0.491174 0.045180
v -0.060943 0.174219 0.037621
v -0.569244 0.277949 0.060813
v -0.316404 0.275706 0.040783
v 0.095260 0.346447 0.045248
v -0.203893 0.110100 0.063244
v -0.115391 0.471697 0.057221
v -0.205371 0.534618 0.062389
v -0.176877 0.425305 0.050910
v -0.219239 0.326137 0.060963
v -0.312725 0.111510 0.063797
v -0.238758 0.332468 0.043230
v -0.521995 0.444136 0.055700
v -0.163996 0.336876 0.061612
v -0.069734 0.481442 0.046359
v -0.751804 0.408678 0.063386
v -0.113870 0.139521 0.056594
v -0.259070 0.391985 0.044803
v -0.544778 0.371402 0.038539
v -0.023156 0.474021 0.038467
v -0.349117 0.511416 0.053951
v -0.619168 0.546238 0.062664
v -0.388201 0.399919 0.037649
v -0.366064 0.376546 0.048347
v -0.026759 0.474036 0.061024
v -0.665181 0.173481 0.047403
v -0.536946 0.248854 0.057506
v -0.471820 0.511697 0.059503
v -0.704677 0.450214 0.044552
v -0.102770 0.338334 0.057926
v -0.359714 0.230123 0.052548
v -0.074960 0.560502 0.060015
v -0.564639 0.255570 0.037542
v -0.395017 0.425146 0.053307
v -0.364725 0.260616 0.047742
v -0.053104 0.492630 0.046708
v -0.586973 0.170121 0.038612
v 0.014259 0.437887 0.059526
v -0.446357 0.155892 0.039708
v -0.434605 0.262056 0.056721
v -0.489651 0.409455 0.059078
v -0.193680 0.300483 0.038344
v -0.250317 0.194917 0.053865
v -0.159366 0.567375 0.059398
v -0.602597 0.277865 0.040088
v -0.701629 0.309575 0.049904
v -0.233794 0.125697 0.056881
v -0.011473 0.364744 0.039896
v -0.240076 0.137923 0.062236
v -0.560944 0.203826 0.057282
v -0.638202 0.290150 0.055697
v -0.307014 0.390942 0.062885
v -0.578074 0.123219 0.043485
v -0.518690 0.516316 0.039607
v -0.236165 0.153499 0.062300
v -0.186579 0.480663 0.044267
v -0.201435 0.568368 0.037251
v -0.492723 0.170466 0.061914
v -0.586456 0.166308 0.040128
v -0.568673 0.201872 0.036446
v -0.526161 0.452798 0.036803
v -0.244706 0.103186 0.043340
v -0.584920 0.432151 0.044412
v -0.649135 0.376960 0.058530
v -0.473740 0.145893 0.045550
v -0.363709 0.308126 0.060377
v -0.644312 0.143425 0.052364
v -0.486503 0.503395 0.055259
v -0.310922 0.432221 0.046890
v -0.537032 0.230655 0.058547
v -0.288122 0.555749 0.050864
v -0.081718 0.267239 0.060642
v -0.566246 0.541208 0.061517
v -0.660253 0.183348 0.038074
v -0.688400 0.525638 0.047667
v -0.049342 0.544208 0.059614
v -0.217765 0.361990 0.038735
v -0.378612 0.228116 0.046701
v -0.074261 0.258612 0.052495
v -0.502522 0.188583 0.060702
v -0.341871 0.130406 0.042001
v -0.093197 0.366804 0.057278
v -0.401489 0.092804 0.050590
v -0.233918 0.115944 0.056436
v -0.757842 0.249305 0.051947
v -0.473183 0.550779 0.057098
v -0.374437 0.601366 0.056470
v -0.140491 0.313926 0.048334
v -0.670338 0.269930 0.060716
v -0.072555 0.302555 0.042021
v -0.032860 0.422864 0.056404
v -0.079979 0.520340 0.049816
v -0.269104 0.217619 0.050295
v -0.753838 0.322949 0.050804
v -0.297901 0.096247 0.045288
v -0.415248 0.249736 0.060946
v -0.596801 0.518638 0.054548
v -0.567273 0.126085 0.040448
v -0.033219 0.218267 0.061230
v -0.340467 0.256994 0.042113
v -0.344135 0.478159 0.048230
v -0.612974 0.339754 0.050985
v -0.479811 0.609496 0.047827
v -0.050374 0.226102 0.050067
v -0.568152 0.236536 0.045071
v -0.645373 0.288152 0.043526
v -0.399255 0.506768 0.052096
v -0.414336 0.417959 0.046008
v -0.217084 0.608206 0.045027
v -0.573626 0.555821 0.045233
v -0.649014 0.155558 0.055601
v -0.679045 0.364762 0.048806
v -0.423158 0.621548 0.037802
v -0.640869 0.141794 0.046802
v -0.020583 0.174543 0.047999
v -0.419308 0.437016 0.056949
v -0.089014 0.498356 0.049805
v -0.359594 0.482391 0.053168
v -0.506350 0.474459 0.057490
v -0.296811 0.168138 0.060828
v -0.578496 0.230295 0.052768
v -0.320185 0.587297 0.061578
v 0.068479 0.434280 0.045827
v -0.542793 0.346745 0.059382
v -0.506427 0.424521 0.037054
v -0.336094 0.190050 0.049311
v -0.469783 0.260708 0.043862
v -0.182728 0.455732 0.051161
v -0.357642 0.195360 0.054559
v -0.212114 0.500181 0.051492
v -0.645532 0.266658 0.043113
v -0.406218 0.298593 0.038319
v -0.563571 0.201599 0.036940
v -0.147024 0.356439 0.061480
v -0.463969 0.325197 0.059921
v -0.145346 0.215191 0.042776
v -0.259728 0.154653 0.047207
v -0.352858 0.259578 0.045686
v -0.370455 0.530326 0.036442
v -0.344502 0.459913 0.047003
v -0.573180 0.227487 0.059962
v 0.021275 0.243755 0.047281
v -0.446936 0.162302 0.037346
v -0.451533 0.460343 0.061905
v -0.202198 0.227619 0.052055
v -0.057484 0.495041 0.055897
v -0.235279 0.200775 0.048445
v -0.610381 0.184825 0.058485
v -0.411154 0.393473 0.063471
v -0.031380 0.162604 0.063156
v -0.420923 0.095685 0.054172
v -0.536408 0.176155 0.060105
v -0.490061 0.182675 0.060493
v -0.478174 0.324627 0.040444
v -0.255467 0.480039 0.062387
v -0.564016 0.490421 0.050336
v -0.417909 0.520926 0.048483
v -0.667108 0.187790 0.059273
v -0.287754 0.279691 0.057876
v -0.663686 0.269043 0.038802
v -0.653761 0.344212 0.046490
v -0.040562 0.438427 0.055264
v -0.471315 0.587718 0.052912
v -0.246263 0.459475 0.038809
v -0.042071 0.240957 0.040980
v -0.327003 0.106329 0.050486
v -0.576217 0.170657 0.049324
v -0.625737 0.417961 0.046619
v -0.529709 0.590606 0.049479
v -0.509855 0.467734 0.053157
v -0.575223 0.160536 0.053882
v -0.503626 0.610783 0.048093
v -0.660525 0.385914 0.045416
v -0.635857 0.462053 0.062621
v -0.411784 0.097811 0.043438
v -0.674204 0.177728 0.049633
v 0.003966 0.273213 0.044357
v -0.193047 0.433466 0.052625
v -0.788841 0.408122 0.054592
v -0.011725 0.523659 0.054017
v -0.755405 0.410823 0.057462
v -0.523471 0.255367 0.054570
v -0.197245 0.143476 0.055439
v -0.536168 0.361864 0.062392
v -0.662057 0.389196 0.047236
v -0.140726 0.449522 0.054148
v -0.386982 0.155799 0.038666
v -0.761512 0.294508 0.046475
v -0.267681 0.572548 0.040246
v -0.138798 0.192569 0.063069
v -0.384996 0.380163 0.057707
v -0.350309 0.101800 0.059427
v -0.696582 0.369040 0.059320
v -0.556409 0.501094 0.054301
v -0.495096 0.413492 0.061142
v -0.770994 0.298488 0.053586
v -0.203671 0.432909 0.040694
v -0.262009 0.583901 0.058039
v -0.543908 0.207679 0.044416
v -0.570297 0.380627 0.058592
v -0.050002 0.346588 0.056057
v -0.362547 0.626945 0.054744
v -0.753897 0.367176 0.058974
v -0.343226 0.500946 0.051567
v -0.427062 0.143752 0.063851
v -0.558136 0.335124 0.062287
v -0.624832 0.525661 0.037038
v -0.540916 0.379326 0.059090
v -0.248793 0.396222 0.045742
v -0.510090 0.145678 0.037101
v -0.041918 0.498424 0.062323
v -0.737552 0.411896 0.043552
v -0.025697 0.393038 0.055620
v -0.207115 0.533220 0.044787
v -0.000544 0.503569 0.040371
v -0.351262 0.180801 0.058692
v -0.321423 0.556830 0.058161
v -0.608070 0.254521 0.054952
v -0.470652 0.449412 0.047996
v -0.077011 0.349848 0.054867
v -0.551950 0.509818 0.047411
v -0.652642 0.362977 0.039720
v -0.577116 0.315292 0.038390
v -0.258776 0.594058 0.058968
v -0.342741 0.130985 0.038083
v -0.220404 0.552039 0.061502
v -0.466047 0.532751 0.044673
v -0.572545 0.228712 0.059830
v -0.126990 0.276958 0.055943
v -0.391376 0.171679 0.057522
v -0.021902 0.168734 0.043505
v -0.156051 0.321641 0.057494
v 0.012544 0.311931 0.054597
v -0.033097 0.231998 0.042393
v -0.584657 0.517291 0.059617
v -0.513559 0.309173 0.059082
v -0.792546 0.326297 0.045596
v -0.000873 0.277273 0.042644
v -0.402116 0.100130 0.062487
v -0.456099 0.108431 0.039962
v -0.742890 0.339887 0.046930
v -0.215620 0.316270 0.058687
v -0.556668 0.108162 0.058309
v -0.233897 0.474368 0.054415
v -0.428726 0.450356 0.046573
v -0.044892 0.250660 0.058112
v -0.736845 0.277513 0.040109
v -0.526619 0.540863 0.044572
v 0.037809 0.314490 0.048642
v -0.381593 0.571215 0.046571
v -0.494942 0.443297 0.046494
v -0.249979 0.215495 0.061887
v -0.241352 0.405481 0.057629
v -0.756353 0.297931 0.061342
v -0.464364 0.458169 0.061798
v -0.180919 0.604352 0.055240
v -0.224171 0.450133 0.059115
v -0.438414 0.280469 0.052607
v -0.762527 0.443216 0.048008
v -0.394682 0.433934 0.057801
v -0.408364 0.543956 0.038248
v -0.471752 0.419368 0.036781
v -0.023282 0.452780 0.042827
v -0.339681 0.494529 0.037671
v -0.191786 0.419138 0.040732
v -0.275174 0.518354 0.041477
v -0.771211 0.336554 0.047057
v -0.459450 0.607962 0.037294
v -0.751734 0.226547 0.054519
v -0.497336 0.359732 0.051217
v -0.305942 0.180229 0.056733
v -0.568635 0.489193 0.054318
v -0.393099 0.283440 0.047649
v -0.042890 0.298962 0.037170
v -0.746925 0.277236 0.047053
v -0.115344 0.396758 0.050028
v -0.267045 0.228470 0.042333
v -0.265683 0.250323 0.059659
v -0.577018 0.143988 0.043188
v -0.572067 0.415658 0.052487
v -0.275027 0.376926 0.056102
v -0.436229 0.226681 0.055088
v -0.675682 0.524394 0.058290
v -0.751062 0.234237 0.056141
v -0.348436 0.125099 0.042425
v -0.073298 0.534939 0.063945
v -0.446586 0.142325 0.055115
v -0.265479 0.401533 0.060175
v -0.482643 0.318128 0.047119
v -0.679084 0.290749 0.049007
v -0.113588 0.359974 0.039300
v -0.460247 0.470946 0.052754
v -0.534209 0.215599 0.039879
v -0.040159 0.156310 0.047243
v -0.162209 0.352531 0.047856
v -0.386911 0.107512 0.051411
v -0.622010 0.339305 0.043738
v 0.067581 0.367109 0.061986
v -0.305123 0.594541 0.046306
v -0.311554 0.547233 0.044345
v -0.496111 0.148841 0.038315
v -0.602702 0.452223 0.060791
v -0.410302 0.422207 0.044722
v -0.109209 0.265507 0.042095
v -0.446910 0.196949 0.036728
v -0.283174 0.418262 0.037318
v -0.302458 0.272169 0.061505
v -0.345456 0.432435 0.045252
v -0.707293 0.331481 0.055783
v -0.394961 0.337630 0.042175
v -0.201000 0.107079 0.048706
v -0.665620 0.358913 0.059997
v -0.411844 0.233418 0.045671
v -0.778695 0.349469 0.061011
v -0.403396 0.445155 0.061482
v -0.359899 0.331578 0.038610
v -0.607839 0.479094 0.042492
v -0.572399 0.193845 0.044981
v -0.330831 0.523367 0.043248
v -0.338475 0.161568 0.059316
v -0.753850 0.418735 0.048196
v -0.089874 0.414839 0.042284
v -0.548568 0.594011 0.059598
v 0.015269 0.245171 0.048741
v -0.623033 0.157246 0.059597
v -0.548568 0.202446 0.042617
v -0.323494 0.466655 0.052244
v -0.709228 0.472517 0.056308
v -0.545490 0.560691 0.049996
v 0.095241 0.315045 0.045528
v -0.304438 0.198711 0.043865
v -0.441476 0.337903 0.044497
v -0.141558 0.217412 0.058456
v -0.166136 0.178659 0.063743
v -0.665848 0.518885 0.059664
v -0.296495 0.404097 0.052642
v -0.103121 0.134925 0.046077
v -0.722327 0.223166 0.058477
v -0.481979 0.399577 0.039010
v -0.796243 0.377802 0.049234
v -0.455185 0.525963 0.044118
v -0.362469 0.169067 0.048917
v -0.748945 0.331662 0.040248
v -0.609699 0.488185 0.044289
v -0.579185 0.581553 0.055048
v -0.332326 0.137048 0.053048
v -0.368299 0.581509 0.050796
v -0.519110 0.497003 0.059600
v -0.600440 0.498269 0.052729
v 0.037982 0.221536 0.056099
v -0.525966 0.421701 0.039702
v -0.630967 0.461306 0.036946
v -0.317083 0.164796 0.048340
v -0.684381 0.408728 0.049115
v -0.341207 0.223305 0.051820
v -0.271994 0.255351 0.042239
v -0.539110 0.373647 0.056872
v -0.333430 0.163704 0.054762
v 0.026241 0.489243 0.057260
v -0.192471 0.342816 0.051509
v -0.520393 0.408770 0.058203
v -0.718854 0.502070 0.054288
v -0.250333 0.459402 0.042491
v -0.508811 0.123950 0.037453
v -0.130070 0.522131 0.062014
v -0.353884 0.522379 0.058050
v -0.182918 0.107232 0.059367
v -0.085908 0.298806 0.063577
v -0.361555 0.483083 0.061680
v -0.562311 0.447476 0.039654
v -0.528596 0.522643 0.046970
v -0.287917 0.136804 0.038530
v -0.571422 0.344935 0.056031
v 0.030400 0.424546 0.060122
v -0.380658 0.553154 0.059185
v -0.519390 0.524863 0.057836
v -0.429238 0.427001 0.062932
v -0.616200 0.169681 0.050568
v -0.166608 0.357039 0.045802
v -0.413693 0.448255 0.058461
v -0.549135 0.597068 0.047486
v 0.092955 0.338491 0.046225
v -0.252362 0.165839 0.060070
v -0.031651 0.287281 0.053851
v -0.617705 0.408049 0.055005
v 0.019131 0.412126 0.062627
v -0.240298 0.471945 0.038105
v -0.774181 0.382440 0.038605
v 0.069580 0.298221 0.051685
v 0.071479 0.290441 0.062640
v -0.291173 0.125171 0.051118
v -0.670856 0.385522 0.049553
v -0.066114 0.252436 0.041684
v -0.313393 0.276093 0.058440
v -0.234048 0.151814 0.058322
v -0.162294 0.574602 0.049269
v -0.491131 0.198194 0.044412
v -0.545438 0.409944 0.057287
v -0.659242 0.298137 0.049188
v -0.224789 0.359537 0.037157
v -0.597816 0.323516 0.055174
v -0.311507 0.382994 0.055071
v -0.394269 0.124882 0.036102
v -0.402825 0.156959 0.044332
v -0.240037 0.326389 0.043712
v -0.516848 0.351116 0.060217
v 0.031494 0.458349 0.043534
v -0.712274 0.483210 0.044947
v -0.375648 0.103239 0.045954
v -0.658021 0.478927 0.048525
v -0.415914 0.601031 0.042435
v -0.368990 0.285162 0.050968
v -0.324057 0.199468 0.051200
v -0.168802 0.304417 0.036375
v -0.035988 0.309660 0.049816
v -0.045003 0.215886 0.042053
v -0.702544 0.301099 0.047935
v -0.231707 0.100293 0.045396
v -0.175386 0.334762 0.039768
v -0.581936 0.363252 0.054582
v -0.556736 0.546526 0.053387
v -0.484869 0.371376 0.037240
v -0.118351 0.464523 0.053061
v -0.170867 0.190394 0.039703
v -0.547103 0.238510 0.052001
v 0.047129 0.423849 0.040333
v -0.393767 0.185926 0.042672
v -0.473533 0.085230 0.048599
v -0.116822 0.353420 0.054128
v -0.249746 0.532963 0.045533
v -0.123532 0.576820 0.045623
v -0.001138 0.301001 0.046415
v -0.420156 0.438804 0.048022
v -0.265158 0.561175 0.048422
v -0.386966 0.461342 0.036543
v -0.289174 0.192607 0.062217
v -0.485618 0.595441 0.063858
v 0.068918 0.288584 0.044373
v -0.197700 0.113706 0.052319
v -0.261636 0.434802 0.052836
v -0.680411 0.327784 0.055407
v -0.190656 0.553410 0.062669
v 0.071680 0.296259 0.056373
v -0.311009 0.618055 0.048159
v -0.273597 0.161922 0.060692
v -0.359744 0.472306 0.044560
v -0.530712 0.230765 0.044520
v -0.091717 0.228125 0.040614
v -0.077461 0.322580 0.049343
v -0.499925 0.502105 0.055908
v -0.500138 0.597766 0.060263
v -0.596697 0.145317 0.053175
v -0.704204 0.243991 0.042339
v -0.024284 0.251653 0.053940
v -0.132141 0.486173 0.060196
v -0.004457 0.296246 0.056188
v -0.389926 0.338760 0.037843
v -0.448499 0.165324 0.049381
v -0.056294 0.538453 0.047354
v -0.501300 0.090949 0.059332
v -0.188134 0.451850 0.040306
v -0.067161 0.387084 0.052789
v 0.020823 0.429892 0.056099
v -0.397374 0.603412 0.063287
v -0.034046 0.229308 0.040153
v -0.327280 0.621712 0.039182
v -0.744665 0.412863 0.047088
v -0.155674 0.274794 0.062880
v -0.510627 0.536608 0.058063
v -0.090630 0.196147 0.050608
v -0.102771 0.505530 0.042238
v -0.001392 0.321061 0.063581
v -0.407747 0.598027 0.040580
v -0.669889 0.248254 0.059354
v 0.002239 0.297858 0.045045
v -0.601722 0.439657 0.055419
v -0.256161 0.106905 0.038308
v -0.601870 0.557610 0.036557
v -0.205700 0.510469 0.061558
v -0.365891 0.159327 0.057822
v -0.387932 0.366547 0.056152
v -0.140174 0.514546 0.052090
v -0.454089 0.136272 0.048105
v -0.192576 0.200732 0.060211
v -0.501441 0.228643 0.048645
v -0.761925 0.367920 0.055759
v -0.501541 0.556756 0.037470
v -0.183937 0.294102 0.042960
v -0.606187 0.464971 0.040021
v -0.380828 0.283461 0.048120
v 0.035802 0.272609 0.043494
v -0.670254 0.254844 0.044562
v -0.309796 0.560761 0.052449
v -0.420651 0.604942 0.056702
v -0.547320 0.120322 0.058153
v -0.420421 0.241546 0.049127
v -0.439814 0.198040 0.041548
v -0.159227 0.124905 0.038761
v -0.338680 0.388657 0.049479
v -0.388203 0.487555 0.061148
v -0.393497 0.293214 0.063601
v -0.476936 0.391438 0.041004
v -0.433060 0.536065 0.043098
v -0.570689 0.197093 0.041345
v -0.275099 0.249209 0.042768
v -0.496460 0.480814 0.038033
v -0.135868 0.391630 0.039698
v -0.287572 0.376698 0.055844
v -0.528489 0.474960 0.050961
v -0.753476 0.352120 0.062769
v -0.397282 0.628121 0.037465
v -0.103816 0.566176 0.058899
v -0.548481 0.107228 0.047012
v -0.037386 0.443339 0.040376
v -0.189450 0.111004 0.039685
v -0.305988 0.599061 0.036997
v -0.672327 0.367289 0.052419
v -0.121738 0.139535 0.056517
v -0.027524 0.175166 0.045780
v -0.367083 0.111131 0.044682
v 0.071361 0.284433 0.063275
v -0.663072 0.175036 0.039082
v -0.498574 0.107624 0.044794
v -0.506666 0.352342 0.062091
v -0.546811 0.405531 0.062846
v -0.460335 0.275212 0.043775
v -0.339717 0.606529 0.048056
v -0.355197 0.247505 0.059858
v -0.549376 0.119734 0.054400
v -0.053891 0.201013 0.042649
v -0.064768 0.542414 0.036022
v -0.461951 0.379720 0.037163
v -0.206662 0.479205 0.051747
v -0.654239 0.516024 0.054694
v -0.613197 0.439996 0.060563
v -0.478596 0.567640 0.055396
v -0.729928 0.475247 0.050145
v -0.360529 0.134507 0.039061
v -0.138680 0.420838 0.057121
v -0.394909 0.093434 0.056515
v -0.603812 0.235417 0.050376
v -0.490988 0.349539 0.052629
v 0.040732 0.409606 0.061083
v -0.505018 0.205263 0.042806
v -0.634312 0.324252 0.050231
v -0.451204 0.118550 0.038481
v -0.240248 0.198247 0.047773
v -0.719477 0.191887 0.053576
v -0.497752 0.203433 0.063811
v -0.331901 0.145258 0.040489
v -0.672816 0.377130 0.036337
v 0.011208 0.275795 0.040385
v 0.009504 0.352499 0.051511
v -0.552775 0.109039 0.044131
v -0.238156 0.451491 0.041902
v -0.402522 0.367973 0.050441
v -0.404321 0.116179 0.036806
v -0.448128 0.336968 0.047210
v -0.746732 0.441608 0.057287
v -0.736569 0.209806 0.046394
v -0.516903 0.221958 0.043954
v -0.625352 0.295964 0.060968
v -0.370008 0.543753 0.051800
v -0.090076 0.290414 0.050423
v -0.588895 0.434346 0.060315
v -0.515039 0.517279 0.038827
v -0.588657 0.425679 0.037272
v -0.545938 0.132028 0.058989
v -0.284157 0.498759 0.061932
v -0.265856 0.382952 0.053523
v -0.670100 0.430461 0.040103
v -0.381193 0.249084 0.050819
v -0.064078 0.305896 0.057236
v -0.261237 0.589498 0.055698
v -0.569953 0.365448 0.054956
v -0.093155 0.465227 0.051602
v -0.040486 0.505818 0.059510
v -0.163334 0.443329 0.049454
v -0.113713 0.562579 0.040020
v -0.435441 0.260380 0.046499
v -0.241653 0.202091 0.036666
v -0.103967 0.408181 0.052516
v 0.089867 0.404621 0.056158
v -0.523868 0.164932 0.051416
v -0.243959 0.599044 0.047241
v -0.663526 0.402385 0.049393
v -0.401581 0.431276 0.042008
v -0.231402 0.588263 0.043899
v -0.740173 0.309745 0.037664
v -0.225378 0.364746 0.042255
v -0.212916 0.479654 0.062231
v -0.035683 0.332648 0.063262
v -0.402069 0.532386 0.051908
v -0.069184 0.307207 0.063730
v -0.589583 0.440309 0.050336
v -0.548490 0.352693 0.038794
v -0.567814 0.244004 0.040068
v -0.127318 0.554441 0.053691
v -0.177799 0.389098 0.042995
v -0.057605 0.542863 0.044035
v -0.619653 0.523619 0.048645
v -0.096198 0.126815 0.041165
v -0.109494 0.430822 0.051788
v -0.128039 0.388698 0.061845
v -0.241451 0.258062 0.060138
v -0.313569 0.329390 0.037945
v -0.426754 0.383544 0.051183
v -0.206721 0.428358 0.052215
v -0.683753 0.365954 0.057597
v -0.701292 0.369396 0.052344
v -0.495744 0.433441 0.038321
v -0.171389 0.485263 0.045043
v -0.734333 0.269539 0.060018
v -0.407700 0.454336 0.040053
v -0.280195 0.214133 0.051549
v -0.352215 0.556555 0.047001
v -0.385917 0.213417 0.048922
v -0.589573 0.386260 0.037163
v 0.035730 0.260206 0.060402
v -0.281596 0.324247 0.040270
v -0.504184 0.149276 0.058741
v 0.000153 0.230378 0.052920
v -0.346865 0.562081 0.036179
v -0.151299 0.423401 0.062059
v -0.250655 0.095736 0.051900
v -0.364540 0.094942 0.058808
v -0.231991 0.142939 0.056542
v -0.191552 0.208777 0.054418
v -0.694316 0.195887 0.056336
v -0.631446 0.462364 0.057758
v -0.458712 0.617171 0.042172
v -0.228969 0.390477 0.057157
v -0.499108 0.340836 0.060020
v -0.130665 0.173818 0.044737
v -0.100420 0.298219 0.038406
v -0.400889 0.243827 0.053813
v -0.674409 0.422766 0.036062
v -0.383463 0.400882 0.046112
v 0.038354 0.352070 0.058187
v -0.200952 0.100654 0.048691
v -0.465753 0.592707 0.048846
v -0.334569 0.390193 0.038928
v -0.252539 0.194914 0.061492
v -0.392230 0.540933 0.062498
v -0.201737 0.481203 0.063348
v -0.674222 0.204118 0.048740
v -0.373595 0.481252 0.060020
v -0.135849 0.294668 0.053311
v -0.727644 0.219616 0.050707
v 0.086768 0.356336 0.042914
v -0.181222 0.433103 0.056938
v -0.108121 0.348940 0.041203
v -0.652219 0.149564 0.037983
v -0.320693 0.318471 0.040699
v -0.332774 0.162284 0.042545
v -0.018421 0.439847 0.037273
v -0.787069 0.368980 0.042760
v -0.383786 0.301045 0.036749
v -0.630300 0.312376 0.045304
v -0.465457 0.397511 0.045019
v -0.572877 0.455954 0.044081
v -0.073211 0.419989 0.062616
v -0.631875 0.477418 0.060551
v -0.609305 0.504263 0.052349
v -0.582890 0.332779 0.043065
v -0.305092 0.363007 0.054190
v -0.471623 0.401230 0.063670
v -0.082479 0.260324 0.049119
v -0.343415 0.163363 0.062591
v -0.329760 0.218698 0.049453
v -0.573844 0.279998 0.041524
v -0.216956 0.616047 0.037035
v -0.497409 0.333811 0.060779
v -0.668736 0.425155 0.057249
v -0.128722 0.107367 0.043785
v 0.077322 0.389763 0.043505
v -0.468663 0.611958 0.058684
v -0.524713 0.535980 0.048537
v -0.319307 0.483886 0.054535
v -0.460611 0.548825 0.047400
v -0.429279 0.193750 0.062323
v -0.290699 0.625522 0.049441
v -0.524028 0.120984 0.056353
v -0.623558 0.555246 0.060540
v -0.338757 0.193979 0.055452
v -0.513975 0.289082 0.053542
v -0.143266 0.333706 0.046806
v -0.054393 0.505438 0.049373
v -0.243063 0.231574 0.063845
v -0.279053 0.556341 0.044496
v -0.736227 0.467597 0.043645
v -0.732407 0.357014 0.062015
v -0.220797 0.578129 0.051684
v -0.540173 0.515047 0.060019
v -0.131898 0.323890 0.053409
v -0.107147 0.180235 0.046865
v -0.480988 0.374662 0.055636
v 0.089970 0.334560 0.043657
v -0.301680 0.444056 0.057423
v -0.105809 0.263222 0.062242
v -0.596398 0.421649 0.051658
v -0.011880 0.505430 0.059093
v -0.504888 0.373133 0.060663
v -0.229947 0.421426 0.036686
v -0.461749 0.146970 0.053146
v -0.098820 0.281740 0.043363
v -0.416284 0.471059 0.052591
v -0.453858 0.174113 0.038845
v -0.476708 0.615321 0.054085
v -0.370178 0.365057 0.060470
v -0.527924 0.270308 0.054520
v -0.757512 0.389449 0.038774
v -0.623526 0.305152 0.062705
v -0.501472 0.295697 0.045020
v -0.679310 0.192424 0.037533
v 0.077694 0.390187 0.046904
v -0.257034 0.370251 0.038246
v 0.043429 0.284549 0.054682
v -0.350126 0.269253 0.045148
v -0.243199 0.383231 0.052392
v -0.269253 0.483030 0.043067
v -0.302552 0.130889 0.050400
v -0.264604 0.413670 0.042468
v 0.020400 0.419919 0.050336
v -0.461030 0.248140 0.059903
v -0.488855 0.201770 0.052043
v 0.002121 0.423072 0.062603
v -0.001633 0.218486 0.059876
v -0.547658 0.367054 0.062101
v -0.143175 0.414128 0.043347
v -0.088113 0.512684 0.062430
v -0.698626 0.396768 0.053588
v -0.714479 0.488599 0.046158
v -0.469049 0.515414 0.052965
v -0.265502 0.403540 0.063757
v -0.753624 0.273687 0.036588
v -0.320636 0.427875 0.056363
v -0.543051 0.440030 0.049459
v -0.020636 0.435841 0.063293
v -0.337213 0.397060 0.041308
v -0.361369 0.445254 0.053578
v -0.578504 0.236018 0.041300
v -0.049811 0.236442 0.037851
v -0.179252 0.199067 0.036419
v -0.341705 0.482812 0.052167
v -0.040126 0.437378 0.042387
v -0.237267 0.498302 0.058075
v -0.764022 0.294689 0.053782
v -0.597929 0.458683 0.038848
v -0.605426 0.498246 0.048911
v -0.376080 0.606984 0.051895
v -0.246500 0.256078 0.041222
v -0.209877 0.551511 0.057325
v -0.369019 0.581235 0.043796
v 0.041083 0.289852 0.056916
v -0.690702 0.451053 0.051180
v -0.769799 0.338018 0.060746
v 0.005523 0.461640 0.042232
v -0.131256 0.390781 0.052940
v -0.602791 0.330393 0.049991
v -0.126312 0.432517 0.055669
v -0.653848 0.223532 0.055439
v -0.293733 0.085224 0.055561
v -0.194271 0.518401 0.049409
v -0.493873 0.276178 0.045977
v -0.206786 0.413021 0.055971
v -0.378995 0.523966 0.042591
v -0.208073 0.506646 0.060817
v -0.073280 0.313356 0.036630
v -0.193968 0.476396 0.044315
v -0.385974 0.344969 0.053430
v -0.548488 0.532468 0.051898
v -0.743936 0.365876 0.056202
v 0.044616 0.303435 0.041476
v -0.134332 0.107990 0.059876
v -0.456455 0.500861 0.051801
v -0.456681 0.266071 0.056155
v -0.366011 0.431187 0.037803
v -0.551996 0.101738 0.062969
v -0.552340 0.385679 0.050776
v -0.190222 0.484014 0.062820
v -0.637517 0.392336 0.038895
v -0.571455 0.506757 0.056448
v -0.240434 0.457977 0.058302
v -0.610726 0.305026 0.062775
v 0.079217 0.404561 0.055584
v -0.511805 0.296258 0.043077
v -0.459088 0.270533 0.049057
v 0.050110 0.288654 0.040796
v -0.024340 0.518989 0.055123
v -0.550731 0.332862 0.040809
v -0.705302 0.435326 0.063485
v -0.330972 0.199522 0.045770
v -0.225254 0.525997 0.036184
v -0.656500 0.177160 0.051412
v -0.149985 0.496138 0.059229
v -0.013135 0.447597 0.040485
v -0.573663 0.230271 0.060865
v -0.526854 0.233946 0.040396
v -0.380066 0.190923 0.045296
v -0.375152 0.314186 0.062796
v -0.289277 0.316690 0.039215
v -0.458997 0.543807 0.043166
v -0.146688 0.482859 0.040842
v -0.368765 0.320466 0.047714
v -0.184931 0.347439 0.042738
v 0.027434 0.407611 0.050811
v 0.077886 0.354719 0.054751
v -0.522703 0.110790 0.053913
v -0.251457 0.529056 0.058593
v -0.747913 0.225184 0.057491
v -0.072745 0.562707 0.036844
v -0.680022 0.188338 0.055865
v -0.297232 0.528910 0.061196
v -0.599955 0.427685 0.051628
v -0.386002 0.196856 0.042964
v -0.207435 0.240166 0.043797
v -0.357470 0.621844 0.046907
v -0.562671 0.406383 0.049001
v -0.023447 0.389591 0.044124
v -0.382768 0.142910 0.038796
v -0.368360 0.264465 0.047402
v -0.076866 0.562683 0.059244
v -0.336999 0.364705 0.039629
v -0.127956 0.445031 0.044900
v -0.000870 0.374893 0.058570
v -0.683348 0.166503 0.047640
v -0.397589 0.105636 0.039421
v -0.154231 0.148266 0.046429
v -0.470223 0.128652 0.039728
v -0.260339 0.149458 0.037344
v -0.683129 0.345813 0.063555
v -0.564707 0.171082 0.042580
v -0.009303 0.235589 0.062730
v -0.202617 0.225158 0.063862
v -0.229957 0.495142 0.060370
v -0.263621 0.510185 0.057604
v 0.017736 0.489111 0.057736
v -0.245978 0.205615 0.055203
v -0.194423 0.185900 0.055715
v -0.529329 0.312060 0.037131
v -0.089165 0.442513 0.050883
v -0.131995 0.365995 0.043132
v 0.042723 0.293507 0.050942
v -0.338928 0.327622 0.057259
v -0.754771 0.396590 0.048089
v -0.223633 0.104191 0.044666
v -0.195603 0.281203 0.063766
v -0.268003 0.619161 0.045197
v -0.436918 0.207858 0.056463
v -0.507509 0.282258 0.045128
v -0.258915 0.147593 0.048403
v -0.677786 0.423548 0.063512
v -0.034393 0.471640 0.057987
v 0.050974 0.333420 0.042258
v -0.450709 0.114315 0.049097
v -0.055537 0.316914 0.043003
v -0.310230 0.119953 0.038457
v -0.605756 0.483250 0.063409
v -0.092319 0.125986 0.051972
v -0.274525 0.320840 0.057182
v -0.086499 0.192497 0.062999
v -0.184620 0.574266 0.041640
v -0.437768 0.141016 0.046527
v -0.027756 0.359787 0.043624
v -0.704913 0.449505 0.039637
v -0.691661 0.339858 0.050454
v -0.508741 0.260206 0.055232
v -0.140562 0.279083 0.061270
v -0.373277 0.108318 0.056455
v -0.701435 0.243309 0.049417
v -0.041567 0.178340 0.039546
v -0.011705 0.513557 0.045194
v -0.428014 0.388170 0.057928
v -0.229520 0.245397 0.054949
v -0.354864 0.087067 0.054946
v -0.223017 0.278118 0.046234
v -0.622832 0.137533 0.060102
v -0.671229 0.334772 0.038938
v -0.317116 0.209201 0.042576
v -0.601982 0.269639 0.042796
v -0.451382 0.092493 0.036239
v -0.130902 0.353489 0.052447
v -0.683311 0.166052 0.059790
v -0.009602 0.270178 0.044321
v -0.401090 0.537760 0.061218
v -0.576074 0.130034 0.044672
v -0.010308 0.525571 0.048653
v -0.706986 0.225090 0.056827
v -0.112625 0.518464 0.061935
v -0.397055 0.481727 0.057521
v -0.133064 0.105723 0.039056
v -0.687311 0.521422 0.056542
v -0.348893 0.563193 0.061749
v -0.261005 0.561787 0.045223
v -0.615402 0.181349 0.051895
v 0.032309 0.434278 0.055713
v -0.614907 0.269505 0.050176
v -0.475869 0.533426 0.042243
v -0.471753 0.208147 0.054648
v -0.314580 0.278150 0.049355
v -0.498995 0.586626 0.063748
v -0.488961 0.174369 0.062747
v -0.239720 0.620895 0.054260
v -0.045396 0.483850 0.049047
v -0.217025 0.327254 0.061794
v -0.479133 0.256731 0.054412
v -0.364451 0.338860 0.050220
v -0.281143 0.559618 0.040161
v -0.226749 0.573401 0.045003
v 0.076326 0.372814 0.047446
v -0.573431 0.264363 0.062710
v -0.546252 0.562437 0.056385
v -0.286497 0.591688 0.062936
v -0.013707 0.251047 0.046992
v -0.247796 0.528634 0.044780
v -0.473340 0.208360 0.039329
v -0.477143 0.272786 0.052639
v -0.191291 0.384596 0.039583
v -0.385135 0.544233 0.044177
v -0.282268 0.194838 0.036935
v -0.338223 0.517123 0.046308
v -0.501783 0.088394 0.037173
v -0.264290 0.343928 0.047510
v -0.469992 0.364114 0.047707
v -0.508235 0.602524 0.058203
v -0.720623 0.252604 0.058377
v -0.212095 0.422043 0.051428
v -0.348346 0.577931 0.038611
v -0.555856 0.204956 0.056508
v -0.258123 0.099396 0.045098
v -0.614720 0.418106 0.061372
v -0.265109 0.444472 0.063396
v -0.565917 0.167249 0.053705
v -0.511545 0.464481 0.047739
v -0.425995 0.218724 0.036122
v -0.361464 0.520103 0.058716
v -0.489286 0.486358 0.039530
v -0.666463 0.478657 0.048004
v -0.664127 0.350341 0.051090
v -0.269364 0.201969 0.058220
v -0.331300 0.452944 0.047478
v -0.009599 0.331540 0.052817
v -0.382942 0.603260 0.036990
v -0.722131 0.321416 0.059095
v -0.573855 0.450788 0.054499
v -0.278139 0.254383 0.062877
v -0.090163 0.215893 0.041145
v -0.418485 0.250411 0.051799
v -0.534210 0.465306 0.036654
v -0.036089 0.499909 0.037040
v -0.617559 0.140002 0.036665
v -0.428915 0.080642 0.054990
v -0.300337 0.408490 0.052353
v -0.285909 0.500538 0.036929
v -0.635911 0.425102 0.040581
v -0.205475 0.428786 0.038069
v -0.570843 0.163213 0.057137
v -0.207195 0.154509 0.053785
v -0.144385 0.145801 0.040411
v -0.001180 0.230439 0.053063
v -0.034462 0.517632 0.042281
v -0.528420 0.363753 0.061750
v -0.247537 0.367279 0.051658
v -0.109449 0.217138 0.054266
v -0.573663 0.400626 0.048713
v -0.123107 0.399968 0.051670
v -0.680602 0.361651 0.060896
v -0.246231 0.093760 0.062139
v -0.166941 0.396878 0.040446
v -0.569242 0.134341 0.056924
v -0.225057 0.362710 0.063911
v -0.650946 0.450827 0.037484
v -0.424181 0.524587 0.047734
v -0.606108 0.346726 0.056738
v -0.387388 0.527408 0.059650
v -0.674670 0.466145 0.036545
v -0.717193 0.463559 0.043428
v -0.150787 0.533960 0.061671
v -0.160743 0.349500 0.048909
v -0.643848 0.405559 0.043017
v -0.778134 0.358677 0.043304
v -0.728073 0.440553 0.055574
v -0.385893 0.506329 0.049107
v -0.333536 0.286446 0.048151
v -0.129003 0.521153 0.050003
v -0.763824 0.426988 0.051281
v -0.167281 0.517435 0.058276
v -0.086914 0.538839 0.040106
v -0.660296 0.488332 0.055808
v -0.341558 0.208107 0.048251
v -0.150847 0.351020 0.049795
v -0.616592 0.134830 0.036932
v -0.639315 0.504352 0.051197
v -0.148564 0.358340 0.055319
v -0.072276 0.309883 0.044557
v -0.763217 0.395789 0.059467
v -0.462273 0.269773 0.052314
v -0.292691 0.441587 0.040878
v -0.332991 0.206931 0.051586
v -0.636466 0.562825 0.054823
v -0.401790 0.604355 0.058170
v -0.048702 0.460460 0.063359
v -0.565914 0.300325 0.036552
v -0.753690 0.449466 0.039318
v -0.027250 0.351482 0.056270
v -0.690602 0.503192 0.038878
v -0.200821 0.520235 0.054168
v -0.366788 0.285283 0.059156
v -0.150185 0.397620 0.047890
v -0.612438 0.299234 0.048394
v -0.623210 0.511037 0.054147
v -0.385179 0.427760 0.037504
v -0.215564 0.336452 0.061938
v -0.359121 0.347301 0.054936
v -0.210859 0.378731 0.051547
v -0.598407 0.531847 0.036331
v -0.096547 0.399130 0.044094
v -0.717601 0.388359 0.062048
v -0.302574 0.579458 0.040918
v 0.039699 0.487116 0.040820
v -0.098853 0.238284 0.061325
v -0.271957 0.163575 0.054156
v -0.516351 0.148614 0.060083
v -0.458426 0.466128 0.052776
v -0.531482 0.585004 0.063657
v -0.352615 0.208781 0.057282
v -0.508889 0.492472 0.054990
v -0.639907 0.189897 0.054731
v -0.229498 0.478182 0.047325
v -0.048893 0.511050 0.041913
v -0.463133 0.612357 0.058033
v -0.268826 0.281200 0.061146
v -0.233656 0.525250 0.057867
v -0.513926 0.262763 0.048436
v -0.696201 0.461901 0.056764
v -0.299902 0.120070 0.048524
v -0.729429 0.299446 0.061214
v -0.346653 0.330716 0.050845
v -0.568422 0.554079 0.058633
v -0.686029 0.406768 0.037300
v -0.510397 0.465863 0.056260
v -0.475699 0.342006 0.043640
v -0.595980 0.219654 0.041920
v -0.239467 0.202614 0.047221
v -0.369822 0.408192 0.045954
v -0.358928 0.510923 0.051818
v -0.612767 0.263354 0.041114
v -0.505909 0.448379 0.040070
v -0.672781 0.427523 0.038721
v -0.071750 0.505680 0.037589
v -0.432945 0.187221 0.055403
v -0.053119 0.438091 0.047490
v -0.636155 0.441723 0.051509
v -0.094946 0.345477 0.042226
v -0.238271 0.469162 0.059149
v -0.620859 0.453935 0.041870
v -0.223092 0.178667 0.055445
v -0.568627 0.160686 0.059840
v 0.041601 0.362740 0.060773
v -0.100288 0.557747 0.043412
v -0.601507 0.576684 0.049870
v -0.311859 0.339272 0.059844
v -0.467831 0.593724 0.059034
v -0.770761 0.321859 0.049560
v -0.241665 0.098544 0.056111
v -0.277801 0.404937 0.057243
v -0.438361 0.620484 0.043151
v -0.381562 0.203134 0.044541
v -0.162108 0.353615 0.042941
v -0.489321 0.374792 0.056190
v -0.025598 0.237127 0.063627
v -0.257099 0.295429 0.048034
v -0.656892 0.401581 0.050989
v -0.254872 0.196779 0.040034
v -0.255499 0.246427 0.048488
v -0.074497 0.285519 0.061746
v -0.701566 0.324499 0.052511
v -0.645088 0.300689 0.049178
v -0.419235 0.504817 0.043224
v -0.583309 0.395241 0.037940
v -0.376427 0.443747 0.053091
v 0.032199 0.342699 0.052275
v -0.424123 0.229276 0.063852
v -0.025667 0.233947 0.062952
v -0.694356 0.442778 0.045320
v 0.096555 0.334352 0.052280
v -0.353125 0.615006 0.050446
v -0.176440 0.368649 0.043806
v -0.111613 0.328846 0.044249
v -0.582038 0.239392 0.058073
v -0.440762 0.428274 0.060838
v -0.064013 0.328869 0.058493
v -0.242606 0.426863 0.061805
v -0.274365 0.298483 0.062373
v -0.706194 0.399053 0.045388
v -0.351143 0.398699 0.044850
v -0.318858 0.521230 0.039677
v -0.105282 0.513249 0.044386
v -0.347488 0.479270 0.048320
v -0.533263 0.125550 0.061581
v -0.442317 0.089381 0.037887
v -0.660632 0.466190 0.043960
v -0.755207 0.420564 0.047714
v -0.090413 0.158648 0.038944
v -0.495217 0.259024 0.055559
v -0.763669 0.363690 0.051613
v -0.740797 0.367954 0.037330
v -0.449079 0.397762 0.055515
v -0.457189 0.560623 0.050298
v -0.625187 0.335333 0.045902
v -0.539034 0.576941 0.038237
v -0.184437 0.301597 0.059926
v -0.429674 0.243500 0.039906
v 0.048317 0.248509 0.050653
v -0.636604 0.303860 0.037162
v 0.016586 0.234366 0.053177
v -0.683192 0.521261 0.052960
v -0.336765 0.232955 0.050042
v -0.142061 0.543819 0.050913
v -0.446303 0.606262 0.045193
v -0.228235 0.371731 0.042166
v -0.535484 0.125198 0.051131
v -0.145175 0.209136 0.058195
v -0.344635 0.235424 0.056882
v -0.171440 0.287056 0.048113
v -0.568802 0.475240 0.044203
v -0.248330 0.087572 0.056971
v -0.509429 0.321085 0.062453
v -0.466877 0.114012 0.041212
v -0.160898 0.499788 0.046604
v -0.131770 0.375073 0.036176
v -0.037447 0.342593 0.051709
v -0.204685 0.188337 0.038240
v -0.361934 0.171590 0.054643
v -0.320208 0.480578 0.053856
v -0.590191 0.564193 0.057189
v 0.013267 0.285804 0.049449
v -0.510536 0.502854 0.041401
v -0.594322 0.139721 0.059838
v -0.695520 0.415525 0.057479
v -0.107078 0.405423 0.045510
v -0.563246 0.517871 0.042113
v 0.019935 0.261395 0.042178
v -0.618299 0.158157 0.040766
v -0.591826 0.573242 0.048549
v -0.136371 0.267506 0.040570
v -0.361297 0.594527 0.063187
v -0.477524 0.492069 0.061431
v -0.730143 0.318294 0.055610
v -0.292052 0.559956 0.048596
v -0.087337 0.254040 0.037083
v -0.119960 0.459967 0.063190
v -0.777501 0.286250 0.046071
v -0.660685 0.237663 0.060198
v -0.642005 0.482477 0.042520
v -0.659102 0.507137 0.060465
v -0.383086 0.369305 0.062989
v -0.415751 0.575718 0.061138
v -0.357189 0.166183 0.056891
v -0.249204 0.577732 0.053461
v -0.012385 0.449745 0.043936
v -0.563792 0.250399 0.049027
v -0.378450 0.305719 0.054459
v -0.510303 0.402219 0.054967
v -0.368596 0.506168 0.059529
v -0.454593 0.217177 0.040470
v -0.398380 0.543308 0.036673
v -0.590554 0.295944 0.037656
v -0.086768 0.521746 0.042311
v -0.021929 0.290993 0.036810
v -0.067041 0.509859 0.050128
v -0.020425 0.482169 0.040026
v -0.306085 0.514779 0.051392
v 0.051155 0.436936 0.051347
v -0.262064 0.349385 0.054862
v -0.092923 0.294273 0.042117
v -0.746951 0.418347 0.041536
v -0.403858 0.373177 0.053805
v -0.524160 0.385322 0.057475
v -0.120712 0.418098 0.046667
v -0.634382 0.207042 0.046307
v -0.462490 0.148307 0.061143
v -0.541538 0.506767 0.051914
v -0.559379 0.239991 0.046300
v -0.151518 0.249174 0.054159
v -0.455743 0.188786 0.051768
v -0.552931 0.212901 0.044410
v -0.629859 0.548646 0.059516
v -0.080822 0.224362 0.053479
v -0.000781 0.267205 0.039667
v -0.092538 0.138690 0.040016
v 0.048740 0.238967 0.061038
v -0.296506 0.127562 0.050017
v -0.330931 0.274602 0.054203
v -0.254120 0.391250 0.053616
v -0.252179 0.490591 0.061415
v -0.728769 0.362709 0.044951
v -0.160808 0.396645 0.058106
v -0.507956 0.184261 0.046800
v -0.514970 0.249949 0.041669
v -0.744755 0.330062 0.039962
v -0.163759 0.313208 0.056406
v -0.440201 0.224220 0.056258
v -0.195001 0.412541 0.063776
v -0.176679 0.246217 0.056630
v -0.256183 0.460878 0.057641
v -0.312745 0.573498 0.058240
v -0.126927 0.369356 0.040929
v -0.435158 0.101615 0.061233
v -0.614751 0.544860 0.040613
v -0.600982 0.371530 0.051909
v -0.413234 0.206524 0.058884
v -0.526355 0.261768 0.039816
v -0.164503 0.277661 0.040308
v -0.363165 0.373932 0.051503
v -0.714696 0.197148 0.057888
v -0.279366 0.497623 0.062971
v -0.121989 0.329712 0.050066
v -0.429021 0.404454 0.042001
v -0.311816 0.130202 0.055373
v -0.120379 0.235526 0.047648
v -0.263402 0.475902 0.058943
v -0.235413 0.413639 0.036726
v -0.283006 0.420917 0.055483
v -0.312776 0.427566 0.042266
v -0.060319 0.468022 0.044549
v -0.004439 0.397169 0.062622
v -0.034521 0.414791 0.050792
v -0.099228 0.423707 0.047541
v -0.284648 0.246479 0.039276
v -0.682508 0.248999 0.060328
v -0.177886 0.374717 0.054780
v -0.249832 0.513987 0.051724
v -0.266777 0.233642 0.048384
v -0.122566 0.548965 0.060668
v -0.571072 0.210643 0.063768
v 0.024452 0.311294 0.055482
v -0.065993 0.432080 0.036318
v -0.559846 0.157364 0.061254
v -0.222234 0.402037 0.050173
v -0.330621 0.199552 0.044990
v -0.249124 0.280414 0.056221
v -0.336509 0.308443 0.060846
v -0.347283 0.623290 0.043378
v -0.400643 0.384465 0.049807
v -0.362429 0.551615 0.057559
v -0.579811 0.560572 0.049886
v -0.565553 0.542755 0.046027
v -0.156115 0.203542 0.042331
v -0.171265 0.133449 0.041851
v -0.673968 0.507635 0.054540
v -0.040781 0.300188 0.038151
v -0.589325 0.138618 0.056842
v -0.319626 0.193876 0.060887
v -0.335911 0.073441 0.063189
v 0.026027 0.280598 0.052053
v -0.636620 0.519348 0.037692
v -0.596155 0.462849 0.036383
v -0.548270 0.267503 0.061592
v -0.062142 0.140720 0.047122
v -0.680639 0.191253 0.039834
v -0.329077 0.219856 0.048914
v -0.204546 0.366840 0.055073
v -0.392020 0.346209 0.036740
v -0.779823 0.357602 0.043682
v -0.071551 0.404562 0.042990
v -0.305973 0.477060 0.036857
v -0.345669 0.187322 0.050966
v -0.589976 0.358528 0.055484
v -0.466239 0.154935 0.053445
v -0.479262 0.237688 0.045382
v -0.396029 0.094867 0.049801
v -0.089729 0.551210 0.045101
v -0.711658 0.289593 0.055205
v -0.598483 0.299323 0.043682
v -0.520019 0.588825 0.041924
v -0.298536 0.087175 0.062735
v -0.262523 0.080549 0.061741
v -0.531489 0.336181 0.057028
v -0.648480 0.439735 0.061449
v -0.650602 0.292067 0.047099
v -0.681191 0.264501 0.040070
v -0.346508 0.386436 0.043227
v -0.329149 0.490890 0.046195
v -0.459542 0.518428 0.058388
v -0.734324 0.323963 0.062424
v -0.377866 0.524649 0.049751
v -0.274870 0.378986 0.042384
v -0.604966 0.393541 0.040722
v -0.615962 0.412812 0.039411
v -0.505625 0.469553 0.050360
v -0.045959 0.508331 0.043086
v -0.088124 0.438876 0.051233
v -0.451910 0.122518 0.055685
v -0.255728 0.302479 0.051092
v -0.166416 0.454946 0.061688
v -0.081825 0.147643 0.038132
v -0.532584 0.338254 0.056958
v -0.092889 0.372395 0.045514
v -0.538910 0.223891 0.045818
v -0.369967 0.590792 0.050022
v -0.343558 0.549244 0.043154
v -0.117998 0.149444 0.059678
v -0.314860 0.536989 0.063682
v -0.279792 0.233182 0.060564
v -0.509067 0.150642 0.044813
v 0.063754 0.336854 0.045917
v -0.597669 0.447430 0.036248
v 0.064715 0.337792 0.038596
v -0.003165 0.287715 0.039855
v -0.524148 0.352354 0.042175
v -0.748385 0.314468 0.049204
v -0.367065 0.448705 0.038772
v -0.074042 0.134957 0.048461
v -0.207491 0.258252 0.058340
v -0.318788 0.518661 0.058011
v -0.027552 0.422738 0.059456
v -0.394846 0.319916 0.058120
v -0.323272 0.395017 0.056052
v -0.606748 0.270380 0.061724
v -0.562625 0.508476 0.037950
v -0.668662 0.472599 0.043269
v -0.042521 0.194918 0.036539
v -0.401329 0.550875 0.043053
v -0.407915 0.608912 0.062914
v -0.318064 0.302409 0.055349
v -0.203437 0.522816 0.051972
v -0.429697 0.143286 0.060536
v -0.061800 0.527338 0.052630
v -0.497739 0.467899 0.056968
v -0.582076 0.420465 0.039869
v -0.015816 0.472170 0.055508
v -0.143429 0.154513 0.045904
v -0.634624 0.426475 0.040720
v -0.300803 0.351492 0.047617
v 0.034156 0.237921 0.060862
v -0.372911 0.279030 0.063799
v -0.280088 0.498663 0.052239
v -0.272293 0.121273 0.044930
v -0.248738 0.493432 0.039291
v -0.524803 0.419699 0.042383
v -0.225672 0.475896 0.056504
v -0.649849 0.203318 0.055232
v -0.389232 0.295002 0.038534
v -0.015478 0.366723 0.062486
v -0.082245 0.517548 0.043948
v -0.517640 0.194180 0.062657
v -0.367045 0.213409 0.059980
v -0.071148 0.174202 0.062317
v -0.426297 0.490864 0.055568
v -0.236736 0.256975 0.055757
v -0.626450 0.149621 0.042866
v -0.439670 0.110087 0.058041
v -0.027706 0.177628 0.041656
v -0.307684 0.462049 0.050977
v -0.615499 0.379504 0.047351
v -0.797971 0.364123 0.039491
v -0.237829 0.609082 0.047608
v -0.457860 0.480273 0.048778
v -0.383821 0.265903 0.038318
v -0.511187 0.338830 0.056405
v 0.059473 0.325267 0.060229
v 0.077101 0.282005 0.054904
v -0.693740 0.320600 0.038044
v -0.353606 0.337589 0.056376
v -0.025384 0.541646 0.039339
v -0.439280 0.518458 0.043128
v -0.379981 0.272158 0.038886
v -0.627707 0.251405 0.037690
v -0.590432 0.271915 0.044496
v -0.378750 0.197177 0.061713
v -0.261050 0.583023 0.057549
v -0.680984 0.328990 0.054243
v -0.546109 0.552013 0.042753
v 0.018095 0.349984 0.063174
v -0.733602 0.256247 0.056384
v -0.453352 0.367163 0.051689
v -0.078068 0.205223 0.045538
v -0.146978 0.588884 0.040391
v -0.347675 0.111252 0.051538
v 0.084685 0.402995 0.057139
v -0.632835 0.467704 0.052396
v -0.626193 0.199439 0.047534
v -0.021458 0.375210 0.046096
v -0.389363 0.226160 0.063797
v -0.177785 0.151985 0.046108
v -0.119889 0.410022 0.057223
v -0.430470 0.260742 0.039036
v -0.433649 0.100414 0.041290
v -0.041010 0.341568 0.059295
v -0.351912 0.092954 0.036593
v -0.136338 0.390117 0.050565
v -0.018148 0.432912 0.057051
v -0.679503 0.467945 0.057384
v -0.345999 0.078654 0.042294
v 0.042040 0.407082 0.058245
v -0.442166 0.146409 0.060900
v -0.584084 0.336371 0.043597
v -0.138222 0.542725 0.048185
v -0.406823 0.147144 0.060226
v -0.177277 0.302584 0.047476
v -0.061183 0.420193 0.044019
v -0.084739 0.159147 0.047059
v -0.624529 0.415602 0.047065
v -0.409724 0.274765 0.052746
v -0.272752 0.425908 0.063942
v -0.391737 0.541555 0.045801
v -0.094163 0.155356 0.041427
v -0.432318 0.438062 0.040177
v -0.175850 0.604353 0.047122
v -0.136473 0.343061 0.042068
v -0.192027 0.205670 0.062657
v -0.356666 0.465993 0.061939
v -0.147058 0.311106 0.036283
v -0.018316 0.219971 0.063975
v -0.734655 0.409139 0.043221
v -0.324374 0.110899 0.042359
v -0.073657 0.453950 0.040106
v -0.167282 0.503392 0.056850
v -0.457578 0.423012 0.055827
v -0.229016 0.582210 0.052093
v -0.238693 0.342770 0.058359
v -0.122583 0.128757 0.047184
v -0.094532 0.267934 0.062060
v -0.241382 0.534525 0.042455
v -0.188212 0.345512 0.050918
v -0.524423 0.490002 0.057653
v -0.321851 0.216606 0.039915
v -0.255357 0.097902 0.042135
v -0.439066 0.242623 0.057026
v -0.327880 0.400810 0.058678
v -0.432962 0.101042 0.056534
v -0.373037 0.287024 0.051210
v -0.496758 0.296716 0.041813
v -0.273691 0.329667 0.056806
v -0.150498 0.358703 0.042530
v -0.322775 0.119252 0.053703
v -0.744035 0.291291 0.041895
v -0.404869 0.523455 0.057449
v -0.115445 0.433233 0.049632
v -0.763034 0.271069 0.043543
v -0.322423 0.437328 0.050665
v -0.436691 0.135076 0.057077
v -0.408427 0.262878 0.062585
v -0.601823 0.274617 0.036464
v 0.002923 0.318386 0.044282
v -0.200156 0.211220 0.044469
v -0.265838 0.257515 0.046294
v -0.517003 0.172547 0.042229
v -0.479563 0.273603 0.044102
v -0.518719 0.561898 0.053619
v -0.694644 0.419228 0.063743
v -0.610052 0.228454 0.046154
v -0.241141 0.578729 0.039718
v -0.142389 0.343538 0.058478
v -0.010418 0.401453 0.053181
v -0.686224 0.183065 0.054954
v -0.558635 0.335353 0.041914
v -0.373694 0.310318 0.040619
v -0.578752 0.254749 0.052286
v -0.552574 0.105692 0.058340
v -0.281846 0.122872 0.056370
v -0.316209 0.371769 0.048206
v -0.073608 0.182188 0.050672
v -0.605271 0.163087 0.047292
v -0.782157 0.423122 0.049838
v -0.762996 0.397297 0.059207
v -0.640518 0.255006 0.042905
v -0.600774 0.288771 0.053238
v -0.339171 0.344467 0.050777
v -0.281761 0.448455 0.049152
v -0.279493 0.428507 0.045869
v -0.336971 0.212493 0.054956
v -0.444925 0.553509 0.063602
v -0.301500 0.565455 0.053222
v -0.140267 0.274969 0.041630
v -0.585088 0.288998 0.056835
v -0.605375 0.444299 0.054551
v -0.432942 0.406359 0.037630
v -0.429489 0.352924 0.040189
v -0.316238 0.321900 0.040101
v -0.242725 0.170513 0.041713
v -0.450286 0.233950 0.056801
v -0.159263 0.558816 0.054391
v -0.720502 0.407335 0.059151
v -0.164837 0.559608 0.043982
v -0.582802 0.345455 0.041987
v -0.058651 0.326738 0.046960
v -0.250343 0.145923 0.036935
v -0.017369 0.363513 0.048062
v -0.421915 0.115448 0.056938
v -0.240898 0.600452 0.040319
v -0.508076 0.600530 0.048524
v -0.300083 0.088194 0.053583
v -0.250544 0.531500 0.046007
v -0.634445 0.555737 0.038558
v 0.050679 0.337017 0.058033
v -0.401035 0.321518 0.041539
v -0.112066 0.452980 0.061628
v -0.301643 0.125060 0.046241
v -0.209835 0.321412 0.043996
v -0.346868 0.097291 0.056042
v -0.734580 0.484571 0.059391
v -0.359816 0.546655 0.041975
v -0.139108 0.316661 0.048333
v -0.452327 0.329709 0.057588
v -0.054715 0.201586 0.039662
v -0.276944 0.333111 0.045289
v -0.747631 0.453864 0.038461
v -0.230688 0.542371 0.061030
v -0.368515 0.164090 0.052616
v -0.057957 0.253586 0.042619
v -0.559818 0.396946 0.043393
v 0.042297 0.418257 0.050227
v -0.584145 0.214952 0.047062
v -0.352102 0.282721 0.042713
v -0.689048 0.334725 0.052567
v -0.460756 0.218716 0.058462
v -0.175145 0.316381 0.062049
v -0.475456 0.599992 0.046033
v -0.691567 0.311682 0.040951
v -0.039426 0.514205 0.055209
v -0.662620 0.513248 0.050123
v -0.050666 0.428520 0.037260
v -0.470932 0.486634 0.053413
v -0.358717 0.354982 0.044390
v -0.283042 0.228016 0.047266
v -0.634540 0.418435 0.056570
v -0.666465 0.237127 0.060678
v -0.523610 0.404164 0.039242
v -0.584621 0.586459 0.042657
v -0.681247 0.245710 0.055565
v -0.018787 0.322694 0.047446
v -0.783013 0.345414 0.037964
v -0.681833 0.263671 0.037187
v -0.275349 0.263651 0.050592
v -0.312834 0.478267 0.039669
v -0.716096 0.285666 0.054522
v 0.056216 0.352016 0.050437
v -0.353246 0.354615 0.060153
v -0.220023 0.491479 0.059928
v -0.236442 0.538866 0.038966
v -0.293483 0.315261 0.041162
v -0.423552 0.510141 0.049040
v -0.216696 0.330422 0.046494
v 0.016269 0.431724 0.054314
v -0.144073 0.432013 0.051910
v -0.522690 0.292328 0.047233
v -0.290988 0.182823 0.060558
v -0.525710 0.532134 0.054812
v -0.372424 0.134813 0.059333
v -0.641207 0.255676 0.038282
v -0.683824 0.442845 0.038150
v -0.301867 0.351466 0.044713
v -0.020631 0.280438 0.041712
v -0.136035 0.568597 0.062831
v -0.705190 0.264898 0.057880
v -0.099758 0.283504 0.049731
v -0.228154 0.303066 0.047832
v -0.153218 0.527036 0.041811
v -0.100489 0.538864 0.043825
v -0.616106 0.569050 0.037179
v -0.061478 0.162480 0.058634
v -0.250673 0.366428 0.063777
v -0.253651 0.604621 0.038045
v -0.064158 0.264823 0.050620
v -0.452846 0.439541 0.048571
v -0.621328 0.305632 0.038974
v -0.505571 0.103222 0.063486
v -0.019242 0.210353 0.056738
v -0.416140 0.128099 0.061672
v -0.003983 0.342797 0.059245
v -0.073730 0.285897 0.049731
v -0.225577 0.401415 0.051522
v -0.005430 0.416794 0.051177
v -0.053690 0.214657 0.039689
v -0.527738 0.154187 0.042441
v -0.527060 0.117593 0.061933
v -0.285709 0.462593 0.046001
v -0.123476 0.208726 0.049869
v -0.380399 0.248620 0.048017
v -0.260794 0.427051 0.043966
v -0.531665 0.164891 0.051539
v -0.494141 0.133382 0.063900
v -0.184544 0.113963 0.060681
v -0.452297 0.136467 0.051980
v -0.624894 0.466933 0.063073
v -0.517300 0.476949 0.038494
v -0.287010 0.397977 0.042080
v -0.636175 0.444721 0.047339
v -0.371795 0.438929 0.055293
v -0.398680 0.338707 0.043143
v -0.267742 0.178843 0.037190
v -0.469447 0.330361 0.053113
v -0.159822 0.271776 0.058524
v -0.557165 0.306489 0.047896
v -0.459108 0.481838 0.060508
v -0.069008 0.383167 0.052537
v -0.203968 0.126896 0.059202
v -0.278709 0.322518 0.059175
v -0.457837 0.173066 0.045533
v -0.655966 0.436394 0.055159
v -0.629120 0.146191 0.045755
v -0.528388 0.189161 0.039966
v -0.224916 0.341557 0.040006
v -0.391919 0.325916 0.053368
v -0.750087 0.423512 0.054215
v -0.190678 0.285060 0.059743
v -0.512812 0.152764 0.044054
v -0.583810 0.447226 0.038396
v -0.563400 0.252799 0.037257
v -0.672165 0.514257 0.043999
v -0.063797 0.562488 0.047224
v -0.589299 0.378973 0.055942
v -0.153668 0.249116 0.061386
v -0.086318 0.535513 0.055219
v -0.072368 0.532752 0.062805
v -0.012404 0.473877 0.046834
v -0.311173 0.145639 0.048191
v -0.321805 0.195488 0.050619
v -0.404903 0.619491 0.060532
v -0.646359 0.225533 0.058011
v -0.660121 0.467309 0.039498
v -0.471868 0.431180 0.049934
v -0.721534 0.362983 0.037255
v -0.099463 0.415038 0.062173
v -0.154902 0.312107 0.056070
v -0.246086 0.436136 0.041021
v -0.299129 0.454238 0.059179
v -0.413882 0.382766 0.050588
v -0.359962 0.147703 0.053340
v -0.690922 0.195465 0.048673
v -0.007524 0.521825 0.037584
v -0.344185 0.324819 0.046079
v -0.374029 0.217240 0.041578
v -0.024854 0.474252 0.050421
v -0.550072 0.480143 0.045223
v -0.005411 0.295924 0.044068
v -0.247238 0.437329 0.056317
v -0.358864 0.327880 0.038386
v -0.095499 0.559219 0.043584
v -0.369853 0.591227 0.056315
v -0.287012 0.207896 0.055554
v -0.278018 0.208482 0.036867
v 0.005649 0.196226 0.049593
v -0.285390 0.579882 0.058410
v -0.214548 0.592847 0.049036
v -0.174777 0.164244 0.051232
v -0.442491 0.206818 0.057177
v -0.224824 0.404135 0.062056
v -0.267567 0.418111 0.049778
v 0.039556 0.254598 0.061234
v -0.667085 0.328789 0.054288
v 0.040897 0.287736 0.051872
v -0.203328 0.476620 0.063256
v -0.520231 0.508407 0.057626
v -0.341010 0.165366 0.042077
v -0.508266 0.522658 0.048646
v -0.437972 0.616507 0.045711
v -0.205397 0.442843 0.055664
v -0.788642 0.346109 0.040024
v -0.352857 0.071108 0.059071
v -0.201384 0.475765 0.056940
v -0.173196 0.464616 0.045154
v -0.070131 0.428770 0.050739
v -0.531995 0.307536 0.036707
v -0.134561 0.389918 0.045419
v -0.302573 0.588429 0.041227
v -0.175694 0.323733 0.063636
v -0.638675 0.419320 0.046631
v -0.418549 0.390630 0.039598
v -0.653525 0.293865 0.044987
v -0.455401 0.163071 0.038213
v -0.403949 0.293137 0.049234
v -0.252035 0.573408 0.059003
v -0.408230 0.178929 0.046077
v -0.248373 0.508495 0.057002
v -0.244331 0.425783 0.054387
v 0.053133 0.405187 0.055932
v -0.137625 0.298225 0.062731
v -0.282484 0.569235 0.039410
v -0.306247 0.274782 0.061815
v -0.562820 0.519675 0.060283
v -0.533503 0.454618 0.055819
v -0.514668 0.600074 0.041979
v -0.641043 0.226664 0.049407
v -0.211362 0.135182 0.046148
v -0.318164 0.486608 0.043746
v -0.614224 0.258770 0.053422
v -0.181901 0.189674 0.038583
v -0.349987 0.108110 0.058171
v -0.429166 0.493742 0.052793
v -0.736712 0.355543 0.051197
v -0.556397 0.513550 0.047574
v -0.052356 0.435476 0.050184
v -0.187139 0.185494 0.047297
v 0.075363 0.260367 0.058652
v -0.164591 0.474149 0.052541
v -0.577292 0.350763 0.048778
v -0.141207 0.331619 0.039572
v -0.068151 0.227604 0.037261
v -0.167525 0.287418 0.040485
v -0.186165 0.590603 0.045002
v -0.756534 0.255780 0.048291
v -0.400682 0.473345 0.039294
v -0.516352 0.601243 0.056659
v -0.177490 0.275191 0.047098
v -0.647082 0.393368 0.056246
v -0.385928 0.350510 0.036504
v -0.586264 0.453058 0.063944
v -0.327930 0.172954 0.036104
v -0.079400 0.314557 0.056077
v -0.114693 0.587430 0.059870
v -0.027692 0.538674 0.058048
v -0.448298 0.271130 0.052269
v 0.024975 0.236482 0.050096
v -0.131559 0.196243 0.049461
v -0.251949 0.113225 0.039743
v -0.378703 0.598298 0.052764
v -0.334665 0.377905 0.044382
v -0.284018 0.129111 0.063952
v -0.516378 0.398010 0.057294
v -0.119354 0.245916 0.063065
v -0.119682 0.379642 0.045865
v -0.327889 0.468559 0.043066
v -0.174937 0.284789 0.045521
v -0.260899 0.213426 0.060592
v -0.489452 0.314109 0.050584
v -0.501902 0.591883 0.048124
v 0.011091 0.509129 0.041077
v -0.074082 0.381733 0.042581
v -0.475171 0.320665 0.057200
v -0.015907 0.374905 0.056323
v -0.307718 0.519726 0.053526
v -0.477619 0.335355 0.047502
v -0.489808 0.490862 0.046120
v -0.017029 0.330241 0.053512
v -0.651888 0.544393 0.040674
v -0.578195 0.212119 0.057132
v -0.169045 0.289381 0.059889
v -0.219960 0.567940 0.045421
v -0.664560 0.354250 0.048914
v -0.658178 0.326183 0.046251
v -0.249665 0.590637 0.047904
v -0.248117 0.588296 0.038500
v -0.364918 0.565894 0.052375
v -0.274070 0.598168 0.051551
v 0.002002 0.293666 0.058385
v -0.178154 0.574138 0.059939
v -0.224937 0.553952 0.036364
v -0.193902 0.110900 0.039219
v -0.295469 0.311943 0.038100
v -0.326092 0.440054 0.044623
v -0.105676 0.318036 0.041136
v -0.209764 0.611872 0.049983
v -0.281744 0.413591 0.063799
v -0.455553 0.299903 0.060192
v -0.629024 0.322978 0.058406
v -0.654636 0.518230 0.059053
v -0.177487 0.141016 0.036519
v -0.112994 0.115171 0.054443
v -0.471606 0.313995 0.063475
v -0.675421 0.374020 0.061820
v -0.608996 0.498649 0.052024
v -0.560154 0.382011 0.048659
v -0.009438 0.320260 0.047043
v -0.166057 0.383294 0.041423
v -0.245795 0.490539 0.054890
v -0.049441 0.420177 0.046835
v -0.758018 0.238421 0.061083
v -0.049331 0.233196 0.049131
v -0.549666 0.141208 0.046193
v -0.091921 0.255039 0.041473
v -0.314057 0.155503 0.036199
v -0.155127 0.457758 0.054979
v 0.014255 0.505858 0.054926
v -0.238592 0.592015 0.056444
v -0.332049 0.334636 0.063060
v -0.583162 0.425061 0.050235
v -0.509516 0.108838 0.055227
v -0.448884 0.383774 0.061981
v -0.074633 0.423162 -0.050720
v 0.514370 0.394287 -0.036383
v -0.111194 0.476557 -0.038228
v -0.056121 0.341420 -0.037431
v 0.594088 0.339368 -0.052500
v 0.211979 0.603551 -0.059290
v 0.335245 0.596690 -0.040490
v 0.044099 0.276765 -0.042574
v 0.101647 0.561346 -0.039587
v 0.229903 0.576811 -0.051555
v 0.236621 0.313690 -0.056740
v 0.071670 0.393345 -0.051607
v 0.459638 0.511799 -0.046406
v 0.234561 0.334928 -0.051586
v 0.246104 0.574377 -0.062990
v 0.120274 0.365362 -0.042310
v 0.265312 0.604579 -0.047186
v 0.590374 0.456543 -0.044982
v 0.246144 0.278027 -0.055185
v 0.295513 0.621938 -0.054683
v 0.511800 0.474651 -0.041187
v 0.181001 0.651290 -0.063089
v 0.533923 0.418006 -0.053511
v 0.075301 0.430356 -0.049057
v 0.521433 0.373831 -0.058777
v 0.094378 0.381725 -0.047177
v 0.137610 0.628916 -0.062799
v 0.564433 0.353226 -0.063183
v 0.282674 0.548966 -0.036907
v 0.333848 0.404157 -0.063963
v 0.386204 0.379574 -0.041298
v 0.151188 0.256024 -0.055202
v 0.579464 0.503745 -0.060048
v 0.126704 0.530968 -0.049077
v 0.072036 0.343592 -0.058341
v 0.185450 0.583554 -0.056128
v -0.048318 0.530967 -0.036061
v 0.490655 0.410567 -0.051907
v 0.431816 0.473903 -0.040001
v 0.432385 0.565953 -0.040977
v 0.000956 0.385149 -0.060879
v -0.043117 0.340978 -0.044156
v 0.260579 0.332970 -0.041160
v 0.362550 0.471574 -0.058987
v 0.165416 0.453152 -0.041483
v 0.537848 0.581264 -0.054819
v -0.057339 0.586754 -0.056654
v 0.452489 0.346925 -0.046252
v 0.302448 0.543110 -0.057390
v 0.382402 0.326026 -0.056620
v 0.299522 0.571719 -0.039858
v 0.018109 0.583772 -0.050754
v -0.062237 0.340953 -0.063358
v 0.334382 0.329614 -0.042793
v 0.141906 0.376903 -0.063112
v 0.254501 0.412622 -0.052702
v 0.022320 0.427855 -0.042826
v 0.358429 0.473812 -0.040308
v 0.147265 0.277579 -0.060647
v 0.341592 0.529292 -0.039275
v 0.150734 0.490126 -0.057884
v 0.383641 0.510641 -0.051072
v 0.039266 0.583287 -0.049414
v 0.153382 0.622364 -0.044403
v 0.622759 0.405567 -0.057043
v 0.009896 0.532386 -0.063749
v 0.496176 0.371828 -0.036582
v 0.147364 0.453808 -0.062744
v 0.332620 0.317670 -0.046047
v 0.300738 0.475912 -0.052035
v 0.323220 0.460564 -0.051258
v 0.331869 0.604932 -0.045926
v -0.068994 0.517726 -0.049656
v 0.263658 0.471402 -0.056879
v 0.378817 0.340538 -0.058034
v 0.457274 0.396090 -0.056027
v 0.087933 0.265434 -0.039426
v 0.048377 0.345614 -0.049606
v 0.119033 0.387025 -0.039728
v -0.091331 0.383634 -0.057144
v 0.120452 0.332538 -0.036391
v 0.260511 0.664151 -0.052015
v 0.241692 0.324544 -0.046523
v 0.434695 0.261394 -0.036172
v 0.477258 0.344943 -0.045548
v 0.574511 0.322032 -0.047547
v 0.644656 0.482920 -0.036792
v 0.559505 0.486564 -0.053591
v 0.587644 0.455928 -0.054416
v -0.030234 0.530586 -0.062486
v 0.243206 0.362368 -0.040665
v 0.025109 0.282044 -0.047003
v -0.007488 0.349647 -0.053329
v 0.325965 0.661398 -0.040969
v 0.350825 0.543946 -0.040209
v 0.083838 0.516793 -0.063910
v 0.258627 0.595882 -0.046005
v 0.425993 0.537899 -0.041457
v 0.445231 0.284474 -0.044887
v 0.291698 0.535909 -0.060711
v 0.461675 0.320235 -0.053996
v 0.579096 0.570397 -0.054862
v 0.391757 0.460842 -0.061805
v 0.391574 0.423270 -0.062909
v 0.619640 0.445797 -0.037868
v 0.517365 0.599501 -0.055573
v 0.499273 0.312012 -0.063089
v 0.280839 0.665753 -0.038533
v 0.083813 0.581646 -0.044153
v 0.308253 0.604783 -0.051583
v 0.389891 0.297946 -0.039221
v 0.002222 0.367179 -0.043043
v 0.205669 0.634644 -0.046134
v 0.114351 0.591085 -0.061061
v 0.433812 0.324655 -0.050391
v 0.360124 0.376375 -0.049574
v 0.499686 0.611988 -0.040145
v -0.068518 0.343581 -0.061243
v 0.043509 0.621025 -0.053776
v -0.003328 0.479276 -0.049220
v -0.085797 0.419619 -0.054577
v 0.207261 0.487852 -0.062498
v -0.052306 0.436071 -0.043618
v 0.439025 0.311337 -0.040341
v 0.229008 0.605416 -0.053145
v 0.144603 0.335864 -0.040912
v 0.271942 0.292967 -0.056112
v 0.225080 0.243517 -0.040331
v 0.226852 0.293340 -0.060186
v 0.241489 0.590313 -0.055867
v 0.268345 0.576444 -0.051579
v 0.432514 0.313058 -0.053889
v 0.315483 0.283244 -0.041602
v 0.472261 0.396329 -0.054686
v -0.119837 0.436202 -0.049782
v 0.172525 0.275862 -0.051494
v 0.285585 0.331096 -0.042506
v -0.019185 0.496030 -0.050192
v -0.009551 0.598045 -0.053642
v 0.349575 0.398171 -0.057929
v -0.099120 0.515907 -0.043373
v 0.325971 0.348645 -0.047308
v 0.210999 0.430922 -0.062261
v 0.199771 0.573507 -0.053803
v 0.544318 0.432924 -0.055305
v 0.151997 0.318731 -0.038901
v 0.574526 0.354809 -0.061045
v 0.090931 0.493632 -0.048218
v 0.326977 0.276499 -0.050320
v 0.386854 0.559329 -0.057812
v 0.564414 0.327060 -0.042257
v 0.063705 0.497489 -0.043441
v 0.467624 0.465749 -0.042097
v 0.586996 0.334434 -0.050257
v 0.141991 0.324699 -0.058474
v 0.446472 0.494962 -0.053701
v 0.490088 0.563753 -0.056263
v -0.135419 0.454747 -0.041065
v 0.449779 0.490248 -0.053793
v -0.084053 0.382960 -0.054111
v 0.083428 0.361234 -0.040738
v 0.567650 0.359082 -0.037170
v -0.015399 0.525577 -0.036844
v 0.303757 0.581071 -0.036838
v 0.067273 0.295894 -0.039902
v 0.004725 0.530225 -0.048306
v 0.298141 0.321411 -0.063782
v 0.594081 0.436317 -0.061434
v -0.098461 0.446698 -0.062577
v 0.333549 0.594267 -0.053624
v 0.118234 0.582555 -0.055010
v 0.421762 0.596157 -0.047786
v 0.086235 0.398195 -0.048432
v 0.517879 0.323631 -0.046750
v 0.614448 0.405891 -0.045290
v -0.003822 0.526480 -0.037241
v 0.544802 0.304044 -0.048703
v 0.212053 0.422660 -0.061536
v 0.008981 0.593758 -0.048548
v 0.150164 0.411554 -0.053656
v 0.273529 0.494138 -0.052635
v 0.548289 0.501588 -0.058684
v 0.164667 0.353638 -0.057920
v 0.071940 0.403416 -0.047552
v 0.257852 0.459970 -0.045265
v 0.275926 0.614090 -0.051469
v 0.406728 0.605775 -0.037342
v -0.041936 0.386897 -0.049210
v 0.169422 0.658542 -0.049447
v 0.254341 0.308772 -0.051321
v -0.035071 0.557738 -0.056357
v 0.331359 0.382641 -0.063779
v 0.281270 0.606555 -0.061404
v 0.156010 0.632434 -0.052667
v 0.194848 0.561980 -0.043618
v 0.070846 0.509933 -0.063160
v -0.041012 0.487789 -0.042538
v 0.282816 0.258854 -0.047220
v 0.070746 0.493331 -0.047371
v 0.082505 0.321165 -0.044873
v -0.003554 0.405012 -0.040067
v 0.207344 0.613912 -0.055289
v -0.071385 0.420322 -0.055433
v 0.485685 0.407767 -0.046924
v 0.549969 0.432056 -0.044312
v 0.251535 0.648044 -0.054752
v 0.044108 0.497187 -0.059963
v 0.219651 0.435275 -0.059727
v -0.008049 0.585214 -0.042748
v 0.471630 0.275139 -0.041454
v 0.205225 0.663595 -0.053119
v -0.097746 0.557823 -0.049458
v 0.384898 0.430321 -0.036382
v 0.311767 0.524690 -0.042118
v 0.448472 0.592372 -0.045802
v 0.567369 0.422099 -0.056544
v 0.112220 0.419895 -0.038707
v 0.276761 0.549198 -0.050393
v 0.055859 0.409271 -0.036525
v 0.204222 0.400208 -0.049589
v 0.030900 0.456108 -0.039269
v 0.023296 0.433590 -0.049960
v 0.445426 0.486015 -0.054768
v -0.036192 0.358079 -0.038426
v 0.088989 0.622322 -0.045447
v 0.060990 0.303604 -0.041857
v 0.001913 0.591976 -0.049932
v 0.232910 0.446167 -0.039173
v 0.057690 0.623030 -0.060311
v -0.024261 0.566099 -0.045754
v 0.235863 0.560920 -0.047154
v 0.306419 0.588152 -0.057723
v 0.012694 0.477549 -0.060994
v 0.481655 0.419097 -0.039281
v 0.301720 0.361766 -0.062279
v 0.480965 0.626998 -0.049717
v -0.002994 0.502004 -0.061207
v 0.188895 0.486398 -0.054878
v 0.167518 0.400724 -0.036812
v 0.026321 0.624807 -0.063392
v 0.118483 0.563457 -0.061164
v 0.311466 0.653486 -0.048675
v 0.362666 0.469989 -0.056633
v 0.315914 0.537580 -0.058797
v -0.094166 0.371377 -0.050678
v -0.048718 0.535917 -0.058265
v 0.449626 0.306991 -0.044629
v 0.451949 0.484262 -0.058198
v 0.234895 0.447417 -0.062864
v 0.605498 0.427423 -0.046763
v 0.570876 0.543329 -0.062790
v 0.156688 0.509233 -0.061717
v 0.220645 0.598193 -0.040519
v 0.318291 0.242551 -0.047749
v 0.275084 0.318382 -0.047239
v 0.176810 0.519300 -0.063470
v 0.383376 0.606376 -0.051982
v 0.595460 0.397993 -0.057964
v 0.483374 0.361069 -0.058575
v 0.108282 0.639484 -0.046430
v -0.125558 0.477236 -0.043853
v 0.307204 0.480876 -0.061849
v 0.120721 0.401457 -0.039096
v 0.411631 0.557367 -0.047545
v 0.166292 0.641764 -0.058367
v 0.044103 0.479151 -0.051484
v 0.403988 0.431864 -0.056064
v 0.373378 0.488810 -0.056104
v 0.302234 0.361298 -0.052100
v 0.029879 0.613610 -0.059085
v 0.285466 0.511673 -0.052413
v 0.073749 0.573678 -0.052281
v 0.414402 0.567399 -0.054711
v 0.409211 0.570193 -0.060112
v 0.435481 0.486105 -0.046386
v 0.155500 0.458880 -0.051269
v 0.236231 0.467780 -0.039101
v 0.035785 0.599458 -0.040425
v 0.145311 0.316519 -0.050352
v 0.231268 0.455147 -0.051054
v 0.344654 0.476946 -0.059021
v 0.211081 0.387062 -0.053274
v 0.461183 0.325532 -0.041315
v 0.487880 0.426605 -0.041719
v 0.078856 0.402522 -0.044505
v 0.287115 0.623373 -0.053624
v -0.086753 0.415000 -0.044376
v 0.615911 0.409400 -0.052279
v 0.156639 0.458769 -0.051614
v 0.205811 0.530255 -0.060968
v 0.179477 0.443102 -0.056401
v 0.086530 0.518889 -0.043003
v 0.317444 0.279638 -0.044845
v 0.229489 0.283771 -0.060005
v 0.352478 0.462421 -0.042305
v 0.438755 0.380320 -0.055466
v -0.102921 0.444603 -0.061241
v 0.113314 0.390319 -0.053042
v 0.118294 0.532139 -0.036545
v 0.306710 0.552723 -0.055160
v 0.187665 0.320963 -0.055526
v -0.114452 0.494195 -0.063919
v 0.410751 0.260979 -0.060653
v 0.277104 0.338047 -0.051377
v -0.053643 0.505456 -0.059892
v 0.259363 0.427807 -0.036934
v 0.237844 0.504142 -0.041070
v 0.068881 0.604791 -0.046573
v -0.062523 0.391994 -0.041460
v 0.499428 0.289598 -0.046428
v -0.001587 0.389710 -0.051426
v 0.408249 0.313927 -0.053341
v 0.441166 0.535259 -0.051555
v 0.552669 0.489203 -0.050180
v 0.224049 0.234034 -0.042322
v 0.274181 0.641769 -0.062063
v 0.470621 0.495595 -0.053834
v 0.302819 0.393256 -0.053404
v 0.270807 0.354992 -0.043911
v 0.524677 0.525352 -0.036139
v 0.021966 0.574175 -0.063218
v -0.039526 0.330974 -0.043765
v 0.478120 0.484884 -0.043913
v -0.014704 0.295976 -0.039637
v 0.436381 0.257956 -0.054647
v 0.357567 0.642876 -0.050922
v 0.059900 0.275848 -0.036267
v 0.271663 0.436486 -0.056693
v 0.268945 0.472117 -0.048936
v 0.094059 0.334969 -0.045729
v 0.201763 0.304796 -0.047733
v 0.357354 0.321976 -0.042718
v 0.611044 0.422620 -0.045586
v 0.334811 0.256434 -0.062184
v -0.015512 0.390997 -0.039777
v 0.245718 0.414339 -0.047022
v 0.424243 0.411562 -0.040524
v 0.161108 0.419983 -0.056207
v -0.074927 0.363463 -0.062117
v 0.163322 0.459918 -0.058503
v 0.468311 0.587816 -0.045330
v 0.018614 0.427887 -0.040368
v 0.086841 0.290757 -0.051069
v 0.413974 0.268171 -0.042023
v 0.532425 0.541373 -0.051004
v 0.158059 0.301816 -0.039334
v 0.492231 0.547509 -0.052050
v 0.059067 0.293289 -0.038555
v 0.226898 0.484671 -0.050256
v 0.316616 0.568514 -0.047350
v -0.025840 0.574957 -0.044796
v 0.611003 0.438121 -0.059820
v 0.030160 0.607710 -0.040360
v 0.488745 0.425749 -0.057276
v 0.577982 0.361566 -0.037855
v 0.064164 0.282274 -0.043543
v 0.313220 0.281757 -0.054152
v 0.477868 0.489599 -0.052116
v 0.242948 0.243743 -0.043771
v 0.012307 0.526138 -0.053833
v 0.355019 0.504685 -0.060836
v 0.220428 0.338541 -0.051420
v 0.530450 0.430886 -0.046998
v -0.028604 0.605529 -0.038002
v 0.055567 0.264775 -0.045671
v 0.147428 0.601031 -0.053560
v 0.006480 0.346901 -0.042952
v 0.316964 0.525113 -0.062989
v 0.406678 0.497553 -0.044483
v 0.453246 0.359933 -0.047818
v 0.463949 0.609218 -0.060866
v 0.469763 0.525694 -0.047612
v 0.340723 0.574085 -0.045009
v 0.275532 0.509125 -0.042590
v 0.065488 0.463864 -0.055014
v 0.135858 0.499769 -0.041660
v 0.204531 0.300057 -0.057500
v 0.139784 0.561217 -0.052141
v 0.319645 0.521436 -0.045085
v 0.312525 0.237649 -0.056900
v 0.115147 0.448051 -0.048361
v -0.053488 0.566171 -0.047501
v 0.189057 0.579254 -0.051342
v 0.103149 0.411630 -0.060429
v 0.148853 0.419866 -0.045946
v 0.018782 0.441451 -0.037884
v 0.330831 0.290318 -0.056247
v 0.183913 0.251183 -0.053541
v 0.266255 0.273078 -0.055145
v 0.575100 0.410546 -0.050141
v -0.115486 0.472172 -0.061791
v 0.215912 0.506904 -0.060485
v 0.180431 0.564645 -0.055061
v 0.083639 0.576367 -0.044521
v 0.458834 0.502915 -0.054152
v 0.343487 0.385446 -0.036877
v 0.422071 0.594908 -0.049564
v 0.231584 0.355125 -0.047437
v 0.414113 0.333094 -0.054135
v -0.076561 0.552140 -0.056816
v 0.289573 0.516231 -0.048996
v 0.523986 0.325197 -0.036659
v 0.352046 0.298851 -0.054914
v -0.031591 0.562917 -0.057621
v 0.533740 0.367672 -0.056368
v 0.281483 0.398759 -0.043928
v 0.402054 0.458246 -0.050370
v 0.247705 0.298549 -0.046577
v 0.036553 0.614154 -0.059793
v 0.263138 0.446076 -0.040178
v 0.337317 0.301231 -0.039436
v 0.015348 0.336288 -0.037734
v 0.133366 0.370951 -0.059643
v 0.432256 0.307415 -0.057128
v -0.120111 0.518556 -0.058116
v 0.151101 0.596207 -0.046243
v 0.433841 0.524188 -0.050014
v 0.384284 0.354898 -0.053656
v 0.364924 0.471957 -0.036625
v -0.062314 0.555952 -0.039394
v 0.341514 0.530843 -0.040699
v 0.135052 0.557947 -0.052346
v 0.449255 0.629255 -0.037078
v 0.363321 0.337515 -0.056982
v -0.008721 0.568645 -0.059251
v 0.094063 0.307825 -0.063889
v 0.309744 0.395641 -0.051545
v 0.154007 0.358897 -0.053222
v 0.577547 0.340489 -0.041560
v 0.576274 0.359865 -0.056743
v 0.115488 0.278505 -0.062582
v 0.587925 0.511325 -0.038063
v -0.141964 0.415175 -0.062559
v -0.060351 0.358811 -0.060966
v 0.303891 0.524706 -0.056727
v 0.259205 0.385906 -0.059035
v 0.388799 0.403305 -0.046273
v -0.002013 0.460817 -0.053277
v 0.551145 0.494312 -0.051789
v 0.189981 0.394614 -0.043506
v 0.423550 0.387169 -0.058631
v 0.128953 0.321122 -0.053930
v 0.299558 0.372178 -0.054465
v 0.582981 0.377987 -0.062115
v 0.525883 0.346589 -0.039380
v -0.001118 0.403269 -0.046847
v 0.080055 0.287361 -0.048633
v -0.057301 0.375825 -0.059025
v 0.350649 0.289938 -0.059235
v 0.396358 0.262172 -0.045992
v 0.420092 0.520372 -0.048028
v 0.425940 0.389006 -0.060839
v 0.275469 0.461612 -0.061645
v 0.407052 0.252328 -0.044586
v 0.007808 0.550970 -0.058692
v 0.517985 0.590158 -0.052459
v 0.466274 0.622307 -0.040792
v 0.280072 0.415301 -0.051394
v 0.370237 0.395313 -0.046660
v 0.030079 0.445370 -0.055398
v 0.041060 0.344412 -0.037110
v 0.063089 0.533958 -0.055676
v 0.513248 0.522747 -0.051026
v 0.537684 0.386773 -0.057076
v -0.033484 0.586443 -0.054845
v 0.149993 0.406402 -0.052342
v 0.570874 0.400636 -0.047852
v 0.643161 0.444760 -0.058641
v 0.329591 0.509881 -0.045670
v 0.347877 0.406833 -0.062274
v 0.191419 0.524912 -0.061134
v -0.056809 0.568371 -0.042510
v 0.397477 0.380469 -0.058875
v 0.248500 0.636060 -0.063654
v 0.514900 0.596400 -0.039451
v 0.471029 0.384294 -0.037605
v 0.136918 0.459205 -0.057205
v 0.257594 0.428369 -0.060096
v 0.257126 0.650998 -0.042788
v 0.246123 0.558147 -0.052130
v 0.361147 0.261219 -0.050726
v 0.595547 0.485806 -0.046666
v 0.213032 0.273551 -0.046235
v 0.087185 0.306685 -0.049013
v 0.006399 0.288477 -0.052055
v 0.033226 0.542314 -0.062549
v -0.113256 0.399931 -0.039775
v 0.104029 0.456677 -0.062888
v 0.150920 0.374709 -0.055821
v 0.228318 0.420875 -0.040688
v 0.131547 0.253870 -0.053630
v 0.547434 0.530834 -0.041197
v 0.259193 0.264083 -0.050195
v 0.434869 0.391771 -0.051065
v 0.481855 0.429495 -0.058880
v 0.035803 0.620214 -0.051768
v 0.398332 0.247018 -0.047407
v 0.294652 0.539478 -0.036054
v -0.061833 0.524984 -0.042904
v 0.180337 0.286755 -0.055066
v 0.367924 0.600606 -0.061105
v -0.088269 0.387823 -0.049684
v 0.339883 0.576540 -0.058632
v 0.171946 0.371188 -0.040642
v 0.001201 0.406221 -0.063402
v 0.507172 0.324729 -0.062888
v 0.408064 0.636709 -0.054136
v 0.551727 0.350567 -0.057532
v -0.057662 0.427473 -0.047793
v 0.352543 0.476876 -0.052061
v 0.097658 0.404894 -0.061736
v 0.322177 0.552456 -0.044201
v 0.205776 0.322864 -0.041177
v 0.647163 0.427141 -0.063908
v 0.218942 0.452214 -0.048359
v 0.581617 0.347973 -0.048142
v 0.080406 0.305794 -0.041814
v -0.035555 0.564865 -0.051230
v -0.085564 0.444700 -0.052391
v 0.272856 0.343484 -0.037838
v 0.394774 0.255582 -0.053965
v -0.028343 0.321910 -0.048532
v 0.236559 0.334259 -0.059203
v 0.497278 0.351481 -0.054574
v 0.372141 0.640889 -0.058710
v 0.473500 0.477128 -0.062115
v 0.166451 0.611398 -0.058171
v 0.200267 0.382451 -0.043066
v 0.362003 0.418045 -0.047294
v 0.015884 0.451712 -0.045169
v 0.605624 0.421946 -0.051991
v 0.055396 0.525825 -0.047049
v 0.466772 0.405190 -0.063148
v 0.428903 0.492496 -0.039279
v 0.374403 0.403883 -0.056697
v -0.043506 0.538998 -0.040388
v 0.312660 0.303806 -0.037105
v 0.576554 0.495560 -0.039261
v 0.326404 0.368867 -0.046268
v 0.106312 0.427044 -0.061755
v 0.578434 0.525660 -0.049263
v 0.004721 0.319945 -0.042997
v 0.025686 0.612598 -0.045107
v 0.230813 0.247253 -0.055036
v 0.482741 0.602825 -0.062023
v 0.433250 0.611565 -0.037456
v -0.058280 0.538942 -0.050055
v 0.293193 0.396712 -0.055437
v 0.348455 0.366151 -0.036265
v 0.290134 0.467157 -0.049019
v -0.073332 0.574566 -0.062493
v -0.068778 0.529848 -0.042119
v 0.072380 0.395117 -0.040745
v 0.605810 0.483206 -0.049089
v 0.195379 0.448218 -0.044260
v 0.134454 0.655013 -0.043973
v 0.081444 0.260733 -0.060388
v 0.029258 0.449390 -0.044220
v 0.366837 0.459655 -0.062725
v -0.142001 0.425792 -0.062245
v 0.067774 0.337167 -0.051523
v 0.296239 0.357131 -0.042734
v 0.188649 0.617988 -0.050609
v 0.285657 0.438362 -0.045387
v 0.455895 0.422922 -0.045962
v 0.146241 0.354477 -0.043721
v 0.199682 0.524243 -0.062785
v 0.009869 0.607172 -0.041466
v 0.181025 0.582980 -0.062162
v 0.158365 0.396997 -0.060585
v 0.130800 0.558929 -0.043134
v 0.118411 0.415261 -0.043819
v 0.274694 0.230584 -0.044830
v 0.383734 0.526287 -0.037117
v -0.078776 0.544635 -0.044611
v 0.329617 0.496912 -0.053422
v 0.315486 0.268055 -0.041579
v -0.031952 0.337466 -0.037654
v -0.068795 0.387725 -0.038626
v 0.374383 0.311835 -0.050669
v 0.024622 0.500931 -0.062220
v -0.022681 0.449905 -0.061859
v 0.327153 0.284010 -0.061647
v 0.435842 0.431141 -0.051219
v 0.144599 0.383524 -0.056223
v 0.172028 0.456364 -0.053885
v 0.056923 0.385448 -0.043301
v 0.008964 0.534261 -0.040787
v 0.032398 0.295306 -0.040808
v 0.272460 0.523071 -0.048445
v 0.138787 0.307198 -0.036715
v 0.055856 0.287843 -0.043618
v 0.556606 0.493354 -0.041730
v 0.089431 0.575095 -0.055068
v 0.164008 0.534203 -0.048076
v 0.281742 0.289380 -0.054892
v 0.071124 0.291308 -0.063077
v 0.545036 0.332924 -0.047173
v 0.282972 0.282925 -0.051454
v 0.146970 0.340032 -0.063129
v 0.006707 0.534239 -0.040272
v 0.279222 0.437759 -0.036641
v 0.222593 0.234575 -0.061908
v 0.083814 0.567659 -0.045612
v 0.379906 0.617736 -0.054302
v 0.152784 0.331695 -0.054576
v 0.293705 0.572030 -0.056092
v 0.254443 0.408323 -0.042752
v 0.543331 0.359175 -0.045029
v -0.071640 0.500153 -0.049907
v -0.139266 0.415217 -0.047541
v 0.479491 0.326490 -0.038870
v 0.510197 0.613200 -0.061036
v 0.556634 0.364055 -0.051245
v 0.458346 0.588230 -0.038084
v 0.594598 0.475959 -0.055310
v 0.256431 0.392719 -0.060506
v 0.366933 0.573880 -0.044734
v 0.061787 0.564396 -0.044600
v 0.415039 0.377283 -0.037607
v 0.579771 0.476378 -0.055302
v 0.000214 0.517278 -0.049389
v 0.240656 0.564923 -0.037122
v 0.401886 0.534682 -0.040936
v 0.344520 0.437066 -0.056755
v -0.011538 0.404643 -0.060781
v 0.386432 0.457413 -0.051031
v 0.284342 0.345979 -0.059603
v 0.165579 0.460918 -0.056013
v 0.153734 0.637699 -0.063184
v 0.257984 0.572008 -0.053466
v -0.007933 0.524379 -0.036227
v 0.479108 0.323772 -0.056822
v 0.373836 0.281953 -0.042867
v 0.188681 0.409705 -0.041653
v 0.305672 0.665919 -0.041522
v -0.038448 0.510164 -0.043261
v 0.526838 0.382399 -0.056689
v 0.337215 0.375947 -0.050921
v 0.191075 0.606447 -0.061052
v 0.410663 0.411692 -0.061389
v -0.103514 0.547527 -0.057138
v 0.255758 0.648472 -0.038175
v 0.115626 0.265575 -0.061287
v 0.287694 0.362781 -0.053718
v 0.566067 0.546528 -0.062408
v 0.255278 0.558194 -0.042750
v 0.205473 0.636215 -0.059672
v 0.524249 0.322478 -0.050868
v 0.604860 0.485119 -0.036910
v 0.181269 0.356543 -0.060134
v 0.520622 0.546318 -0.059665
v 0.508827 0.589648 -0.056781
v 0.162135 0.393785 -0.040593
v 0.510054 0.347422 -0.063222
v 0.377699 0.455119 -0.043364
v 0.143480 0.369772 -0.042046
v 0.158234 0.510635 -0.061889
v 0.156438 0.349167 -0.045892
v -0.091938 0.547570 -0.045688
v 0.576450 0.386924 -0.053765
v 0.313487 0.557850 -0.060190
v 0.271630 0.374750 -0.040689
v 0.506921 0.564920 -0.045294
v 0.005082 0.321621 -0.055290
v 0.225096 0.309267 -0.044350
v -0.110645 0.407050 -0.054775
v 0.337638 0.636051 -0.036091
v 0.089519 0.648032 -0.052759
v 0.473251 0.576313 -0.053675
v 0.046948 0.425877 -0.046863
v 0.382535 0.287271 -0.036910
v 0.321560 0.537862 -0.058544
v -0.039750 0.392444 -0.040887
v -0.082325 0.437144 -0.037428
v 0.223747 0.276176 -0.039475
v 0.386458 0.589399 -0.054590
v 0.501807 0.380589 -0.062724
v -0.076295 0.453299 -0.061535
v 0.102443 0.258758 -0.041004
v 0.336040 0.326634 -0.041926
v 0.417940 0.261287 -0.053972
v 0.186204 0.630855 -0.050214
v 0.037657 0.462950 -0.038527
v 0.061440 0.404739 -0.047556
v 0.505507 0.480416 -0.041411
v 0.285587 0.456198 -0.048088
v 0.519797 0.299338 -0.053075
v 0.114040 0.427592 -0.043232
v -0.096416 0.502156 -0.041535
v -0.058145 0.453366 -0.042016
v 0.370135 0.298812 -0.038710
v 0.464318 0.316878 -0.053365
v 0.120273 0.409118 -0.063380
v 0.285556 0.421778 -0.059600
v 0.019749 0.602179 -0.054082
v 0.334496 0.587468 -0.061408
v -0.027353 0.516992 -0.036234
v 0.470211 0.292707 -0.060043
v 0.114377 0.368299 -0.063130
v 0.017825 0.396007 -0.060190
v 0.064664 0.268841 -0.061084
v 0.072421 0.464261 -0.044802
v 0.277859 0.348524 -0.053591
v 0.136072 0.364790 -0.044949
v 0.141984 0.292647 -0.057097
v 0.060858 0.332568 -0.049127
v 0.616667 0.381287 -0.051122
v 0.108754 0.411513 -0.038110
v -0.068419 0.535960 -0.050017
v 0.505293 0.361297 -0.043675
v 0.065891 0.618496 -0.047074
v 0.247691 0.319047 -0.046551
v 0.438427 0.292713 -0.039476
v 0.407870 0.616004 -0.043682
v -0.123609 0.459029 -0.044930
v 0.483641 0.300814 -0.051695
v 0.400021 0.515232 -0.040200
v 0.442461 0.401624 -0.063337
v 0.339862 0.660387 -0.052964
v 0.177286 0.381731 -0.053151
v -0.122213 0.500279 -0.056423
v 0.570574 0.484093 -0.036602
v 0.182347 0.658061 -0.054582
v 0.173978 0.496486 -0.048532
v 0.263143 0.511590 -0.060562
v 0.282211 0.451777 -0.060196
v 0.348836 0.391709 -0.043883
v 0.395155 0.579247 -0.045804
v 0.149814 0.334468 -0.054018
v 0.353401 0.245360 -0.036636
v 0.501626 0.402493 -0.037925
v 0.006768 0.523546 -0.056359
v 0.299748 0.547082 -0.044422
v 0.321359 0.636700 -0.041042
v 0.520204 0.445124 -0.043521
v 0.427807 0.558420 -0.037025
v -0.023315 0.328929 -0.047803
v 0.593398 0.553541 -0.060649
v 0.495677 0.460139 -0.050288
v 0.254309 0.392802 -0.058576
v 0.110916 0.370532 -0.036093
v -0.137480 0.420455 -0.048061
v 0.341538 0.239112 -0.038060
v 0.043120 0.621415 -0.062088
v 0.475985 0.362768 -0.060881
v 0.418089 0.465445 -0.048311
v 0.154688 0.429461 -0.051311
v 0.603465 0.487492 -0.036332
v 0.549112 0.505448 -0.040444
v -0.110916 0.491664 -0.038672
v 0.363785 0.498828 -0.050663
v 0.386938 0.650345 -0.037642
v 0.235685 0.291980 -0.062553
v 0.408525 0.438264 -0.044671
v 0.057174 0.257541 -0.047017
v 0.409848 0.288779 -0.049286
v -0.038042 0.547802 -0.063993
v 0.394827 0.480840 -0.063229
v 0.094923 0.324141 -0.039600
v 0.380674 0.423494 -0.047638
v 0.253433 0.333753 -0.058960
v -0.013945 0.349722 -0.054946
v 0.183428 0.472114 -0.057432
v 0.453818 0.507461 -0.046621
v 0.308742 0.279267 -0.043796
v 0.377928 0.425205 -0.053898
v 0.266918 0.413340 -0.059314
v 0.635532 0.468379 -0.049278
v 0.496961 0.500534 -0.063915
v -0.056251 0.319331 -0.050984
v 0.639773 0.465906 -0.043441
v 0.385653 0.521635 -0.063327
v -0.046714 0.510261 -0.052150
v 0.080618 0.322408 -0.042122
v 0.100795 0.612209 -0.054534
v 0.556145 0.440353 -0.047899
v 0.439934 0.522896 -0.055693
v 0.375808 0.321943 -0.038765
v 0.005882 0.559904 -0.045040
v 0.367104 0.516828 -0.051981
v 0.093854 0.587000 -0.060504
v 0.265787 0.369836 -0.055363
v 0.436228 0.428887 -0.048504
v 0.272042 0.325371 -0.062712
v 0.445375 0.418364 -0.052762
v 0.544429 0.577323 -0.056698
v 0.325786 0.562178 -0.039645
v 0.489338 0.287403 -0.061015
v 0.331667 0.243649 -0.043984
v 0.452911 0.353651 -0.036878
v -0.103126 0.524620 -0.048327
v 0.435488 0.350530 -0.049699
v 0.444796 0.266087 -0.038846
v 0.525906 0.397419 -0.051497
v -0.034357 0.302032 -0.061591
v -0.035044 0.571147 -0.051771
v -0.000067 0.281373 -0.055888
v 0.474455 0.530149 -0.057388
v -0.007924 0.373096 -0.039003
v 0.307247 0.597945 -0.061971
v 0.412350 0.590913 -0.039393
v 0.515892 0.570231 -0.054022
v 0.110827 0.310776 -0.059878
v 0.561474 0.315130 -0.036376
v 0.205242 0.460009 -0.051669
v 0.176306 0.597339 -0.047503
v 0.169899 0.486925 -0.049749
v 0.012713 0.495090 -0.047763
v 0.627940 0.431339 -0.038723
v 0.307302 0.487884 -0.036819
v 0.317219 0.237652 -0.045290
v 0.401254 0.422129 -0.037321
v 0.593407 0.406409 -0.060701
v 0.001720 0.606457 -0.036274
v 0.406749 0.444036 -0.057023
v 0.598346 0.482649 -0.051181
v -0.053395 0.443761 -0.041945
v 0.395070 0.520467 -0.044242
v 0.396720 0.626144 -0.053342
v 0.543567 0.457012 -0.043729
v 0.623587 0.451085 -0.038328
v 0.319225 0.355911 -0.045706
v 0.624309 0.511466 -0.063137
v 0.419159 0.384064 -0.041008
v 0.608341 0.419466 -0.052641
v 0.169946 0.385876 -0.049564
v -0.103916 0.536154 -0.056525
v 0.489176 0.341210 -0.039945
v 0.488249 0.302759 -0.041142
v 0.528132 0.476810 -0.062782
v 0.521765 0.492385 -0.037718
v 0.421156 0.517775 -0.057291
v 0.299117 0.421905 -0.062575
v 0.196589 0.616594 -0.043572
v 0.037554 0.264657 -0.039031
v 0.197650 0.583891 -0.051745
v 0.079485 0.301568 -0.040267
v 0.041133 0.555755 -0.044329
v -0.094924 0.529751 -0.038617
v 0.512031 0.333848 -0.041600
v 0.420279 0.285686 -0.056861
v 0.050115 0.560413 -0.051986
v 0.036769 0.432539 -0.048902
v 0.146410 0.450189 -0.059230
v -0.125482 0.442335 -0.046423
v 0.248517 0.637424 -0.047078
v 0.083570 0.449672 -0.058197
v 0.234347 0.616158 -0.061700
v 0.346037 0.534438 -0.057874
v 0.499330 0.303083 -0.049324
v 0.457011 0.272566 -0.060565
v 0.193078 0.436874 -0.051091
v 0.330642 0.359031 -0.036844
v 0.232746 0.434662 -0.043886
v 0.442669 0.414146 -0.042144
v -0.086772 0.551965 -0.050477
v 0.012144 0.601470 -0.056554
v 0.222785 0.300784 -0.044520
v 0.081608 0.526044 -0.052305
v 0.087211 0.393891 -0.061633
v 0.519498 0.555895 -0.043320
v 0.027885 0.579139 -0.050237
v 0.325105 0.275089 -0.051397
v 0.402464 0.254840 -0.041140
v 0.202853 0.316003 -0.039883
v 0.000759 0.466742 -0.048260
v 0.449117 0.560513 -0.043353
v 0.075011 0.597479 -0.047589
v 0.109967 0.641527 -0.038056
v 0.467894 0.506955 -0.055949
v 0.043870 0.339157 -0.049182
v 0.014065 0.363842 -0.036110
v 0.035646 0.474014 -0.056276
v 0.381399 0.575074 -0.044766
v -0.063847 0.389064 -0.052404
v 0.009007 0.344051 -0.048986
v 0.290430 0.346356 -0.049267
v 0.295968 0.337300 -0.062272
v 0.296562 0.371864 -0.052383
v 0.424229 0.425456 -0.062952
v 0.445118 0.624450 -0.056806
v 0.362097 0.472464 -0.044504
v 0.612383 0.449780 -0.057306
v 0.413003 0.261932 -0.060962
v 0.534218 0.582728 -0.056640
v 0.485714 0.467581 -0.049951
v 0.121288 0.592496 -0.055046
v 0.393926 0.538023 -0.059703
v 0.066832 0.530507 -0.056259
v 0.019709 0.528091 -0.056917
v -0.124998 0.510170 -0.058089
v 0.491519 0.515446 -0.047988
v -0.059034 0.399219 -0.051224
v 0.539220 0.369488 -0.054811
v 0.633496 0.408223 -0.038412
v -0.090900 0.535330 -0.045603
v 0.356021 0.643139 -0.044063
v -0.050274 0.365632 -0.043153
v 0.065166 0.492211 -0.051009
v 0.103261 0.432553 -0.037553
v 0.184977 0.480710 -0.060565
v 0.020527 0.339114 -0.060896
v 0.400341 0.280485 -0.060391
v 0.497777 0.286760 -0.055417
v -0.079806 0.483981 -0.059293
v 0.369357 0.635724 -0.044848
v 0.105657 0.431372 -0.049294
v 0.161572 0.507390 -0.036949
v -0.004239 0.488183 -0.048191
v 0.448703 0.274044 -0.062639
v 0.259612 0.437272 -0.045661
v 0.584064 0.364312 -0.041231
v 0.174440 0.417040 -0.041974
v -0.019547 0.310519 -0.043246
v 0.490015 0.298114 -0.058740
v 0.508923 0.408731 -0.061176
v 0.493426 0.590093 -0.041554
v 0.052699 0.323843 -0.046250
v 0.525459 0.338520 -0.053285
v 0.416534 0.273701 -0.043752
v 0.101645 0.496832 -0.063002
v 0.048355 0.540946 -0.057922
v 0.330910 0.285263 -0.036408
v 0.076047 0.576915 -0.055937
v 0.221733 0.314692 -0.054955
v 0.194168 0.391025 -0.056258
v 0.280155 0.625659 -0.055211
v 0.539981 0.391900 -0.049243
v 0.180820 0.626364 -0.038969
v 0.598572 0.527706 -0.049182
v 0.394225 0.648983 -0.062620
v 0.240974 0.476006 -0.037267
v -0.027591 0.338710 -0.057091
v 0.287437 0.496849 -0.047641
v 0.529734 0.389376 -0.041846
v 0.453488 0.467325 -0.063891
v 0.411715 0.406685 -0.063327
v 0.050200 0.347150 -0.061307
v 0.068273 0.412403 -0.054801
v 0.106112 0.252085 -0.060382
v 0.438467 0.339404 -0.045994
v 0.012323 0.458621 -0.056797
v 0.038070 0.537131 -0.051573
v 0.062349 0.465805 -0.055026
v 0.127728 0.424629 -0.050892
v 0.562280 0.570427 -0.052624
v 0.547294 0.578076 -0.057082
v 0.322010 0.639186 -0.043141
v 0.393602 0.531540 -0.051045
v 0.391455 0.475823 -0.062069
v 0.548747 0.513708 -0.058185
v 0.239124 0.653220 -0.046176
v 0.010407 0.388603 -0.050769
v 0.429619 0.322106 -0.046835
v 0.463434 0.346920 -0.039034
v 0.355064 0.310137 -0.057974
v 0.474984 0.340306 -0.040722
v 0.002082 0.346922 -0.062785
v 0.122751 0.472778 -0.047186
v 0.408880 0.567208 -0.047215
v -0.073648 0.369817 -0.055178
v 0.191661 0.393369 -0.055941
v 0.399817 0.627300 -0.061492
v 0.410980 0.415210 -0.059036
v 0.417888 0.289833 -0.040022
v 0.209575 0.326528 -0.061512
v 0.460122 0.452800 -0.056960
v -0.044280 0.577391 -0.053016
v 0.204272 0.547695 -0.059510
v 0.313250 0.255283 -0.052285
v 0.378121 0.496545 -0.044679
v 0.583961 0.427475 -0.046317
v 0.099038 0.469444 -0.038244
v 0.493456 0.413496 -0.049994
v 0.135592 0.585619 -0.062685
v -0.014955 0.300190 -0.038238
v 0.449344 0.391278 -0.050493
v 0.609063 0.523037 -0.058726
v 0.250716 0.347271 -0.063601
v -0.072840 0.340419 -0.045363
v 0.344140 0.661026 -0.054421
v 0.218787 0.307757 -0.037194
v 0.592245 0.364049 -0.056057
v 0.074372 0.553284 -0.050576
v 0.039723 0.410208 -0.051049
v 0.461868 0.470571 -0.041504
v 0.128292 0.371402 -0.044071
v 0.351351 0.331627 -0.041909
v 0.267298 0.308919 -0.039812
v 0.170772 0.644682 -0.062178
v 0.175868 0.584986 -0.058381
v 0.411981 0.534813 -0.058288
v 0.592819 0.417541 -0.041106
v 0.118968 0.443337 -0.043586
v 0.501390 0.443387 -0.045111
v 0.021334 0.604033 -0.053894
v 0.049435 0.389432 -0.052468
v 0.622255 0.505009 -0.038197
v 0.416668 0.398381 -0.057870
v 0.244051 0.363883 -0.048058
v 0.085018 0.520238 -0.056824
v 0.273848 0.465788 -0.059527
v 0.390635 0.435628 -0.061408
v 0.226790 0.580109 -0.038301
v 0.005780 0.299753 -0.058457
v 0.128853 0.368237 -0.052898
v 0.351677 0.466275 -0.059970
v 0.082746 0.493539 -0.058823
v 0.298905 0.411084 -0.061831
v 0.289268 0.366048 -0.047471
v 0.281713 0.471840 -0.042183
v 0.025273 0.596192 -0.055281
v 0.422919 0.437341 -0.059721
v 0.060160 0.366506 -0.061565
v 0.575947 0.437871 -0.037812
v -0.095164 0.363902 -0.048404
v 0.604320 0.481590 -0.045048
v 0.071862 0.277941 -0.058452
v 0.528388 0.504511 -0.048922
v 0.343520 0.663758 -0.055766
v -0.020668 0.451097 -0.046536
v 0.625791 0.517583 -0.049838
v 0.155921 0.579019 -0.036545
v 0.090634 0.535169 -0.048264
v -0.050648 0.526004 -0.063864
v 0.561929 0.414758 -0.058110
v 0.116253 0.497678 -0.044896
v 0.039049 0.597687 -0.049177
v 0.163070 0.530394 -0.041960
v -0.021131 0.523434 -0.041803
v 0.034630 0.565508 -0.040192
v 0.343391 0.653852 -0.060003
v -0.091872 0.513815 -0.050340
v 0.101025 0.360511 -0.040819
v -0.001049 0.534173 -0.043907
v 0.184235 0.302987 -0.062464
v 0.136704 0.313086 -0.058612
v 0.157548 0.354726 -0.046135
v 0.530153 0.296377 -0.052347
v 0.437575 0.530393 -0.037754
v 0.148025 0.629253 -0.053183
v -0.129012 0.386807 -0.039638
v 0.025099 0.544887 -0.048631
v 0.266822 0.260182 -0.044529
v 0.623432 0.391348 -0.046750
v 0.441250 0.639668 -0.047086
v 0.625573 0.430447 -0.042890
v 0.098387 0.272269 -0.045800
v 0.451953 0.378604 -0.049436
v -0.051857 0.531664 -0.052322
v 0.529465 0.543102 -0.056354
v 0.482348 0.274329 -0.057620
v 0.041933 0.279837 -0.048755
v 0.116084 0.428875 -0.047780
v 0.349850 0.590284 -0.047603
v 0.357904 0.283521 -0.041880
v 0.363231 0.657013 -0.047131
v 0.319444 0.279376 -0.046922
v 0.292348 0.387833 -0.045143
v 0.461315 0.627546 -0.063222
v 0.156846 0.494852 -0.042597
v 0.263020 0.465312 -0.059708
v 0.038532 0.386116 -0.057945
v 0.427211 0.402768 -0.040873
v 0.034341 0.311723 -0.044991
v 0.242873 0.464845 -0.048507
v 0.494498 0.523433 -0.058859
v 0.471951 0.567842 -0.052059
v 0.390199 0.635492 -0.058878
v 0.218948 0.474241 -0.040251
v 0.260467 0.629054 -0.051218
v 0.083660 0.345431 -0.047892
v 0.236840 0.431965 -0.063840
v 0.490852 0.553019 -0.036065
v 0.246766 0.235441 -0.053466
v 0.034364 0.629925 -0.058048
v 0.268893 0.237068 -0.040202
v 0.050647 0.429370 -0.057876
v 0.500254 0.291623 -0.050533
v 0.174823 0.492550 -0.056029
v -0.013659 0.456553 -0.060772
v -0.059031 0.487772 -0.038859
v 0.150903 0.312466 -0.060266
v 0.499569 0.617270 -0.038629
v 0.301279 0.407800 -0.046549
v 0.060732 0.293060 -0.049449
v 0.439778 0.325507 -0.043641
v 0.180382 0.631830 -0.046038
v 0.328406 0.539763 -0.060829
v 0.227386 0.428644 -0.053510
v -0.022334 0.340739 -0.059017
v 0.154920 0.296018 -0.060113
v 0.229242 0.320291 -0.044081
v 0.070357 0.537793 -0.045645
v 0.406142 0.473744 -0.057833
v 0.472498 0.537424 -0.054303
v 0.177404 0.604970 -0.038650
v 0.332100 0.652640 -0.050165
v 0.591434 0.481648 -0.061664
v 0.124453 0.474403 -0.041510
v 0.522842 0.437920 -0.040779
v -0.084115 0.406471 -0.037314
v 0.476002 0.455517 -0.054673
v -0.123713 0.440694 -0.042888
v 0.073796 0.493897 -0.063559
v 0.399163 0.601741 -0.055632
v -0.107345 0.470665 -0.037601
v 0.344988 0.646865 -0.056078
v 0.139156 0.332712 -0.058473
v 0.085213 0.376606 -0.061921
v 0.216161 0.418646 -0.054974
v 0.126738 0.594709 -0.049950
v 0.361258 0.551736 -0.037986
v 0.067817 0.484954 -0.050096
v 0.249149 0.597921 -0.050220
v 0.219676 0.286342 -0.043670
v 0.572500 0.445752 -0.053004
v 0.054411 0.280774 -0.054487
v 0.023486 0.442212 -0.043899
v 0.531812 0.457581 -0.059424
v 0.409577 0.602751 -0.036507
v 0.266313 0.637119 -0.048642
v 0.123901 0.420139 -0.044691
v 0.370881 0.406492 -0.053892
v 0.384102 0.496801 -0.040860
v 0.240772 0.593700 -0.058527
v 0.197628 0.475930 -0.039198
v 0.051755 0.374349 -0.058994
v 0.466856 0.481791 -0.062148
v -0.081456 0.485888 -0.056351
v 0.591343 0.390254 -0.043868
v -0.067173 0.493754 -0.056398
v 0.035136 0.609171 -0.051682
v -0.012666 0.511838 -0.052645
v 0.359391 0.617918 -0.059421
v 0.592298 0.395723 -0.040775
v -0.057717 0.507552 -0.063293
v 0.054682 0.328582 -0.061753
v 0.258837 0.668030 -0.049406
v -0.087893 0.351529 -0.061206
v 0.257075 0.247863 -0.041014
v 0.119750 0.570668 -0.041720
v 0.033540 0.534101 -0.038741
v 0.049344 0.385227 -0.056497
v 0.195129 0.472186 -0.050450
v -0.073372 0.368692 -0.051404
v 0.211947 0.506541 -0.038814
v 0.437063 0.340441 -0.041641
v 0.357713 0.512248 -0.058242
v 0.585495 0.454866 -0.054200
v 0.283704 0.596761 -0.039529
v -0.051801 0.515205 -0.054967
v 0.307158 0.528817 -0.046716
v 0.064576 0.584393 -0.044688
v -0.033713 0.418078 -0.048442
v 0.300700 0.320836 -0.049943
v 0.373502 0.582594 -0.059201
v -0.053923 0.315764 -0.057981
v 0.197113 0.268170 -0.039031
v 0.137121 0.386324 -0.038768
v 0.604833 0.487245 -0.057205
v -0.076371 0.446583 -0.058527
v 0.021834 0.350845 -0.042558
v 0.201787 0.564626 -0.060211
v -0.043881 0.497056 -0.057489
v 0.207415 0.314104 -0.045043
v 0.383289 0.528927 -0.061832
v 0.222554 0.308857 -0.051289
v 0.448482 0.637323 -0.050747
v 0.051609 0.638563 -0.057679
v 0.271473 0.572265 -0.063917
v 0.127203 0.505566 -0.040141
v 0.100482 0.501458 -0.056435
v 0.440717 0.490847 -0.039429
v 0.461560 0.525771 -0.058505
v 0.543179 0.302791 -0.059043
v 0.379068 0.377813 -0.059203
v 0.452560 0.329468 -0.058905
v 0.299489 0.579992 -0.063100
v 0.210854 0.580938 -0.041622
v 0.532371 0.590770 -0.045733
v 0.177656 0.557369 -0.055866
v 0.316971 0.498929 -0.050919
v 0.221173 0.616194 -0.055795
v -0.001970 0.387292 -0.055913
v 0.260937 0.387656 -0.048482
v 0.216762 0.358567 -0.046487
v 0.189447 0.551943 -0.060930
v 0.142150 0.515530 -0.060885
v 0.503175 0.431255 -0.042932
v 0.145117 0.378751 -0.056953
v 0.121734 0.510333 -0.047306
v -0.015974 0.448981 -0.056911
v 0.219288 0.326073 -0.045749
v 0.040287 0.339246 -0.050116
v 0.277801 0.284621 -0.060689
v 0.251166 0.460061 -0.050988
v 0.324668 0.345357 -0.036516
v 0.041773 0.290451 -0.057833
v 0.184292 0.653599 -0.059032
v 0.175704 0.351586 -0.054491
v -0.118268 0.494557 -0.059198
v 0.170201 0.537107 -0.061866
v 0.230454 0.384220 -0.056972
v 0.627242 0.423381 -0.057319
v -0.067046 0.473811 -0.040875
v 0.127755 0.510085 -0.058244
v 0.595810 0.508441 -0.062012
v 0.219844 0.590882 -0.052078
v 0.223734 0.281585 -0.060802
v 0.604808 0.482777 -0.047342
v -0.046170 0.548810 -0.038432
v -0.043538 0.321263 -0.059883
v 0.313598 0.406787 -0.038440
v -0.023548 0.343948 -0.062965
v 0.112863 0.571936 -0.040214
v 0.238210 0.513250 -0.047723
v 0.553704 0.575210 -0.055084
v 0.506131 0.617680 -0.061721
v 0.616975 0.507403 -0.042677
v 0.402338 0.651369 -0.059378
v 0.533809 0.374568 -0.052363
v 0.620775 0.443630 -0.037066
v 0.163627 0.393398 -0.059166
v -0.105414 0.380754 -0.056600
v 0.162073 0.294487 -0.060052
v 0.514718 0.484168 -0.052939
v 0.022320 0.566522 -0.046174
v 0.527438 0.415789 -0.056684
v 0.347268 0.461051 -0.062111
v 0.565466 0.552284 -0.060180
v 0.000249 0.560394 -0.057761
v 0.051861 0.458000 -0.040370
v 0.340378 0.421588 -0.036567
v 0.105035 0.406937 -0.044270
v 0.439903 0.292201 -0.044157
v 0.030870 0.362872 -0.054937
v -0.009852 0.476763 -0.038929
v 0.518285 0.339457 -0.046953
v 0.341879 0.542521 -0.054480
v -0.053250 0.451140 -0.045518
v 0.014268 0.354780 -0.040709
v 0.046880 0.542475 -0.050867
v 0.226248 0.381772 -0.053669
v 0.291170 0.562609 -0.045166
v 0.271230 0.458868 -0.056139
v 0.422802 0.313818 -0.036693
v 0.055378 0.616351 -0.043222
v 0.455502 0.336365 -0.042510
v 0.038457 0.321854 -0.037013
v 0.206161 0.462183 -0.046713
v 0.303142 0.568393 -0.050896
v 0.295383 0.435711 -0.050387
v 0.451228 0.287718 -0.061562
v 0.433184 0.512705 -0.053096
v 0.122256 0.334066 -0.040523
v 0.221327 0.519097 -0.063346
v 0.330789 0.251535 -0.054333
v 0.173703 0.600073 -0.036485
v 0.098224 0.383942 -0.052652
v 0.259566 0.537145 -0.056260
v 0.262874 0.643281 -0.042614
v 0.466581 0.407295 -0.040957
v 0.205949 0.309953 -0.044909
v 0.021407 0.597166 -0.051155
v 0.312009 0.653003 -0.056944
v 0.386649 0.268290 -0.054127
v 0.388102 0.408544 -0.061871
v 0.360184 0.561112 -0.041102
v 0.045322 0.412789 -0.051177
v -0.017421 0.353285 -0.061696
v 0.022402 0.456476 -0.059243
v 0.401762 0.577590 -0.042958
v 0.513796 0.355059 -0.048247
v 0.276978 0.231378 -0.054823
v 0.436099 0.616109 -0.052873
v 0.238738 0.655513 -0.037394
v 0.165412 0.430303 -0.062314
v 0.296651 0.606092 -0.056462
v 0.160314 0.470375 -0.056658
v 0.505388 0.538741 -0.061700
v 0.354486 0.510357 -0.048202
v 0.089684 0.637750 -0.057801
v 0.170537 0.329251 -0.044199
v 0.365955 0.653729 -0.039619
v 0.109140 0.527360 -0.059491
v 0.227303 0.506990 -0.060336
v 0.099974 0.486086 -0.056409
v 0.100306 0.444237 -0.052860
v 0.255072 0.562888 -0.052587
v 0.530939 0.521466 -0.049284
v 0.306876 0.527378 -0.058972
v 0.075242 0.537573 -0.047109
v 0.407094 0.293696 -0.044637
v 0.373768 0.467965 -0.037275
v 0.356765 0.475831 -0.039239
v -0.048223 0.595354 -0.058335
v 0.419299 0.276181 -0.057521
v 0.005577 0.446111 -0.056122
v 0.034085 0.428010 -0.052250
v 0.337815 0.314082 -0.045381
v 0.109348 0.293380 -0.038295
v 0.484425 0.528634 -0.048507
v 0.401903 0.476151 -0.038562
v 0.442272 0.471149 -0.052366
v 0.196506 0.265237 -0.052431
v 0.578743 0.377811 -0.051262
v 0.391418 0.347500 -0.037284
v 0.078376 0.541502 -0.055634
v 0.178635 0.414294 -0.056995
v 0.379530 0.433009 -0.054737
v 0.378353 0.365607 -0.053970
v 0.240861 0.376863 -0.038751
v 0.451895 0.583731 -0.047922
v 0.115956 0.527075 -0.062619
v -0.005275 0.320999 -0.058620
v 0.251038 0.627751 -0.039394
v 0.340396 0.624293 -0.036465
v 0.128340 0.614973 -0.055183
v 0.248605 0.412873 -0.063361
v 0.212376 0.470303 -0.060119
v 0.263485 0.424850 -0.051680
v 0.203850 0.328200 -0.036026
v 0.245002 0.330146 -0.041181
v 0.092993 0.462283 -0.037889
v 0.463933 0.369461 -0.056002
v 0.591157 0.431157 -0.056861
v 0.469607 0.588416 -0.040612
v 0.074341 0.397754 -0.059121
v 0.197411 0.592491 -0.054839
v 0.087192 0.462465 -0.059304
v 0.437127 0.472041 -0.041667
v 0.524922 0.408925 -0.058225
v 0.120112 0.467342 -0.053521
v 0.336723 0.552592 -0.036382
v -0.102225 0.374228 -0.047431
v 0.511675 0.331452 -0.037296
v 0.153698 0.612471 -0.037352
v -0.004231 0.574697 -0.046502
v 0.556750 0.525819 -0.047649
v 0.109446 0.633146 -0.045609
v 0.191396 0.565801 -0.056960
v 0.165285 0.546751 -0.047643
v 0.355810 0.461167 -0.053629
v 0.198172 0.532146 -0.039471
v 0.426147 0.323162 -0.050126
v 0.115797 0.533217 -0.039064
v 0.316103 0.298408 -0.050842
v -0.080729 0.463663 -0.042594
v 0.484165 0.578686 -0.053479
v 0.570886 0.378691 -0.046750
v 0.255600 0.306861 -0.059989
v 0.102434 0.349758 -0.062755
v 0.446657 0.562565 -0.063220
v 0.315385 0.332992 -0.061852
v -0.085505 0.469132 -0.040798
v 0.042303 0.453384 -0.040183
v 0.442081 0.479182 -0.052419
v 0.288816 0.568199 -0.043097
v 0.128173 0.408994 -0.044814
v 0.570516 0.558489 -0.054199
v 0.174806 0.532946 -0.054331
v 0.046722 0.300903 -0.044074
v 0.160259 0.364544 -0.060486
v 0.015814 0.397548 -0.044757
v -0.133721 0.447184 -0.037135
v 0.139326 0.320527 -0.039234
v -0.032627 0.429301 -0.054269
v 0.243935 0.377173 -0.054897
v 0.419091 0.294647 -0.061733
v -0.013461 0.528047 -0.047697
v 0.223572 0.493326 -0.057294
v 0.429079 0.406805 -0.056975
v 0.100098 0.351320 -0.039287
v 0.120237 0.619037 -0.060736
v 0.405844 0.392932 -0.047564
v 0.100584 0.498373 -0.060312
v 0.570993 0.332115 -0.049699
v 0.032155 0.572567 -0.062113
v 0.519099 0.604972 -0.046045
v -0.022376 0.520889 -0.040321
v 0.482590 0.346827 -0.042725
v 0.468521 0.333319 -0.048504
v -0.048376 0.423379 -0.040836
v -0.027074 0.292798 -0.043293
v 0.474187 0.523209 -0.057715
v 0.088228 0.576590 -0.062573
v 0.185893 0.317452 -0.039499
v 0.419520 0.443680 -0.054269
v 0.146650 0.426078 -0.056988
v 0.286374 0.662505 -0.060244
v 0.189643 0.615167 -0.043882
v 0.528838 0.459631 -0.058294
v 0.492488 0.557426 -0.048021
v -0.010814 0.447828 -0.050933
v 0.228454 0.423897 -0.049323
v 0.155590 0.359155 -0.053127
v 0.114257 0.491007 -0.058606
v 0.048158 0.517332 -0.050827
v 0.099912 0.348705 -0.051266
v -0.015754 0.568474 -0.059346
v 0.076787 0.373198 -0.062183
v 0.364283 0.253442 -0.040533
v 0.203578 0.350727 -0.043154
v 0.196687 0.455828 -0.042933
v 0.145910 0.598568 -0.044135
v 0.137838 0.622688 -0.053334
v 0.247349 0.324613 -0.044862
v 0.280365 0.577482 -0.052432
v 0.464172 0.555087 -0.042922
v 0.446469 0.458755 -0.036683
v 0.617196 0.454196 -0.040005
v 0.091380 0.284982 -0.054774
v 0.120800 0.327756 -0.060115
v 0.461189 0.502101 -0.038283
v 0.616442 0.408623 -0.044115
v 0.570571 0.568030 -0.049930
v 0.495135 0.522586 -0.047119
v 0.316841 0.356358 -0.053043
v 0.106612 0.519582 -0.045774
v 0.454195 0.404316 -0.059095
v 0.427629 0.498730 -0.052404
v 0.427815 0.313689 -0.056163
v 0.428989 0.456300 -0.044852
v -0.009485 0.330247 -0.045300
v -0.069844 0.320123 -0.063136
v 0.287735 0.580586 -0.054339
v 0.126940 0.283664 -0.060986
v 0.352437 0.626674 -0.043290
v 0.483129 0.580078 -0.037320
v 0.120465 0.579549 -0.061252
v 0.190907 0.414792 -0.041425
v 0.291960 0.342555 -0.053664
v -0.048103 0.448635 -0.051230
v 0.555614 0.525335 -0.042360
v 0.147578 0.552831 -0.040079
v 0.173004 0.606302 -0.061977
v 0.029855 0.605006 -0.047217
v -0.034846 0.444750 -0.038815
v 0.570761 0.336986 -0.061933
v 0.472359 0.566013 -0.051632
v -0.009615 0.536080 -0.057109
v 0.211421 0.311050 -0.054143
v 0.048177 0.516657 -0.049772
v 0.641491 0.443395 -0.044312
v 0.334197 0.321263 -0.040489
v 0.068686 0.302242 -0.044164
v -0.082619 0.372801 -0.039098
v 0.539170 0.405943 -0.048267
v 0.220006 0.643434 -0.058688
v 0.466660 0.291201 -0.043270
v 0.132225 0.588016 -0.041354
v 0.038328 0.524624 -0.043789
v 0.272719 0.611532 -0.040361
v 0.121028 0.556870 -0.042246
v 0.618622 0.393324 -0.044203
v 0.145576 0.417183 -0.053710
v 0.105553 0.564289 -0.051579
v 0.398872 0.647703 -0.048199
v 0.049635 0.295947 -0.042608
v 0.586645 0.401559 -0.042815
v 0.213213 0.468151 -0.060723
v 0.272246 0.386288 -0.046161
v 0.492916 0.476088 -0.048266
v 0.160628 0.543291 -0.063039
v -0.036999 0.418805 -0.036133
v 0.240083 0.452226 -0.060084
v 0.560851 0.329651 -0.038060
v 0.179727 0.291399 -0.048624
v 0.399057 0.419611 -0.042766
v 0.019283 0.382465 -0.040132
v 0.081005 0.494733 -0.059411
v 0.569780 0.469364 -0.057741
v 0.293237 0.295748 -0.036366
v 0.066196 0.550667 -0.063973
v 0.056822 0.320579 -0.044497
v 0.063226 0.596151 -0.054873
v 0.375254 0.260629 -0.040298
v 0.012820 0.368413 -0.063049
v 0.225822 0.648616 -0.058366
v 0.259463 0.587726 -0.043678
v 0.638862 0.457579 -0.036152
v 0.216402 0.592347 -0.048607
v -0.088287 0.411250 -0.057250
v 0.065758 0.287901 -0.049510
v -0.042207 0.447360 -0.062372
v 0.347955 0.535878 -0.061353
v 0.600565 0.410213 -0.052172
v 0.355573 0.396963 -0.056381
v -0.035084 0.454594 -0.062636
v 0.474202 0.475670 -0.062551
v 0.369941 0.455872 -0.055771
v 0.411686 0.535798 -0.041951
v 0.255308 0.425090 -0.063284
v 0.533560 0.359563 -0.036947
v 0.489445 0.383123 -0.049467
v 0.437908 0.407711 -0.051651
v 0.260010 0.344225 -0.055347
v 0.052468 0.452631 -0.052747
v -0.075380 0.362391 -0.046186
v 0.554534 0.484612 -0.061070
v 0.477721 0.550100 -0.037503
v 0.175058 0.489711 -0.057867
v 0.553065 0.586507 -0.054196
v 0.478599 0.577084 -0.046153
v 0.060144 0.296876 -0.053963
v 0.357194 0.476738 -0.038716
v 0.151504 0.368962 -0.054106
v 0.142618 0.630872 -0.047821
v 0.402991 0.594452 -0.062235
v 0.375517 0.600222 -0.046599
v 0.227500 0.281522 -0.043596
v 0.297826 0.641451 -0.057087
v -0.008258 0.411390 -0.052275
v -0.112022 0.490243 -0.062984
v 0.004972 0.301415 -0.040437
v -0.133138 0.418538 -0.038904
v 0.447701 0.272636 -0.042129
v 0.275310 0.425216 -0.058051
v -0.051121 0.309637 -0.048597
v 0.040595 0.425202 -0.045265
v 0.216388 0.423705 -0.061202
v 0.314418 0.551506 -0.044664
v 0.085587 0.408502 -0.046542
v 0.142292 0.315240 -0.063761
v 0.064760 0.540016 -0.049726
v 0.447281 0.344796 -0.054249
v 0.209108 0.507954 -0.054880
v 0.312547 0.646830 -0.061048
v 0.359592 0.305018 -0.062419
v 0.002214 0.506236 -0.040418
v -0.057731 0.457137 -0.036349
v 0.322541 0.255713 -0.048357
v -0.023717 0.330513 -0.039512
v 0.397269 0.481526 -0.036837
v 0.475765 0.442949 -0.051740
v 0.527563 0.482612 -0.042933
v 0.379626 0.616759 -0.063638
v 0.036249 0.516914 -0.050314
v -0.056517 0.468961 -0.045985
v 0.218422 0.619109 -0.045453
v 0.353349 0.561502 -0.042982
v 0.080058 0.470686 -0.052663
v 0.021502 0.384780 -0.037455
v 0.210495 0.385863 -0.043137
v 0.141027 0.585329 -0.042566
v 0.041344 0.597099 -0.036768
v 0.144800 0.639469 -0.040939
v -0.138693 0.406647 -0.054952
v 0.189954 0.275081 -0.037452
v 0.171099 0.428420 -0.060850
v -0.136252 0.422314 -0.042667
v 0.356888 0.494444 -0.043397
v 0.052345 0.466293 -0.057498
v 0.322028 0.404837 -0.051121
v 0.190483 0.588848 -0.036191
v 0.191779 0.406498 -0.052416
v 0.514420 0.286412 -0.063741
v 0.110325 0.387642 -0.043413
v 0.620420 0.440379 -0.057746
v -0.056785 0.524383 -0.059031
v -0.034129 0.464903 -0.052007
v 0.252735 0.624003 -0.043096
v 0.448602 0.370585 -0.044732
v 0.464603 0.296065 -0.047814
v 0.261490 0.623625 -0.039199
v 0.476329 0.597441 -0.051342
v 0.130560 0.554963 -0.039342
v 0.107017 0.578796 -0.049147
v 0.389730 0.426460 -0.058613
v -0.099339 0.395596 -0.058329
v 0.354337 0.548707 -0.045037
v 0.357053 0.390268 -0.061517
v 0.473269 0.551720 -0.045192
v 0.298504 0.265862 -0.044735
v 0.456994 0.377020 -0.037805
v 0.443628 0.421644 -0.052297
v 0.383248 0.248162 -0.036066
v 0.207817 0.424472 -0.044833
v 0.026839 0.631726 -0.050852
v 0.266176 0.259416 -0.044538
v 0.144050 0.485354 -0.036255
v 0.302258 0.521554 -0.046900
v 0.380767 0.600026 -0.056146
v 0.296306 0.266024 -0.059080
v 0.433647 0.425768 -0.049708
v 0.128704 0.256314 -0.042600
v 0.355823 0.375252 -0.057262
v -0.076748 0.351547 -0.061346
v 0.040414 0.448696 -0.053694
v 0.519973 0.513618 -0.059403
v -0.032563 0.411373 -0.038171
v 0.264073 0.562187 -0.063899
v 0.432103 0.367714 -0.057710
v 0.361290 0.651327 -0.049858
v 0.091406 0.490317 -0.045303
v 0.276267 0.434823 -0.036452
v -0.055023 0.358358 -0.037366
v 0.169089 0.503594 -0.040807
v -0.087851 0.445626 -0.045681
v 0.378576 0.496375 -0.043304
v 0.056132 0.568393 -0.059167
v -0.119086 0.398022 -0.055216
v 0.167177 0.617869 -0.055654
v -0.000562 0.569052 -0.049332
v 0.455187 0.334604 -0.058095
v -0.077066 0.356025 -0.048758
v 0.386790 0.602585 -0.045770
v 0.182899 0.595714 -0.039497
v 0.291640 0.548017 -0.052894
v 0.263714 0.652920 -0.055782
v 0.514530 0.489194 -0.043162
v 0.402823 0.432565 -0.042454
v 0.266444 0.549802 -0.039065
v 0.216546 0.495144 -0.040890
v 0.170207 0.652410 -0.050011
v -0.036834 0.374595 -0.051873
v 0.451638 0.449122 -0.045744
v 0.318504 0.666440 -0.063032
v 0.342525 0.430875 -0.037379
v 0.459680 0.531508 -0.042479
v -0.110768 0.541047 -0.036809
v 0.011829 0.429959 -0.055092
v 0.561237 0.533688 -0.049064
v 0.096615 0.600548 -0.038060
v 0.398840 0.424151 -0.038938
v 0.040990 0.604122 -0.061085
v 0.473484 0.451416 -0.052044
v 0.583122 0.492631 -0.042324
v 0.244503 0.260802 -0.041869
v 0.352503 0.575187 -0.063828
v 0.203702 0.464242 -0.061091
v 0.225832 0.628250 -0.058421
v 0.401054 0.297317 -0.038548
v 0.177042 0.246225 -0.060245
v 0.208906 0.504796 -0.063331
v 0.035187 0.549172 -0.048758
v 0.134020 0.586784 -0.037963
v 0.339020 0.381139 -0.061868
v 0.031717 0.617121 -0.038487
v 0.193549 0.656025 -0.042323
v 0.038367 0.393217 -0.043209
v 0.277112 0.428680 -0.061865
v 0.600454 0.537280 -0.044764
v 0.261738 0.277376 -0.053504
v 0.408608 0.606184 -0.063285
v 0.031049 0.624690 -0.063148
v 0.011891 0.516057 -0.056928
v 0.043669 0.629272 -0.045602
v 0.296339 0.296599 -0.061744
v -0.084994 0.503426 -0.054009
v 0.240679 0.393719 -0.048239
v 0.341231 0.294377 -0.059357
v 0.257157 0.282645 -0.059615
v 0.322902 0.365741 -0.037170
v 0.337153 0.415388 -0.041988
v 0.369888 0.592437 -0.039933
v 0.186629 0.375852 -0.040347
v 0.456566 0.333408 -0.060634
v 0.353107 0.319733 -0.051957
v 0.206959 0.490512 -0.054827
v 0.571500 0.516241 -0.036368
v 0.477635 0.593587 -0.047196
v 0.285602 0.619395 -0.057319
v 0.257243 0.665991 -0.042989
v 0.021552 0.591843 -0.059285
v 0.249045 0.588692 -0.059745
v 0.545395 0.422354 -0.049837
v 0.232784 0.496887 -0.038447
v 0.623648 0.381521 -0.040486
v 0.000878 0.465710 -0.056807
v -0.003292 0.353879 -0.059678
v 0.209281 0.259836 -0.043353
v 0.438265 0.462525 -0.063264
v 0.078968 0.508964 -0.061311
v -0.053538 0.387963 -0.040774
v 0.177160 0.424299 -0.055059
v 0.641662 0.477700 -0.042889
v 0.204071 0.628442 -0.040062
v 0.126997 0.342218 -0.063224
v 0.131510 0.600719 -0.038483
v 0.088501 0.468905 -0.062338
v 0.440609 0.485515 -0.056800
v 0.077106 0.403498 -0.060998
v 0.377239 0.483861 -0.037690
v 0.274200 0.432641 -0.058389
v 0.240215 0.588073 -0.044971
v 0.039532 0.446999 -0.037454
v -0.010939 0.559703 -0.050371
v 0.306410 0.565135 -0.056212
v 0.072697 0.543483 -0.063862
v 0.415871 0.553611 -0.043571
v 0.290467 0.248251 -0.041742
v 0.237140 0.534334 -0.048367
v 0.080733 0.424071 -0.049531
v 0.328169 0.620584 -0.054043
v 0.472517 0.297412 -0.045005
v 0.067583 0.390128 -0.055428
v -0.057399 0.355854 -0.060725
v 0.500043 0.465808 -0.042324
v 0.062824 0.641198 -0.053543
v 0.153288 0.315800 -0.048302
v 0.615713 0.380637 -0.057923
v 0.234508 0.306434 -0.052789
v -0.018387 0.428291 -0.059815
v 0.400237 0.308719 -0.057042
v 0.259197 0.586497 -0.056506
v -0.039268 0.318696 -0.049576
v 0.256917 0.346831 -0.058143
v -0.031270 0.297006 -0.057271
v 0.019634 0.590666 -0.039291
v 0.019313 0.545723 -0.048956
v 0.153748 0.527137 -0.041438
v 0.444376 0.273516 -0.055872
v 0.330710 0.399698 -0.056889
v 0.352429 0.306871 -0.043845
v 0.029542 0.484981 -0.043630
v 0.361448 0.645763 -0.051413
v 0.045646 0.476452 -0.047523
v 0.023511 0.338837 -0.052324
v -0.053587 0.413767 -0.053791
v 0.352768 0.240058 -0.054581
v -0.016269 0.469179 -0.046931
v 0.570182 0.568215 -0.045427
v 0.279242 0.341000 -0.054393
v 0.354336 0.650306 -0.048840
v 0.427464 0.313720 -0.038170
v -0.093013 0.427504 -0.055787
v 0.503759 0.564731 -0.036941
v 0.126665 0.610136 -0.056218
v 0.310776 0.597698 -0.044025
v 0.318082 0.510292 -0.044828
v 0.097858 0.317711 -0.045471
v 0.355421 0.278461 -0.052118
v 0.521744 0.371702 -0.053158
v 0.079939 0.446295 -0.052515
v 0.212116 0.504414 -0.063103
v 0.026133 0.420007 -0.036092
v 0.474819 0.379161 -0.037875
v 0.367287 0.503623 -0.054825
v 0.091752 0.462632 -0.040706
v 0.106834 0.422638 -0.042434
v 0.337447 0.374283 -0.050265
v -0.046171 0.382872 -0.049047
v 0.033909 0.581389 -0.056769
v 0.543316 0.403442 -0.046513
v -0.013535 0.549392 -0.055818
v 0.204412 0.322726 -0.036017
v 0.316408 0.247396 -0.058588
v 0.227266 0.396798 -0.041746
v 0.333895 0.653451 -0.058310
v 0.011403 0.425298 -0.052700
v -0.030672 0.455804 -0.060549
v 0.253159 0.249022 -0.056852
v 0.158398 0.253848 -0.056412
v 0.240565 0.464294 -0.043102
v 0.201786 0.643026 -0.053651
v 0.437520 0.480059 -0.039879
v 0.494050 0.580957 -0.055254
v 0.292550 0.305198 -0.036228
v -0.054624 0.464492 -0.049326
v 0.431077 0.609867 -0.049908
v 0.528003 0.336508 -0.055446
v 0.076105 0.478798 -0.056513
v 0.587152 0.444043 -0.047880
v 0.241124 0.365162 -0.039814
v 0.527208 0.584258 -0.038248
v 0.074739 0.461906 -0.052491
v -0.004592 0.298865 -0.036230
v -0.115111 0.521790 -0.049756
v 0.437812 0.277352 -0.044337
v 0.615841 0.370364 -0.057185
v 0.059563 0.268167 -0.038513
v 0.371144 0.344288 -0.036730
v 0.245114 0.366886 -0.045868
v -0.051229 0.344726 -0.044590
v 0.111275 0.452127 -0.054933
v 0.246044 0.440348 -0.046215
v -0.130840 0.482550 -0.044382
v 0.232285 0.665673 -0.059581
v -0.005093 0.586783 -0.062691
v 0.525180 0.593777 -0.052548
v 0.025826 0.543368 -0.054141
v -0.146871 0.477162 -0.051741
v 0.624867 0.437825 -0.047882
v 0.160658 0.274187 -0.061128
v -0.061592 0.530677 -0.054878
v -0.051985 0.554769 -0.055722
v 0.520855 0.449608 -0.048055
v 0.202128 0.428909 -0.055765
v -0.066397 0.437161 -0.050362
v 0.197871 0.303263 -0.060206
v 0.492940 0.297689 -0.051725
v 0.395930 0.551925 -0.057096
v 0.538009 0.526817 -0.036243
v 0.048553 0.393938 -0.055349
v -0.081041 0.548599 -0.060469
v -0.066984 0.547936 -0.053249
v -0.119743 0.492256 -0.059588
v 0.061532 0.300780 -0.051797
v 0.580137 0.474612 -0.060990
v 0.166658 0.271336 -0.063081
v 0.346878 0.322816 -0.062189
v 0.234499 0.634074 -0.039616
v 0.129615 0.462086 -0.060218
v 0.337445 0.276183 -0.041165
v 0.191711 0.317516 -0.051808
v 0.460341 0.428038 -0.063881
v 0.281367 0.624450 -0.056224
v 0.024820 0.322663 -0.044635
v -0.005784 0.536973 -0.057805
v 0.276899 0.538587 -0.036943
v 0.238986 0.239819 -0.050942
v 0.127561 0.335263 -0.039095
v 0.275289 0.665894 -0.063103
v 0.155683 0.540375 -0.060759
v -0.009000 0.586896 -0.039997
v 0.267300 0.240047 -0.048317
v 0.183435 0.571410 -0.053576
v 0.061300 0.517002 -0.063155
v 0.592107 0.463185 -0.045363
v 0.286418 0.447697 -0.037007
v 0.465790 0.628082 -0.062989
v 0.024438 0.541960 -0.041660
v 0.215203 0.525937 -0.058653
v 0.525884 0.376710 -0.040554
v 0.539400 0.416845 -0.051847
v 0.429063 0.638389 -0.048283
v -0.057068 0.332565 -0.057098
v 0.182121 0.467315 -0.045852
v 0.130606 0.561474 -0.053746
v -0.096933 0.470983 -0.047553
v 0.261079 0.266723 -0.053830
v 0.369364 0.376470 -0.039430
v 0.249325 0.577253 -0.062126
v 0.517333 0.430728 -0.058459
v 0.269156 0.340246 -0.039693
v 0.194578 0.444193 -0.062148
v 0.509976 0.444233 -0.059534
v 0.317354 0.557888 -0.042628
v -0.013416 0.559905 -0.061846
v 0.448908 0.598012 -0.038354
v 0.275006 0.341249 -0.041253
v 0.478716 0.579819 -0.056672
v 0.444075 0.348169 -0.043239
v -0.145235 0.436244 -0.063932
v 0.208800 0.631467 -0.059301
v 0.230205 0.391855 -0.048366
v 0.200470 0.641673 -0.048444
v 0.486192 0.327582 -0.057105
v 0.294094 0.237128 -0.048494
v 0.283393 0.246270 -0.043633
v 0.235500 0.374405 -0.060199
v 0.141790 0.492193 -0.042886
v 0.220742 0.438079 -0.063602
v 0.385686 0.349529 -0.048828
v -0.061957 0.336878 -0.054768
v 0.025107 0.269500 -0.062830
v 0.286813 0.469191 -0.057934
v 0.235148 0.416072 -0.036169
v -0.075520 0.388242 -0.044543
v 0.432410 0.370330 -0.036534
v 0.192177 0.325476 -0.046036
v 0.190551 0.274661 -0.041310
v 0.184478 0.426712 -0.058837
v 0.403018 0.515843 -0.062082
v 0.031669 0.525224 -0.055503
v 0.396688 0.461245 -0.046182
v 0.457977 0.632171 -0.055863
v 0.007627 0.512560 -0.052183
v 0.235210 0.606239 -0.059827
v 0.115359 0.277622 -0.048153
v 0.415325 0.345480 -0.059557
v -0.096690 0.502760 -0.046587
v 0.407921 0.275720 -0.056623
v 0.527240 0.341329 -0.047233
v 0.393074 0.337637 -0.039865
v 0.367670 0.537490 -0.061787
v 0.441244 0.291891 -0.053656
v 0.483364 0.424359 -0.043968
v 0.491259 0.311693 -0.053059
v -0.120481 0.461575 -0.049656
v 0.299512 0.468897 -0.036561
v -0.012918 0.307878 -0.055510
v 0.520833 0.376582 -0.042894
v 0.217935 0.517451 -0.056421
v 0.490796 0.483530 -0.039482
v 0.168842 0.290994 -0.054957
v 0.289661 0.373678 -0.060442
v 0.291085 0.599408 -0.059863
v 0.204656 0.635977 -0.036502
v 0.465710 0.382288 -0.061367
v 0.298938 0.513674 -0.057908
v 0.411205 0.351207 -0.040486
v 0.301222 0.298598 -0.055023
v 0.023602 0.544276 -0.063627
v 0.124410 0.590080 -0.047855
v 0.100153 0.649707 -0.049494
v 0.033535 0.578400 -0.038086
