# Morphora point cloud - 10000 vertices, 3333 triangle faces
v -0.012149 -0.014579 -0.006299
v 0.017252 0.101526 0.004948
v 0.027569 -0.022178 -0.002186
v 0.055130 0.010444 0.000150
v 0.052767 0.008880 0.004197
v -0.054110 -0.015699 0.002499
v 0.003529 -0.009007 0.008563
v -0.022407 -0.066314 -0.009647
v 0.067119 -0.018492 -0.011403
v 0.090694 0.063076 0.002904
v 0.036010 -0.095976 0.001014
v 0.072779 -0.012412 0.001457
v 0.045156 -0.082871 0.010128
v -0.089062 -0.047050 -0.012717
v 0.008936 0.063932 -0.011766
v 0.004116 0.037914 -0.006217
v -0.047699 -0.054575 -0.003635
v 0.015606 0.060008 0.012226
v -0.055981 -0.075084 -0.009208
v -0.006344 -0.048091 -0.003375
v 0.095792 -0.006315 0.001595
v -0.043998 -0.101001 0.007728
v 0.002822 0.021314 -0.005167
v -0.006131 0.054777 0.012401
v 0.048006 -0.047188 0.004352
v -0.090955 0.069976 -0.001152
v -0.005564 0.059334 0.001718
v -0.007337 0.091456 0.011139
v -0.045340 0.033203 0.013931
v -0.036117 -0.002164 -0.012681
v 0.073374 0.060428 0.008178
v -0.026700 0.014210 -0.003315
v 0.087262 -0.002127 0.013190
v 0.008244 -0.009867 0.006180
v -0.036583 -0.079963 -0.006529
v -0.025360 -0.031035 -0.001827
v -0.112277 0.033598 0.010524
v -0.007134 0.084602 -0.008998
v 0.095510 -0.058423 -0.005644
v -0.060166 -0.071758 -0.009721
v 0.006921 -0.087859 0.007802
v -0.002818 -0.000544 -0.004924
v 0.114803 0.014120 0.010604
v 0.032667 -0.057975 -0.012378
v 0.084118 -0.080995 -0.011602
v -0.031448 0.002775 0.007297
v 0.004271 -0.042785 -0.000692
v -0.058780 -0.019019 0.010428
v -0.048910 0.025646 0.001100
v -0.006769 -0.053393 -0.005272
v 0.096693 -0.002948 -0.001733
v -0.041489 -0.004600 -0.007708
v -0.048380 0.078301 -0.007557
v 0.005948 0.031415 0.003671
v 0.015064 0.113186 0.010070
v 0.052836 0.025211 0.004731
v 0.009726 0.042552 0.012194
v -0.074418 -0.035616 0.007969
v 0.018508 -0.048983 -0.011286
v -0.070885 0.032786 -0.000923
v -0.012909 -0.097621 0.013557
v 0.062043 0.044141 -0.004500
v 0.038625 -0.045703 -0.008674
v -0.073915 0.024731 -0.006201
v 0.000140 0.115304 -0.001592
v 0.057323 -0.068108 -0.012584
v 0.109720 -0.000495 0.013132
v 0.098928 -0.049341 -0.009343
v -0.055254 0.004999 -0.002771
v 0.068916 0.026605 0.013589
v -0.010135 0.105773 -0.001260
v -0.103939 0.054609 0.013872
v -0.095530 -0.034915 -0.009666
v -0.034166 0.113058 0.002217
v -0.100157 -0.027194 -0.012399
v -0.073467 -0.042937 0.009876
v 0.064619 0.098283 -0.011757
v 0.036322 0.085142 0.004906
v 0.003857 0.041370 0.010928
v 0.002200 0.092500 0.003343
v -0.080122 0.044557 0.000638
v 0.049734 -0.021631 0.006053
v 0.005362 0.075303 0.004807
v -0.020850 0.064173 0.007052
v 0.072943 0.035759 0.013957
v 0.032470 -0.000797 -0.008032
v -0.011055 0.115398 0.010664
v 0.052946 -0.050179 -0.009583
v 0.050552 -0.087037 0.003127
v 0.096731 -0.007776 -0.013781
v 0.026871 -0.059908 0.004575
v 0.040777 -0.016463 -0.010768
v 0.069820 0.055603 -0.006374
v -0.080389 -0.062219 -0.008299
v -0.040994 -0.046053 -0.000321
v 0.091425 -0.061850 -0.011416
v -0.055982 0.029158 -0.013901
v 0.012673 -0.094941 -0.006665
v -0.004908 -0.088995 -0.002025
v 0.032856 0.001999 0.010727
v 0.072973 -0.050314 0.009369
v -0.040112 -0.022882 -0.010432
v -0.040724 0.106240 0.008291
v 0.072909 -0.087343 -0.008118
v 0.000114 0.038474 0.007843
v 0.057106 -0.050900 0.003379
v 0.065311 0.095524 0.010209
v 0.106846 -0.016094 0.010680
v 0.101742 0.015974 -0.004699
v 0.097485 -0.045264 0.010194
v 0.023089 -0.057523 0.008046
v 0.087198 0.070396 0.010041
v 0.018688 0.106816 -0.001112
v -0.036372 0.100648 -0.007627
v 0.052154 0.007812 -0.004809
v 0.077672 -0.088827 -0.006185
v -0.047811 -0.058902 0.013472
v -0.113299 -0.026236 -0.010770
v 0.049834 -0.009376 0.012951
v -0.003833 0.039323 -0.001832
v -0.009033 -0.066599 0.002974
v -0.074285 -0.005341 0.002144
v -0.002997 0.100983 -0.013953
v 0.078602 -0.039692 0.006144
v -0.004968 -0.098145 -0.003802
v 0.088500 0.041627 -0.004754
v -0.043195 0.101713 0.006153
v -0.020751 0.063428 -0.002565
v -0.053360 0.037552 -0.010436
v -0.102130 0.055774 0.004965
v 0.077129 -0.053986 -0.005573
v -0.002309 -0.000717 -0.005966
v -0.082663 0.038969 0.004332
v -0.077871 0.017412 -0.008016
v -0.112304 0.019102 0.008289
v 0.016894 0.030589 0.000433
v -0.046615 -0.051515 0.008916
v 0.000704 -0.098426 -0.007710
v 0.005893 0.017804 -0.007144
v -0.109270 0.017211 -0.011961
v -0.081797 0.048763 -0.008556
v -0.027904 -0.079627 -0.007168
v -0.004973 -0.007424 0.007027
v 0.004921 -0.038867 -0.002096
v 0.052738 0.104945 0.000503
v 0.056946 0.018589 0.009753
v -0.103432 0.029022 0.004692
v 0.092331 -0.007038 0.012601
v 0.072905 -0.059220 0.006140
v -0.109313 -0.003283 0.001340
v 0.082639 -0.062285 -0.000709
v -0.003444 0.059568 0.003855
v 0.008595 -0.086214 0.003549
v -0.005142 0.033005 -0.006000
v -0.009229 0.067221 0.001124
v 0.037237 0.044086 0.005431
v -0.008224 -0.029279 -0.002587
v -0.074620 -0.020470 -0.008209
v -0.100078 0.054901 0.002354
v -0.037281 -0.104628 0.007437
v -0.006732 0.006292 -0.004151
v 0.002420 -0.110832 0.012696
v -0.090608 0.050540 0.001292
v -0.044905 -0.034049 -0.007856
v -0.018805 0.008021 -0.004588
v -0.032860 -0.068865 -0.009379
v -0.041973 0.008722 0.003423
v 0.074247 0.012702 0.001803
v 0.094814 0.016304 -0.010200
v -0.026134 0.006413 -0.003385
v 0.016367 0.066624 0.007314
v -0.075466 0.071651 0.009294
v -0.000490 0.034340 -0.013457
v -0.116333 -0.029417 -0.004201
v -0.062266 -0.085865 0.004249
v 0.003110 -0.116896 -0.008418
v 0.046460 0.005982 -0.010466
v -0.043683 -0.078822 -0.007897
v -0.032810 -0.099834 -0.009302
v -0.081095 -0.064759 -0.010793
v 0.049715 -0.106866 -0.010973
v 0.066153 0.010767 0.004966
v 0.072982 -0.019634 0.006020
v 0.088569 0.045829 0.003563
v 0.084580 0.063008 0.009808
v -0.033714 -0.024628 0.013548
v 0.014398 -0.069227 -0.002005
v -0.058654 0.062013 -0.004446
v 0.063727 -0.088207 -0.011045
v 0.092779 -0.023333 0.009204
v -0.020988 -0.076358 0.006546
v 0.060902 -0.013423 0.008630
v -0.081052 -0.019822 -0.001804
v -0.007394 -0.061727 0.009848
v 0.017161 -0.030878 0.010686
v 0.003153 0.081743 0.003089
v -0.014731 0.014010 0.009827
v 0.022952 0.050276 0.008339
v -0.060531 0.094935 0.005633
v -0.001986 0.011926 0.012546
v 0.087448 0.052172 -0.000320
v 0.005114 -0.099592 0.004085
v -0.106678 0.006159 -0.011395
v 0.017718 0.098223 -0.005426
v -0.071949 -0.040475 0.000866
v -0.092493 0.046760 -0.004738
v -0.018232 -0.059739 -0.006961
v 0.038240 0.036207 -0.010652
v -0.102116 -0.023408 -0.008816
v 0.017506 0.081646 0.006288
v 0.085981 -0.012729 -0.006076
v 0.042670 0.031218 -0.007630
v 0.006123 0.012894 0.000956
v -0.018023 0.117068 0.001494
v -0.013834 -0.040337 0.010317
v -0.111919 0.006421 0.002074
v -0.078174 0.015220 -0.008838
v 0.110397 0.036929 -0.000624
v 0.033254 -0.068296 -0.011926
v -0.019090 -0.020188 -0.009822
v -0.061056 -0.025443 0.013830
v 0.077178 0.071074 0.002977
v 0.014434 -0.055150 0.000632
v -0.076016 0.024428 0.010085
v 0.066183 -0.004151 0.003389
v -0.079696 -0.065619 0.012533
v 0.014450 0.053197 0.004492
v 0.027583 0.041738 -0.011898
v 0.080532 0.001354 0.002627
v -0.014800 0.055805 0.005795
v -0.023539 -0.077356 0.005247
v 0.094569 -0.049003 0.003502
v -0.061401 -0.098360 -0.002096
v -0.092810 -0.026687 0.011436
v 0.014850 -0.028421 -0.009354
v -0.036777 0.097121 0.001938
v -0.010165 0.041077 0.005283
v -0.036189 -0.110747 0.000013
v -0.034009 0.001327 -0.012884
v -0.062009 0.028219 -0.006990
v 0.098842 0.063889 0.009407
v -0.104190 -0.053252 0.013988
v -0.029226 -0.055016 -0.012874
v 0.003241 -0.082248 0.004242
v 0.044177 -0.025726 0.002389
v -0.055733 -0.063045 -0.011445
v -0.040000 0.056565 0.004764
v 0.043167 -0.053720 0.005423
v -0.027746 0.113318 0.008780
v -0.076953 -0.025055 -0.005194
v -0.052515 0.105891 -0.002683
v -0.118784 -0.010924 0.004414
v -0.074395 -0.020399 -0.008748
v -0.067422 0.079669 0.003511
v 0.003396 -0.054034 0.001378
v 0.071367 -0.034866 0.005551
v 0.085564 0.081805 0.003048
v 0.003209 0.047648 0.001423
v -0.034679 -0.011813 0.013783
v 0.069619 -0.042404 -0.010711
v 0.041808 -0.073680 0.006065
v -0.062651 -0.003496 0.009372
v 0.058787 -0.007335 0.001435
v -0.085745 0.076959 0.000231
v 0.080988 -0.076700 -0.006265
v 0.019226 -0.074870 0.012159
v -0.108573 -0.005283 -0.006081
v -0.027615 0.087689 0.013969
v -0.046160 0.003009 0.001080
v -0.050167 0.073695 0.001216
v -0.065409 0.018849 -0.008718
v -0.029393 -0.085848 -0.007460
v 0.004007 -0.024748 0.006852
v -0.030009 -0.103845 -0.003190
v -0.056109 -0.093116 0.013463
v -0.023079 0.000678 0.000064
v -0.094420 -0.060071 0.010477
v -0.080977 0.031881 -0.001206
v -0.013237 -0.075687 0.004334
v 0.046489 0.067819 0.013138
v -0.052751 0.084807 0.004195
v 0.066109 -0.088901 0.010062
v -0.049228 0.046223 0.006124
v 0.006617 -0.111886 -0.012995
v 0.086660 0.039734 0.011786
v 0.103685 -0.001677 -0.001849
v 0.077831 0.055392 0.010432
v -0.093774 0.034643 0.011296
v 0.102633 0.030512 -0.005786
v -0.032342 0.032407 0.000873
v -0.097793 -0.042998 -0.009240
v 0.098479 0.053311 0.003352
v 0.006602 0.114460 -0.009993
v -0.058683 0.014616 -0.006851
v 0.107454 0.006352 0.011234
v -0.020953 -0.042846 -0.001632
v -0.051973 0.075894 0.003890
v -0.053352 0.027477 0.009669
v 0.023348 0.070672 -0.000470
v 0.007287 0.090458 0.002095
v 0.065133 -0.002993 0.013382
v -0.034275 -0.052704 0.001846
v -0.040648 -0.095242 -0.012627
v -0.066366 -0.052425 0.011316
v -0.024182 0.104493 0.002998
v -0.057402 0.076631 0.003385
v -0.044673 -0.091573 0.004457
v 0.050123 -0.080836 0.011295
v -0.040434 -0.053044 -0.001657
v -0.090123 -0.049232 -0.011476
v -0.029014 0.099609 -0.009082
v 0.059454 0.065059 0.013202
v -0.112544 -0.022094 0.009253
v -0.004771 0.108870 -0.000508
v 0.036033 -0.097222 -0.004516
v 0.088244 0.077965 -0.010059
v 0.108836 -0.023253 0.006278
v 0.117084 -0.014834 0.008528
v -0.070954 0.079696 -0.013610
v -0.078798 -0.018433 0.004839
v -0.043013 -0.081041 0.009028
v 0.036752 -0.014473 -0.007453
v 0.111449 0.017669 0.001719
v 0.048643 -0.028662 -0.012230
v 0.051217 -0.102333 -0.005539
v -0.037620 0.024444 0.012495
v -0.028213 0.079359 -0.011279
v 0.033566 -0.028756 -0.001298
v -0.049559 -0.090803 0.012487
v -0.090323 0.050303 -0.009673
v -0.032489 0.019246 -0.000298
v -0.098084 0.063887 -0.013084
v -0.054892 0.058065 0.012616
v 0.023267 -0.029822 0.005199
v -0.114062 -0.032723 -0.003957
v -0.041934 0.031222 -0.010580
v 0.046751 -0.066048 0.004558
v -0.058340 -0.072079 -0.013402
v 0.013570 -0.057648 -0.010474
v -0.028880 -0.012407 0.007424
v 0.014831 0.053756 0.010351
v -0.021840 0.040593 0.011215
v 0.111163 0.001981 -0.009949
v 0.041129 0.043793 -0.009114
v -0.010216 -0.016336 -0.013584
v 0.014551 -0.056696 -0.004934
v 0.012586 0.024416 0.006768
v -0.102234 -0.016908 -0.000665
v 0.015056 -0.084640 -0.010946
v -0.116645 -0.002814 -0.012786
v 0.023158 -0.109308 0.000601
v -0.113751 0.030702 -0.012297
v -0.075386 0.010014 0.005211
v -0.114240 0.006994 -0.011942
v 0.081790 0.045495 -0.012161
v -0.014946 0.094302 0.001354
v -0.054457 0.106570 0.000856
v -0.089450 0.026773 -0.011223
v -0.033064 -0.105769 0.004226
v 0.012110 -0.101160 -0.007979
v -0.054724 0.017192 -0.004510
v -0.074117 0.022293 -0.011338
v -0.087685 0.043461 -0.003520
v 0.066208 0.094379 -0.012120
v 0.018008 -0.031910 -0.011296
v -0.007605 -0.107850 0.001578
v -0.076979 -0.046487 -0.004770
v 0.051327 0.049572 0.004630
v 0.000200 -0.111806 0.006190
v 0.091156 -0.018341 -0.004154
v -0.048847 -0.026028 0.004389
v 0.006360 0.038960 0.009670
v -0.070557 0.077481 0.002075
v 0.038814 -0.103265 0.013287
v 0.039179 -0.085443 0.003996
v 0.114097 0.018994 0.009225
v -0.005577 0.050665 0.005676
v -0.025336 0.065204 -0.013829
v 0.061761 -0.065883 -0.002778
v 0.059995 0.074285 -0.013142
v -0.001360 -0.055642 -0.002245
v -0.039461 0.061413 0.006205
v 0.015172 -0.089124 -0.011621
v 0.045032 0.015452 0.003299
v -0.028779 -0.055588 0.004534
v -0.079460 0.007178 -0.006351
v 0.001257 -0.040465 -0.001962
v -0.020498 0.096696 -0.000374
v -0.012722 -0.022185 -0.002933
v -0.008538 -0.006148 -0.005560
v 0.010721 0.043142 -0.006845
v -0.004973 0.009305 0.006916
v 0.033304 0.066074 0.005703
v -0.109546 -0.000181 0.008574
v 0.100168 0.048741 -0.012816
v 0.114375 0.013531 0.010139
v -0.080766 -0.041639 0.005866
v -0.035399 0.020134 -0.013416
v -0.048628 0.095783 0.003308
v 0.056722 -0.100136 -0.011532
v 0.033112 -0.049065 0.002488
v -0.074638 -0.011323 -0.005312
v -0.036929 0.058587 -0.009292
v -0.040434 -0.002667 0.000279
v 0.058895 -0.039528 0.006367
v 0.045478 -0.098327 -0.007384
v 0.032283 0.042409 0.002867
v 0.006232 -0.096956 -0.009040
v 0.012068 -0.083484 0.007124
v 0.004986 -0.080246 0.011876
v -0.087901 -0.037705 0.003487
v 0.062511 -0.071585 -0.009773
v 0.072565 0.033197 -0.005521
v -0.004392 0.028100 0.000205
v -0.029889 0.074928 -0.012407
v 0.016323 -0.028956 0.010199
v 0.057816 -0.074253 0.000198
v -0.086902 0.020741 0.008171
v 0.063858 -0.048972 0.008675
v -0.039357 -0.055507 -0.000682
v 0.017414 0.024243 -0.011102
v 0.056666 -0.041647 0.006001
v -0.049828 -0.001425 -0.007063
v -0.073541 0.030322 0.000637
v 0.039748 0.061556 -0.006079
v -0.058646 0.037857 0.002741
v 0.023556 -0.093629 -0.012154
v 0.081918 0.055300 -0.006044
v -0.015974 -0.095913 0.011378
v 0.048459 -0.049519 0.002317
v 0.044748 0.055091 0.013096
v -0.023897 -0.071226 0.002661
v 0.061766 -0.025356 -0.003453
v 0.028004 -0.104526 0.004763
v 0.049097 -0.090707 0.005192
v -0.095128 -0.015922 -0.002145
v -0.046696 0.055144 -0.008953
v 0.026061 0.113874 -0.000384
v 0.006536 0.044025 -0.011839
v 0.021337 -0.031641 0.007584
v 0.057496 -0.097053 -0.012943
v -0.054472 0.089820 -0.010331
v -0.034546 0.033807 0.009278
v 0.014266 -0.106989 -0.009365
v -0.071095 0.029358 0.004938
v 0.006260 0.079733 -0.006022
v -0.000739 -0.080399 0.000952
v -0.039388 0.100463 -0.000868
v 0.037093 -0.062618 0.012520
v 0.081147 -0.007959 -0.006110
v -0.064228 0.058908 0.013056
v 0.043828 -0.098067 -0.010125
v -0.000002 0.096088 0.010475
v -0.036201 -0.012915 0.009685
v 0.038038 -0.051556 0.007367
v -0.016295 0.113008 -0.009874
v -0.107846 0.044693 -0.007783
v -0.067632 0.021446 -0.013253
v 0.080307 0.027923 -0.007398
v 0.073433 -0.002527 -0.013211
v 0.099707 -0.046288 0.004199
v 0.011444 -0.043017 -0.005967
v 0.048100 -0.087805 -0.010114
v -0.022163 -0.077257 -0.013853
v 0.053339 0.028987 0.009379
v -0.097560 -0.030891 0.000778
v 0.049321 0.041426 -0.005568
v 0.074280 0.022979 0.008229
v -0.038513 0.010636 0.011344
v -0.012629 -0.008786 0.000431
v 0.002302 0.045412 -0.001981
v -0.044196 -0.038870 -0.002336
v -0.017993 -0.030151 0.013290
v 0.079284 0.035906 0.000205
v 0.089090 -0.006543 -0.003067
v -0.093995 0.017848 0.013469
v -0.000351 0.015289 0.008079
v -0.057640 0.085041 0.003591
v 0.013858 -0.101954 -0.004689
v 0.085253 0.024383 0.008778
v 0.048035 0.094405 -0.000991
v -0.032089 -0.089818 0.008722
v 0.097521 0.040826 -0.001185
v -0.006771 0.024186 -0.008415
v 0.111938 0.030174 0.000431
v 0.088222 -0.006039 -0.006907
v 0.001085 -0.052447 -0.004005
v 0.021502 -0.109568 -0.004706
v 0.051645 0.051306 0.010906
v -0.004771 -0.113402 -0.003174
v 0.083381 -0.013893 -0.000069
v 0.076877 -0.039591 0.008432
v -0.004838 -0.033364 0.002869
v 0.038911 -0.079629 -0.005006
v 0.085469 0.047035 -0.005418
v -0.062606 -0.047081 0.005313
v -0.014710 0.019838 0.010361
v -0.072019 0.095847 -0.006312
v 0.115914 -0.014623 -0.011899
v -0.046970 -0.055004 0.008431
v -0.050265 -0.105800 -0.010002
v -0.082750 -0.066358 -0.013026
v 0.096572 0.043410 -0.003743
v -0.066982 0.060677 0.002943
v -0.050391 -0.105469 -0.003584
v 0.007465 -0.090602 0.000825
v -0.077535 0.057809 -0.007011
v 0.077866 0.067310 -0.000027
v -0.068198 0.058627 -0.006670
v -0.005179 0.079997 0.013898
v -0.025466 0.112021 -0.000246
v 0.079515 0.077189 -0.001343
v 0.064377 -0.047594 -0.011542
v -0.045768 -0.100403 -0.005052
v -0.017572 0.025027 0.001181
v 0.085901 -0.069861 0.005931
v 0.086009 -0.042253 0.008223
v -0.041741 -0.002299 -0.008373
v 0.068581 0.081719 -0.013264
v -0.068727 -0.024267 0.008503
v -0.088973 -0.029930 -0.011586
v -0.043668 0.111746 0.006128
v -0.103874 -0.016918 0.009054
v 0.105852 0.052892 0.003985
v -0.094114 0.030596 -0.004354
v 0.076334 -0.073546 0.003914
v 0.048904 0.107343 -0.001887
v 0.023918 -0.015029 -0.010523
v 0.027870 0.039929 -0.004965
v -0.017841 -0.068297 0.012345
v 0.087178 -0.067687 -0.006983
v -0.058874 -0.066828 -0.010495
v -0.028560 0.082864 0.000072
v 0.056970 0.101556 -0.009683
v -0.055267 -0.085573 0.002944
v 0.049475 -0.075288 0.009107
v 0.025181 0.004537 0.003961
v -0.085783 -0.044918 0.007475
v -0.083049 0.048004 -0.000055
v -0.045044 -0.046285 0.012786
v -0.107028 0.011513 0.005180
v -0.009519 0.030987 -0.012322
v -0.077565 0.030933 -0.008287
v -0.052580 -0.041671 0.006114
v -0.011035 -0.110786 0.013310
v 0.049747 0.053489 0.001726
v -0.034484 0.074351 -0.006511
v 0.000488 0.037334 -0.005874
v -0.070278 0.062629 -0.007048
v 0.031783 -0.035910 -0.004832
v -0.059268 -0.031470 0.007367
v -0.086088 0.000938 -0.000035
v -0.006569 0.017047 0.012467
v -0.117915 -0.004035 -0.007976
v -0.016251 0.021533 -0.000143
v 0.071725 -0.065397 -0.000824
v -0.107528 -0.025238 -0.001934
v 0.075684 -0.068906 0.007388
v -0.050561 0.056674 0.001968
v 0.030416 0.083912 -0.011941
v -0.104879 -0.002805 -0.006168
v 0.098751 -0.006780 -0.010673
v 0.074393 -0.011743 0.008257
v -0.061740 0.098534 0.007139
v 0.026941 0.081275 0.000002
v 0.042635 0.012475 -0.004675
v -0.080020 0.013322 0.002975
v -0.068396 -0.006685 0.003166
v 0.062404 0.101836 0.006701
v -0.021188 0.066294 0.009192
v -0.098946 -0.020387 -0.005606
v 0.029239 -0.066704 0.004867
v 0.090950 -0.011549 0.008309
v -0.015371 -0.098344 -0.013254
v -0.116507 0.018761 0.007921
v 0.014925 -0.089973 0.006199
v -0.042883 -0.024827 0.003613
v -0.080354 -0.075207 -0.009862
v -0.008990 -0.019334 0.012550
v 0.012731 0.010518 -0.005217
v 0.057884 0.081195 -0.002509
v 0.017991 -0.113718 0.010439
v -0.002661 -0.029829 -0.010134
v 0.018119 0.065973 0.004542
v -0.066357 -0.010714 -0.009151
v 0.059777 -0.036826 -0.004080
v 0.014033 -0.100918 0.004013
v -0.032682 -0.087846 -0.008617
v 0.001960 0.089625 -0.007704
v 0.064519 -0.011089 -0.005908
v 0.026723 0.097148 -0.005123
v -0.067449 0.094318 0.008271
v -0.006152 0.041438 0.004945
v -0.086448 0.081493 0.008915
v 0.103292 -0.030285 -0.005867
v -0.023754 0.098587 -0.004302
v -0.056829 0.021524 -0.000586
v 0.026123 0.084102 0.012125
v -0.014752 -0.041942 0.003239
v -0.050510 -0.030661 0.004755
v -0.094028 -0.018575 -0.012530
v -0.086926 0.052668 -0.011185
v 0.001124 -0.008564 0.001410
v 0.069076 -0.032983 0.012181
v 0.059870 -0.057366 -0.008415
v 0.066265 -0.015288 0.004085
v 0.030053 -0.019623 0.002076
v -0.099565 -0.022355 0.012227
v 0.042930 -0.026038 0.010703
v 0.051735 0.102792 0.013921
v -0.067380 0.050926 0.012225
v 0.112224 -0.027218 0.010549
v 0.090283 0.005263 -0.010996
v 0.063648 -0.006827 0.013695
v -0.081233 -0.022663 0.012280
v 0.048695 -0.066093 -0.008601
v 0.036754 0.031449 -0.001150
v -0.002363 0.051727 0.006625
v 0.022909 -0.087471 0.007204
v 0.050100 0.099088 0.011117
v 0.040063 -0.076256 -0.011571
v -0.025062 -0.045086 -0.010063
v -0.026664 0.053488 -0.006698
v 0.009465 0.103752 0.012713
v -0.032712 0.096641 -0.013680
v -0.056822 -0.082141 -0.012261
v 0.048958 0.044957 -0.002648
v -0.113519 -0.001798 0.005700
v -0.015372 0.038138 0.011652
v -0.026268 0.090336 -0.007864
v 0.031375 0.034950 0.006937
v -0.060924 -0.047712 0.001379
v -0.086505 0.016036 0.004595
v 0.011770 0.058523 0.007133
v 0.023993 -0.024562 -0.001491
v -0.009606 -0.032131 0.001797
v 0.082202 0.033601 0.000154
v -0.041690 -0.020489 -0.004813
v -0.040579 -0.005215 -0.008249
v -0.031361 -0.018057 0.000291
v 0.029128 -0.075372 0.000371
v -0.027778 0.007731 -0.001053
v 0.035723 -0.095599 -0.002913
v 0.042024 -0.094729 0.002193
v 0.067603 0.019774 -0.012215
v 0.115930 -0.004282 -0.012067
v 0.019553 -0.008641 -0.002552
v 0.012489 -0.104269 0.013393
v -0.047345 -0.061739 0.013800
v -0.082758 0.075323 0.011389
v -0.070396 0.069827 0.004530
v -0.094067 -0.023712 -0.004262
v 0.038212 0.079224 0.000808
v -0.007853 -0.056081 -0.013903
v 0.064879 0.009332 0.004858
v -0.084130 -0.024124 0.009054
v 0.001104 0.070594 -0.006282
v 0.094378 -0.039155 -0.010840
v 0.028366 -0.072336 0.007449
v 0.011181 -0.010014 -0.008230
v 0.017716 0.013025 0.002738
v -0.007660 -0.025343 0.006735
v -0.047477 0.033472 -0.007916
v 0.018682 -0.021535 0.000109
v -0.026468 0.105104 0.006482
v -0.038929 0.084229 0.004831
v -0.028316 0.059528 -0.009989
v -0.030167 -0.047676 -0.005586
v 0.108403 0.043676 0.010632
v 0.080664 -0.050076 -0.002038
v -0.118281 0.003255 0.012364
v -0.050458 -0.093646 -0.005075
v -0.040094 0.023263 -0.003459
v 0.002291 -0.082543 0.009782
v -0.031636 0.095855 0.008562
v 0.077384 -0.045935 0.013098
v -0.041126 -0.015477 -0.007200
v 0.027890 0.092383 0.011822
v 0.020913 -0.029902 0.006288
v 0.022713 0.057879 0.004863
v -0.089515 -0.067581 -0.008731
v 0.007499 -0.101852 0.001648
v -0.110958 0.014447 -0.004677
v 0.014321 -0.003964 0.012240
v 0.039940 -0.009701 0.013988
v -0.058587 0.007805 0.002923
v 0.032364 0.110138 0.001458
v 0.011818 -0.073088 0.000942
v -0.038899 0.047469 0.000359
v -0.037677 0.000645 0.013477
v -0.107950 0.020951 0.011601
v -0.053099 0.056045 0.001751
v 0.008229 0.045095 -0.006698
v 0.083756 -0.036395 -0.002308
v 0.039661 0.056365 -0.003364
v 0.042410 -0.073426 0.004329
v -0.024229 -0.055843 0.009005
v 0.094006 -0.020079 -0.000263
v 0.052582 0.093181 -0.009261
v -0.015551 -0.082401 0.011673
v -0.092786 -0.025156 -0.012356
v 0.107935 0.023290 0.012465
v -0.051569 -0.091362 -0.002453
v 0.031708 -0.048241 0.005801
v 0.085197 0.004899 -0.003550
v -0.072334 -0.066098 0.003263
v -0.083350 0.008829 -0.013815
v -0.012382 -0.004165 0.000824
v -0.018369 0.117210 -0.013520
v 0.038077 -0.090864 0.008573
v 0.033115 -0.021082 -0.011303
v 0.031195 0.042317 0.000741
v 0.024717 -0.056908 -0.002887
v -0.053402 0.054726 0.001820
v 0.056922 -0.003498 0.005153
v 0.055973 -0.079252 0.010030
v 0.002209 -0.036627 -0.003381
v -0.026882 -0.009242 -0.013735
v 0.040225 0.074699 -0.001851
v 0.019346 -0.088171 0.010023
v 0.072018 0.049183 -0.012809
v 0.026840 0.108538 0.010852
v -0.025588 0.003970 -0.011918
v 0.101584 -0.051290 0.001778
v 0.113185 0.023738 -0.005194
v 0.089261 -0.022042 0.007063
v -0.017582 -0.073664 -0.011846
v 0.030762 0.050164 0.009370
v -0.087162 0.072888 -0.004712
v 0.001582 -0.044864 0.013677
v -0.013725 -0.083804 0.013281
v 0.074863 0.026262 0.009483
v -0.056716 0.088639 0.012736
v -0.084082 0.063792 -0.013170
v -0.017460 0.118272 -0.000263
v -0.071820 0.091621 -0.001908
v -0.041699 -0.088175 -0.011601
v -0.078781 -0.072702 0.005967
v 0.041002 0.023230 0.005927
v -0.068783 -0.076941 -0.005133
v 0.006782 0.005368 -0.005369
v -0.039704 0.048044 -0.010290
v 0.030816 0.074254 0.001533
v -0.016290 0.010621 -0.004090
v 0.077382 0.051224 -0.004916
v -0.048692 0.042798 -0.003142
v 0.098160 0.057802 0.011346
v 0.089902 -0.012407 -0.009252
v -0.032735 0.030458 -0.005568
v -0.030155 0.001304 -0.001829
v -0.073452 0.039721 -0.011846
v -0.000636 0.059586 0.003501
v -0.044111 -0.029497 -0.011005
v -0.039358 0.110064 -0.004698
v -0.078351 -0.073755 -0.004773
v -0.055007 0.093365 0.010066
v 0.043695 -0.007139 -0.005021
v 0.050856 -0.017491 -0.005203
v 0.115195 -0.026073 -0.005839
v -0.028504 -0.079108 0.002125
v 0.003501 0.073505 0.008862
v -0.031674 0.025234 0.001788
v -0.074169 -0.048538 0.005088
v -0.111390 -0.036270 -0.001075
v -0.020549 -0.076756 -0.005843
v -0.038172 -0.101666 0.008278
v -0.071348 0.045820 0.003733
v 0.004880 0.097267 0.006027
v 0.007933 -0.031657 0.013740
v -0.075325 0.009884 0.000185
v 0.087576 -0.047865 0.001222
v 0.018209 -0.069611 0.011074
v -0.093298 -0.022031 -0.011621
v 0.011562 -0.096622 -0.004060
v -0.015228 -0.020149 0.013541
v -0.033385 -0.068117 0.007075
v 0.076911 -0.016828 -0.013705
v -0.004706 0.085625 0.000526
v -0.079612 -0.044105 -0.001518
v -0.081735 0.066642 0.002481
v -0.070480 -0.000206 -0.013312
v 0.061288 0.047263 0.012928
v 0.086783 0.077552 -0.010033
v -0.030701 0.074928 -0.008208
v -0.082329 0.008866 -0.001731
v -0.022247 -0.064011 -0.005593
v 0.015030 -0.037833 0.009777
v -0.059056 -0.079141 -0.009398
v 0.058962 -0.005985 -0.009115
v 0.048046 0.075851 0.012837
v 0.008688 0.075876 -0.008835
v -0.050100 -0.060932 -0.013183
v -0.040182 -0.035027 0.002582
v -0.077148 0.064779 -0.008238
v 0.001577 -0.107904 -0.012248
v 0.089924 0.066859 -0.008765
v -0.037298 0.072094 -0.006654
v 0.056671 -0.066238 0.003895
v -0.076941 -0.053693 0.002436
v -0.063688 0.090107 0.003286
v 0.039309 -0.092850 -0.005672
v -0.026280 -0.023018 -0.010249
v 0.048946 0.044741 -0.008875
v -0.029844 -0.080407 -0.002289
v 0.048145 0.056635 -0.008799
v -0.065846 -0.075164 0.004067
v 0.089391 -0.000056 -0.000290
v 0.042805 0.051939 -0.001372
v 0.067863 0.023765 -0.013732
v 0.070864 0.081960 0.012987
v -0.084376 -0.002884 0.005172
v -0.094881 0.055606 -0.000316
v 0.018300 0.010464 0.007310
v -0.016444 0.060725 0.001053
v 0.039892 0.070668 0.006791
v 0.008885 -0.088528 -0.010830
v 0.079595 0.069471 0.009052
v -0.072926 0.080793 -0.012835
v -0.017178 -0.087019 0.013714
v 0.087464 0.065598 0.007038
v -0.035423 0.114609 -0.001407
v -0.062957 0.088302 -0.001706
v 0.105608 -0.004011 -0.007366
v 0.034249 -0.085400 -0.004182
v -0.023301 -0.092569 -0.009353
v 0.034971 0.041861 -0.008206
v 0.066189 0.025898 -0.006130
v -0.066253 -0.016466 0.005714
v -0.015178 0.060161 0.010024
v 0.098493 -0.009006 -0.011334
v 0.103470 -0.024654 0.011726
v 0.111614 -0.005273 -0.010447
v 0.039957 -0.044708 0.005919
v 0.049569 -0.092239 0.004935
v -0.090986 0.006035 -0.006476
v -0.069241 0.041405 0.003742
v 0.026710 -0.025043 0.000437
v -0.020485 0.114296 -0.003666
v 0.065325 -0.021110 -0.013931
v 0.015517 -0.101540 0.006466
v -0.094480 0.025242 -0.003970
v 0.080871 0.033994 -0.007901
v -0.049923 0.023629 -0.006481
v 0.032960 -0.061460 0.002182
v -0.076484 -0.033751 -0.004375
v -0.010857 -0.024067 -0.011212
v 0.017192 -0.079514 -0.010521
v 0.049901 -0.062165 -0.013981
v 0.052110 -0.014069 0.005281
v 0.065375 0.071316 -0.009549
v 0.057288 -0.025769 0.004328
v -0.000179 0.073175 0.011306
v 0.038242 0.065153 -0.005446
v -0.018137 -0.055161 0.004354
v -0.001134 -0.003789 -0.000649
v 0.038357 0.042260 0.005040
v 0.099913 0.005837 0.008879
v 0.077767 -0.005799 -0.010299
v 0.067037 0.031972 0.006461
v 0.053736 0.040308 0.010668
v 0.068727 0.080090 0.007088
v 0.080116 0.088768 -0.010000
v -0.010845 -0.002105 0.004201
v -0.094856 0.037488 0.003586
v 0.044719 0.062681 0.005224
v 0.022515 -0.027229 -0.011187
v 0.001416 -0.092130 -0.003247
v 0.065511 -0.015402 -0.010085
v -0.005874 0.034332 0.001495
v -0.075671 -0.054984 0.007811
v -0.040369 -0.102859 0.004435
v -0.027532 0.081839 0.000267
v -0.000884 -0.065231 -0.012472
v 0.093944 -0.070155 -0.000143
v 0.064411 0.055183 0.002630
v -0.116785 -0.020977 0.013633
v 0.039892 -0.017584 0.010103
v -0.065946 -0.030216 0.005122
v 0.009364 -0.116861 0.007570
v 0.031013 0.003264 -0.006659
v 0.028589 0.007307 0.008100
v -0.095057 -0.003951 0.000029
v -0.086668 0.050938 -0.011692
v -0.091712 -0.021449 -0.006231
v -0.031541 0.079800 -0.008310
v 0.031355 -0.082103 -0.003060
v -0.072859 -0.081907 0.005070
v 0.091773 0.040480 0.006439
v 0.016451 -0.023732 -0.011586
v -0.074050 0.032330 0.003047
v -0.037615 0.096257 0.006738
v 0.073841 0.068857 0.005642
v 0.060371 0.100393 0.000644
v 0.020965 -0.099697 -0.009325
v 0.074079 0.075898 -0.006475
v 0.079676 -0.068995 -0.013178
v 0.021977 -0.058596 -0.012212
v -0.021371 -0.088584 -0.011842
v -0.069178 0.020005 -0.000011
v -0.066433 -0.029688 -0.006857
v 0.072559 0.054768 0.006238
v 0.011579 0.084812 -0.012767
v 0.038661 -0.045021 -0.000791
v -0.034479 0.031184 0.012072
v 0.055781 -0.069640 0.011591
v -0.004555 -0.077577 -0.004990
v -0.088068 0.051149 -0.006405
v 0.064670 0.034442 0.000057
v 0.041475 -0.029367 0.008521
v 0.116414 -0.013657 -0.012070
v -0.062232 0.013872 0.009656
v -0.041661 0.078923 -0.013777
v 0.027482 0.085811 -0.005491
v -0.058618 -0.056960 0.002567
v -0.105386 0.004399 -0.008528
v 0.084832 -0.061274 -0.007136
v 0.076779 0.003078 -0.007476
v -0.062614 0.090384 0.010562
v 0.004373 -0.001391 0.004405
v 0.059631 -0.083163 -0.011089
v -0.057538 -0.010907 -0.000223
v 0.111432 0.044034 0.005926
v 0.096058 0.063554 0.011124
v -0.099687 -0.012440 -0.003570
v 0.034520 -0.005566 -0.011324
v 0.072618 0.080834 -0.011905
v -0.072066 -0.032714 0.012998
v 0.005090 0.061093 -0.005180
v 0.031531 -0.095374 0.006590
v -0.025952 0.056944 -0.011909
v 0.031026 0.101333 0.002372
v 0.027242 0.040309 -0.000950
v -0.073124 0.048685 0.013010
v 0.017527 0.064284 -0.006580
v 0.034746 0.032594 0.005210
v 0.046254 -0.088857 -0.012871
v 0.035316 -0.058932 -0.011446
v 0.000801 0.071569 0.000377
v -0.027037 -0.054913 0.013739
v 0.074860 0.014808 -0.001338
v -0.000724 -0.059978 -0.001063
v 0.014905 -0.042319 -0.013665
v 0.057548 -0.104102 -0.010340
v 0.032693 -0.065509 0.003648
v -0.056268 -0.072245 -0.006753
v 0.006806 -0.016359 -0.012195
v 0.065376 -0.045950 -0.010394
v 0.090416 -0.061382 -0.004717
v 0.078562 0.021596 -0.009296
v -0.097264 -0.048703 -0.002940
v 0.097491 0.018269 -0.009161
v 0.011415 0.050643 -0.006164
v 0.016608 -0.014937 0.003337
v 0.001726 0.065165 -0.002464
v -0.028143 -0.009279 -0.006166
v 0.034873 0.040695 0.010770
v -0.094053 -0.015390 0.008461
v 0.033190 -0.114655 0.007894
v -0.056062 0.068543 -0.000429
v 0.072571 -0.044361 -0.003125
v 0.028923 0.061280 -0.007867
v 0.083974 -0.064493 -0.012359
v 0.087191 -0.004644 0.007472
v 0.118428 -0.000293 -0.011196
v -0.034219 -0.051643 0.008856
v 0.024625 -0.014095 0.013899
v 0.021089 0.108374 0.008327
v -0.067271 0.086945 0.009666
v 0.041365 0.082591 0.008574
v -0.037074 -0.108567 -0.013210
v -0.035705 -0.111221 0.001781
v -0.048023 -0.020108 0.013664
v 0.061958 -0.057002 -0.005347
v -0.035986 0.002165 -0.007487
v 0.016955 0.085401 -0.013981
v 0.046852 -0.026570 -0.010346
v -0.023723 -0.112551 0.009640
v -0.007924 0.015898 0.002425
v 0.091635 -0.052478 0.009701
v 0.075348 -0.090304 -0.003539
v 0.070506 -0.026934 -0.011171
v -0.014165 0.042003 -0.009590
v 0.101282 -0.033830 0.012899
v -0.029648 -0.040368 0.013125
v -0.040158 -0.108456 0.008036
v 0.015413 0.090793 -0.009090
v -0.034799 0.093292 -0.010434
v -0.015501 -0.115854 0.012564
v -0.092960 0.075340 0.013025
v 0.091215 0.018820 0.011789
v 0.055230 -0.011426 0.001835
v 0.041489 -0.017434 0.006870
v 0.008962 0.118600 -0.009299
v 0.026860 -0.023584 0.005851
v -0.072515 -0.086656 -0.001494
v -0.005721 0.059671 -0.012102
v -0.001650 0.039408 -0.013964
v -0.077442 0.067468 0.013135
v 0.063050 -0.055902 -0.003396
v -0.036631 -0.010898 -0.000574
v 0.063593 -0.073006 0.005240
v 0.016995 0.027795 0.009681
v -0.018863 0.065067 0.012647
v 0.044211 0.022247 -0.003487
v -0.010025 -0.088187 0.011147
v 0.077109 0.051071 0.003182
v -0.021002 0.002287 0.012388
v 0.057621 0.097428 -0.009601
v 0.043761 0.032325 -0.008680
v -0.033213 -0.096407 0.006439
v -0.006097 0.063378 -0.007349
v 0.086361 0.027842 0.009516
v 0.041043 0.059257 -0.002027
v -0.026974 0.093837 0.002806
v 0.005986 0.018296 -0.009217
v -0.008920 0.033171 0.009626
v -0.027121 0.070626 -0.000305
v -0.019211 -0.030713 0.001236
v 0.044924 0.103600 -0.003657
v -0.058036 0.020575 -0.000978
v 0.009249 0.061496 -0.012274
v 0.001377 -0.098029 -0.011600
v -0.049076 0.073406 0.013180
v -0.075468 -0.047712 0.009542
v 0.032353 -0.070580 0.000994
v 0.055417 -0.061371 0.010686
v -0.033344 0.005010 0.011278
v -0.018911 -0.082901 0.011213
v 0.030789 -0.093854 0.003368
v 0.075992 0.071615 -0.009159
v 0.117748 -0.011602 0.008637
v 0.054798 0.055621 0.013672
v -0.110097 0.047321 0.003562
v 0.030726 -0.052626 0.011503
v 0.026656 -0.015951 -0.003133
v -0.054764 0.041196 -0.006266
v -0.108298 0.029147 0.008023
v -0.062083 -0.060586 -0.002251
v -0.039680 0.023655 0.002462
v 0.006120 -0.116162 0.011898
v -0.035215 -0.014634 -0.005989
v -0.068612 -0.015624 -0.002495
v -0.062040 0.056066 0.003051
v 0.061239 0.014688 -0.009972
v -0.077543 -0.063054 -0.012914
v 0.053117 -0.044182 -0.007348
v -0.003075 -0.115111 0.011117
v 0.107616 0.013755 -0.005514
v -0.015946 0.082614 0.005493
v 0.091226 0.064731 -0.010237
v 0.078834 -0.012883 0.009123
v -0.009429 0.076894 0.004076
v 0.020974 0.051031 0.009071
v -0.005947 -0.104409 0.010281
v 0.037174 -0.077705 -0.009549
v -0.032008 0.079205 -0.010202
v 0.066881 -0.090495 -0.013189
v 0.038542 0.102512 0.009435
v 0.000260 0.081073 0.011705
v -0.017663 -0.060277 0.009058
v -0.095606 -0.003081 -0.010532
v 0.071890 0.013978 0.002633
v 0.049202 0.100569 0.002433
v -0.028463 0.039300 0.011046
v -0.000650 -0.099594 -0.006018
v -0.036644 0.031671 0.002023
v 0.108408 -0.024291 0.004127
v -0.027317 -0.055934 -0.002534
v 0.105162 0.013320 0.007492
v 0.114389 0.006402 0.004126
v -0.008885 -0.006553 -0.006933
v 0.022499 -0.062389 0.013077
v -0.048752 -0.061041 -0.003459
v -0.035011 0.049020 -0.000932
v -0.048118 -0.097748 -0.002880
v 0.068693 0.051450 0.004546
v 0.040605 -0.061157 0.004126
v -0.050763 -0.041487 -0.010973
v 0.109831 0.046578 0.003937
v 0.039530 -0.046882 0.005911
v 0.051159 -0.041053 -0.009802
v 0.011049 -0.113285 0.008552
v 0.030034 -0.087968 0.004495
v -0.042955 -0.092420 0.004351
v 0.061113 -0.000972 -0.002280
v -0.017220 0.014563 0.005826
v -0.047028 -0.022872 0.006343
v 0.015160 0.086423 0.007977
v 0.081879 -0.054504 0.000205
v 0.062082 -0.090835 0.010542
v 0.015720 0.034035 -0.010418
v -0.005862 0.107730 0.007362
v 0.040390 0.090313 -0.004602
v 0.060560 0.038060 0.006838
v -0.037396 0.099750 -0.004723
v -0.004314 0.064929 0.009834
v -0.109788 0.020560 0.002340
v 0.030082 -0.010980 0.010904
v -0.111767 -0.000335 -0.003313
v -0.008347 0.026624 0.009919
v 0.034913 0.040808 -0.002543
v -0.103567 -0.048262 -0.001188
v -0.041125 0.092813 0.007810
v -0.095035 0.007431 -0.009049
v -0.005468 -0.006163 -0.006341
v 0.003463 -0.049152 0.007406
v -0.104634 0.006862 -0.011535
v -0.071849 -0.062928 -0.002705
v 0.072539 -0.016058 -0.012944
v 0.022907 0.069627 -0.013606
v -0.048013 0.098455 -0.008664
v -0.042195 -0.085111 -0.007033
v -0.024466 -0.066031 -0.010390
v -0.068505 0.061513 -0.009323
v 0.029325 -0.058602 -0.005857
v -0.012866 -0.091773 -0.004541
v 0.091273 -0.077486 -0.004403
v 0.058554 -0.041769 -0.008724
v 0.108924 -0.036847 -0.002705
v 0.013834 0.101390 -0.010326
v -0.009204 -0.091689 -0.009268
v -0.064729 0.071958 -0.012954
v 0.043329 -0.042496 0.000973
v 0.114147 0.035971 0.004535
v -0.009602 -0.013859 0.005313
v -0.064109 0.036955 0.001324
v -0.046351 0.007522 0.005465
v -0.044983 -0.048090 0.004527
v -0.032584 -0.053160 0.002958
v 0.071205 0.083014 -0.011062
v -0.008029 -0.040385 -0.010808
v 0.041999 0.033115 -0.008407
v -0.007078 0.086505 -0.008353
v -0.018809 -0.062444 -0.012897
v -0.054674 0.001252 0.012127
v -0.003046 0.005491 0.004806
v 0.091427 -0.060568 0.004733
v 0.021326 0.029024 0.000328
v -0.006315 -0.037666 -0.006835
v 0.014091 0.118483 -0.005711
v -0.036960 0.008438 -0.009108
v 0.062709 0.015868 0.008445
v -0.039589 0.095225 -0.011340
v 0.001324 -0.025672 0.009856
v -0.025663 -0.042388 -0.003989
v -0.087471 0.036094 0.010597
v 0.090374 0.059732 -0.008880
v -0.095572 0.068726 -0.006389
v -0.083349 0.072819 0.008397
v -0.063592 -0.086206 -0.010834
v -0.009643 -0.027414 0.012389
v 0.041721 0.065193 0.002541
v 0.031877 -0.093556 -0.008925
v -0.052306 0.049273 -0.013193
v -0.043980 -0.100701 0.013256
v 0.078462 0.084246 -0.010838
v -0.021835 0.013611 -0.006675
v -0.039560 0.092632 0.004982
v 0.010016 -0.090573 0.001820
v 0.097267 -0.013597 -0.004528
v -0.099384 -0.014529 -0.011333
v -0.031512 -0.050857 -0.004319
v -0.033257 -0.066605 0.009493
v -0.111341 -0.042748 -0.012472
v -0.029512 -0.037266 0.009768
v 0.066828 -0.089742 -0.011904
v -0.058816 0.003089 0.013164
v 0.053820 0.017618 0.004013
v -0.047756 0.033217 -0.001145
v 0.025427 -0.076198 0.009984
v -0.039079 0.013498 -0.000074
v -0.021934 -0.031575 -0.002455
v -0.001464 -0.000549 -0.011455
v -0.074893 -0.057495 -0.005471
v -0.054502 -0.002858 0.004801
v 0.068843 -0.022199 -0.012480
v 0.013699 0.079728 0.001684
v -0.060256 -0.056412 0.004401
v -0.008612 -0.039595 0.007261
v 0.012381 0.069009 0.009237
v 0.063230 -0.014370 0.000616
v -0.007612 -0.024521 -0.009404
v 0.064542 0.078467 0.006204
v 0.073393 0.058393 -0.008749
v 0.068103 -0.031934 -0.001203
v 0.019927 -0.099623 -0.010983
v -0.099231 0.059132 0.009449
v -0.089451 -0.055834 -0.001386
v -0.063833 -0.098461 -0.010230
v -0.087389 0.000643 -0.012640
v 0.100950 -0.043453 -0.000478
v -0.115015 -0.006027 -0.009038
v -0.090322 -0.048592 -0.010405
v -0.070677 0.060437 0.010715
v -0.074401 -0.001922 0.013426
v 0.090489 -0.052819 -0.006339
v 0.115137 -0.026807 -0.001320
v 0.051572 0.057305 0.005600
v -0.000648 -0.065604 0.005642
v 0.064884 -0.077725 0.012194
v -0.036177 -0.039800 0.003477
v -0.017785 0.068234 0.004826
v 0.096089 -0.011321 0.012833
v -0.099961 -0.002446 -0.004973
v 0.053302 0.047234 -0.000550
v -0.088519 -0.042088 -0.002311
v -0.001474 -0.110063 -0.005994
v 0.061925 -0.088345 0.000636
v 0.045171 0.007234 0.004767
v 0.032179 0.098829 -0.009494
v -0.013698 0.058485 0.009503
v -0.023772 -0.060703 0.007101
v 0.106045 0.021826 -0.011131
v 0.069706 -0.076090 0.010216
v -0.004284 -0.089799 -0.007347
v 0.022940 -0.104770 -0.005946
v -0.059113 -0.099232 -0.003148
v 0.114181 -0.031853 -0.005246
v -0.012938 -0.004395 -0.006962
v -0.077046 -0.072864 0.010363
v 0.055182 -0.100401 0.005730
v -0.062540 -0.083440 0.001305
v -0.084187 -0.063946 0.013000
v -0.013851 0.048612 0.005114
v 0.019296 0.046155 0.000388
v -0.056307 0.054773 0.001585
v 0.062747 0.066875 -0.006860
v -0.049014 0.088415 -0.009665
v 0.038770 0.056060 -0.012576
v 0.085782 -0.038809 0.004533
v -0.090651 0.005388 -0.003974
v 0.014356 -0.066114 -0.007841
v 0.012648 0.028667 0.000144
v -0.075954 0.044321 -0.011426
v 0.009976 0.054523 -0.004707
v -0.035967 0.043035 0.007074
v -0.117605 -0.022817 0.009063
v 0.011180 -0.001332 0.004730
v -0.107540 0.038208 0.003184
v -0.085085 -0.081047 0.005111
v -0.049510 0.103625 0.012460
v -0.066481 0.057963 -0.006081
v 0.092353 -0.057527 -0.003501
v 0.026097 -0.075730 -0.012772
v 0.042259 -0.031406 0.000389
v 0.046520 -0.015695 0.012776
v -0.009983 -0.002428 -0.012167
v -0.050651 -0.092596 0.010219
v -0.034381 0.017734 0.001057
v -0.034690 -0.113377 0.007706
v -0.070394 -0.092613 0.006913
v 0.046233 0.066898 -0.004712
v 0.023833 0.014609 0.008238
v -0.084999 -0.032475 -0.007626
v -0.004060 0.074640 0.003646
v -0.014235 0.006371 0.004852
v -0.093814 -0.020867 0.003314
v 0.003438 -0.091766 0.005625
v 0.103785 0.050916 -0.011028
v 0.015133 -0.064113 -0.011578
v 0.007607 -0.079023 -0.002937
v -0.043951 -0.069956 0.000937
v 0.049131 0.056713 0.008330
v -0.112764 -0.033318 -0.009966
v -0.050613 -0.102968 0.008260
v -0.009496 -0.072684 0.012585
v -0.084395 -0.029503 -0.010549
v 0.092646 0.002929 0.001040
v 0.062597 -0.021661 0.006952
v 0.057835 -0.040082 -0.002446
v -0.052257 -0.068190 -0.009493
v 0.020011 0.107796 -0.008559
v 0.044860 0.097482 0.009863
v 0.068922 -0.093144 0.013841
v -0.086345 0.021440 -0.005862
v 0.034286 0.015445 0.006316
v -0.068800 0.005549 -0.010410
v -0.021241 -0.031456 0.003346
v 0.054757 -0.039721 -0.001382
v -0.049395 -0.044293 0.002357
v -0.066389 -0.029003 -0.005143
v -0.007509 0.003632 -0.007107
v 0.018368 0.101568 -0.001789
v 0.023590 -0.037115 0.006523
v 0.058765 -0.056672 -0.003955
v -0.030440 0.083770 -0.009078
v -0.086301 -0.068367 0.010044
v 0.056136 0.067859 -0.006629
v 0.025074 -0.021734 -0.011889
v 0.084875 0.009981 -0.013127
v -0.066491 -0.037589 0.002521
v 0.074120 -0.049489 0.001217
v 0.082449 -0.000659 0.007706
v -0.037719 0.042343 0.007620
v -0.006810 -0.064374 -0.000988
v -0.075427 -0.004942 0.000061
v -0.057632 -0.094284 0.008583
v -0.036852 -0.032095 0.000396
v -0.047918 0.016838 0.012564
v -0.063620 -0.099438 0.006606
v -0.071494 0.007437 -0.007873
v -0.029996 0.002334 -0.003656
v 0.052605 0.014501 0.011416
v -0.052918 0.062952 -0.001270
v 0.113807 0.034182 -0.004926
v -0.024834 -0.083012 0.009230
v 0.031303 -0.053027 0.001242
v 0.044670 0.086125 -0.003772
v -0.062597 -0.090069 0.000467
v -0.081494 0.080144 0.000458
v -0.067339 0.089222 -0.000368
v -0.092689 0.010463 0.000051
v 0.031371 0.037424 -0.011842
v -0.034242 -0.043282 -0.008767
v -0.065870 0.077397 -0.010687
v 0.013312 0.107255 0.006167
v -0.082476 0.009622 -0.008100
v 0.057972 0.092950 -0.013372
v 0.087556 0.024334 -0.009488
v -0.016312 -0.017270 0.002024
v 0.057259 0.020986 -0.008959
v 0.089722 -0.024098 0.001781
v 0.101096 0.011882 0.004529
v -0.007332 0.034366 -0.001422
v 0.111640 -0.005071 -0.009224
v 0.044997 -0.081408 0.008249
v 0.021922 -0.046245 0.004470
v -0.009304 0.101694 -0.004405
v -0.088307 0.026579 -0.007565
v -0.029735 0.026062 -0.008334
v 0.054154 -0.065804 -0.002246
v 0.021971 0.030066 -0.000676
v -0.017809 -0.015651 0.007948
v -0.041128 -0.000860 -0.000497
v 0.063673 0.068086 0.009171
v 0.084260 -0.063705 0.004178
v -0.072331 -0.010083 -0.012784
v -0.056480 -0.010707 0.008464
v 0.018226 -0.071817 0.002493
v -0.005660 -0.104566 0.005508
v 0.035889 0.025296 -0.000640
v 0.012196 0.110551 -0.006069
v 0.054841 -0.053637 -0.008707
v -0.027067 -0.103126 0.002184
v 0.007514 0.006866 0.004327
v -0.025706 -0.062355 -0.003856
v 0.054557 0.080039 -0.006898
v 0.047858 -0.061716 -0.003762
v -0.015831 0.097725 0.007139
v -0.090836 0.055094 -0.000491
v -0.061279 0.065081 -0.006894
v -0.024540 0.066004 0.005754
v -0.009899 -0.110517 0.004460
v -0.001101 -0.080186 0.005581
v 0.029246 0.047253 -0.002784
v -0.046970 0.075644 0.005518
v -0.012902 -0.046348 0.013008
v 0.036197 0.001204 -0.009931
v 0.070743 -0.035564 -0.012206
v 0.005990 0.033417 -0.012943
v -0.088976 0.079115 0.003191
v -0.100348 -0.013322 0.002729
v 0.102419 -0.036354 0.003928
v -0.049980 0.020163 0.004393
v 0.021325 -0.060529 -0.013059
v -0.069879 -0.050445 -0.007513
v 0.011043 0.019933 -0.007301
v 0.047615 0.000086 0.013911
v 0.013218 -0.070074 -0.002936
v -0.074021 -0.044457 0.006634
v 0.032736 0.015058 -0.006034
v 0.055151 -0.100671 -0.004253
v 0.061429 -0.014427 0.002978
v 0.039519 0.108748 0.002097
v -0.005339 0.076382 -0.011019
v 0.058477 0.028596 0.012516
v 0.038328 -0.110940 0.010531
v 0.035160 -0.083918 0.005437
v 0.088013 -0.019061 0.007559
v 0.005522 -0.117522 -0.001152
v -0.089140 0.022458 -0.013234
v 0.023230 0.020812 0.003743
v 0.098664 -0.003598 -0.007562
v -0.047078 0.107434 0.000462
v 0.109264 0.006684 -0.007049
v 0.082149 0.054339 0.008990
v 0.102846 0.053243 -0.000656
v -0.068727 0.090303 -0.006466
v 0.093756 -0.032351 0.011478
v -0.053620 0.000337 0.006592
v 0.038034 -0.039128 -0.008323
v 0.000181 0.094381 -0.009632
v 0.090202 0.071514 0.004923
v -0.048657 -0.080446 0.007399
v -0.023837 -0.006356 -0.000496
v -0.061137 -0.057896 0.013590
v 0.089233 -0.067437 -0.000257
v 0.114298 -0.011243 -0.006153
v 0.015897 0.089729 -0.012484
v 0.025284 -0.079048 0.001142
v -0.075287 -0.001171 0.005217
v 0.053968 0.105590 0.005551
v -0.096504 0.024732 -0.013669
v 0.022328 0.088702 -0.004888
v -0.046432 -0.039797 0.001360
v 0.006650 0.082117 0.003166
v -0.056413 0.063244 -0.008105
v -0.022314 -0.069738 0.009921
v -0.009421 0.050017 -0.010328
v -0.050970 -0.026332 -0.011204
v -0.007285 0.057815 -0.001898
v -0.033580 0.031185 0.012856
v 0.063558 0.086960 -0.009055
v -0.119733 0.000303 0.009783
v -0.101282 -0.010864 0.007989
v -0.027821 0.085562 0.001899
v -0.080082 0.059420 -0.012319
v 0.032334 -0.076267 0.003636
v -0.066002 0.021512 -0.003893
v -0.107610 -0.042880 -0.006784
v 0.041459 0.005194 0.010286
v 0.052095 -0.012294 0.002125
v -0.029689 -0.040397 0.007849
v -0.060399 0.077756 -0.000350
v -0.009571 -0.112779 -0.003330
v -0.021696 0.092876 -0.009944
v 0.053390 0.093705 -0.004553
v -0.061576 -0.066633 0.009769
v 0.043527 0.020933 -0.007610
v -0.026424 0.059138 -0.006511
v -0.038416 -0.049297 -0.001543
v 0.047071 -0.054899 0.002434
v 0.075406 -0.016594 -0.008851
v 0.101295 0.014807 0.004537
v 0.093497 -0.036721 -0.011758
v 0.019206 0.033384 -0.012214
v 0.064279 -0.061365 -0.013262
v -0.083739 0.063275 -0.011669
v -0.003696 0.047141 0.004335
v 0.050197 -0.043991 -0.007073
v -0.020239 0.092799 -0.010324
v 0.010709 -0.017227 0.004579
v 0.043742 -0.052626 -0.000668
v 0.087141 -0.013812 -0.006372
v -0.111134 0.040133 0.005533
v 0.041053 0.083186 0.003669
v -0.059234 -0.067917 0.000657
v -0.042717 -0.051326 -0.004279
v -0.104320 -0.026553 -0.001628
v -0.040675 0.045681 -0.005500
v 0.108358 0.000063 0.009743
v -0.045724 0.068306 -0.013767
v 0.103059 -0.054909 -0.000642
v 0.078600 0.004515 -0.005798
v 0.001201 0.010124 -0.003538
v -0.076379 0.047311 -0.002947
v 0.053406 0.088104 -0.003088
v -0.044422 0.042586 -0.002177
v 0.006877 0.104700 0.011479
v 0.035141 -0.092865 -0.006029
v -0.004795 -0.107814 -0.002439
v 0.031024 -0.040794 -0.005891
v -0.061526 -0.071483 -0.006380
v -0.037286 -0.036248 -0.013457
v 0.083537 0.026929 -0.008794
v 0.049842 0.037312 0.006025
v -0.008300 -0.057303 -0.009781
v -0.070111 0.002830 -0.005276
v 0.036659 -0.114135 -0.001017
v 0.017747 -0.066638 0.009619
v 0.027106 -0.008499 0.007718
v 0.074142 0.035680 -0.008619
v 0.059011 -0.091028 0.009191
v 0.075774 0.072935 -0.007029
v 0.010620 -0.079157 0.006653
v 0.079663 0.017025 0.007588
v -0.117875 -0.015749 -0.000761
v -0.027993 -0.060916 -0.004954
v -0.016966 -0.017878 0.012248
v -0.059875 -0.007918 0.003879
v 0.035795 0.107233 0.010182
v 0.008106 0.039503 0.003721
v -0.022153 0.043809 -0.006269
v 0.077869 0.072802 -0.013750
v 0.102541 0.027702 -0.000692
v -0.060170 -0.041565 -0.011495
v 0.019880 0.030347 0.003322
v 0.108685 -0.050437 0.003504
v 0.089627 0.035339 0.005637
v 0.010965 -0.041130 -0.007485
v 0.105856 -0.012242 0.007188
v 0.027171 -0.074695 -0.008597
v -0.026752 -0.066648 -0.010227
v 0.067216 -0.049703 -0.001750
v -0.027779 0.096258 -0.008686
v 0.027435 0.065220 0.006507
v -0.017336 0.108032 0.011605
v -0.029663 -0.010579 -0.009659
v -0.017430 0.059063 -0.003721
v 0.095851 0.000434 -0.003387
v 0.006470 0.015090 0.009991
v 0.009543 -0.057857 0.006188
v -0.048001 -0.073871 -0.003150
v -0.083678 -0.012752 0.001441
v -0.051677 -0.044440 0.003945
v 0.066718 0.055523 -0.012133
v 0.022051 -0.037182 0.010458
v 0.024794 0.079841 -0.011235
v -0.098996 -0.047355 0.004422
v -0.099174 -0.016233 -0.006834
v -0.062368 0.069541 -0.012016
v 0.049638 -0.023278 -0.000241
v 0.026113 -0.021667 0.008429
v 0.083200 0.033365 0.012271
v -0.062970 0.036733 0.005836
v 0.027617 -0.055363 -0.012862
v 0.059788 0.028312 0.012449
v 0.036256 -0.009167 0.006305
v -0.051202 -0.010322 0.000733
v 0.000738 0.094890 -0.008991
v -0.000391 -0.077321 -0.011046
v -0.046241 -0.054922 -0.001156
v -0.057247 -0.097136 -0.009329
v 0.032206 0.068886 -0.004550
v 0.065405 0.100497 -0.001596
v -0.040389 0.053917 0.013761
v -0.033073 0.065260 0.007397
v -0.092667 0.043188 0.003036
v -0.051191 -0.021448 0.007440
v 0.054092 -0.027072 0.012926
v -0.071541 0.024494 0.006337
v 0.092092 -0.009900 0.000493
v 0.065872 -0.002728 -0.005591
v 0.019506 0.109279 -0.013392
v 0.043529 -0.089650 -0.006273
v -0.084465 -0.029610 0.011926
v 0.013137 0.019257 -0.004042
v 0.046902 0.055554 0.002300
v 0.011526 0.107455 -0.011427
v -0.092925 0.067694 0.006559
v -0.017656 -0.105385 -0.009159
v 0.045633 -0.088588 0.002135
v 0.077430 -0.050754 -0.005589
v -0.010969 -0.090433 -0.011803
v 0.098924 0.036264 -0.004258
v 0.031711 -0.070656 0.010299
v 0.039058 -0.041704 0.004278
v -0.010271 -0.007692 0.007768
v -0.048996 0.044590 -0.012847
v -0.044958 -0.011522 0.000067
v 0.004921 0.026519 0.006484
v -0.062637 0.049935 0.002664
v -0.056526 -0.001680 -0.005886
v -0.034360 0.026887 -0.011689
v -0.024008 -0.011564 -0.002823
v 0.073148 0.043309 0.007667
v 0.030092 0.032196 0.001660
v -0.096633 0.007385 -0.008509
v -0.076778 -0.068548 -0.007105
v 0.095226 0.046017 -0.004944
v 0.031915 -0.016480 0.004809
v -0.062805 0.032729 -0.005019
v -0.015515 -0.010385 -0.005465
v 0.093916 -0.007301 0.013724
v -0.042836 0.016275 -0.012743
v 0.022273 -0.048779 -0.003533
v 0.005383 -0.110683 -0.010854
v 0.110100 0.039278 0.011948
v 0.073769 -0.079800 -0.013615
v -0.013844 -0.037560 -0.001398
v 0.054302 0.007815 0.001064
v 0.024845 0.083173 -0.006758
v -0.101940 0.010913 -0.010042
v -0.005149 -0.015436 0.002324
v -0.012936 -0.021419 -0.009231
v -0.022610 0.104178 0.003303
v 0.091749 0.031790 -0.013767
v -0.047820 0.040251 0.009858
v -0.059717 -0.094231 -0.013466
v 0.065042 -0.071561 -0.007527
v -0.086804 0.080798 -0.011211
v -0.044663 0.102405 0.000884
v 0.033026 0.078222 -0.001176
v 0.015741 -0.007853 -0.007073
v -0.068126 -0.012737 -0.002985
v 0.038980 0.058942 -0.004146
v -0.041179 -0.041299 0.013391
v -0.108123 -0.000850 0.003522
v 0.081897 -0.078197 0.008816
v 0.087865 0.016456 -0.006155
v 0.065819 0.092667 0.004394
v 0.063183 0.038880 0.012897
v -0.072189 -0.061614 -0.007632
v 0.002839 0.046814 0.013175
v 0.058079 -0.036994 0.001183
v 0.011988 0.043032 0.001158
v 0.034510 -0.105973 -0.005348
v -0.024159 -0.083422 -0.010213
v 0.118494 -0.003213 -0.009936
v 0.104895 -0.046942 -0.005110
v -0.109372 -0.041203 -0.010685
v -0.046378 0.102547 0.006358
v 0.010901 -0.112049 -0.002407
v -0.067771 0.042265 0.012146
v 0.091210 -0.071551 -0.006334
v 0.007131 -0.038557 -0.008827
v 0.007334 -0.093588 -0.006528
v -0.052623 -0.023579 -0.007499
v -0.027576 -0.066430 0.005268
v -0.084132 0.012458 0.002932
v -0.017346 -0.071303 0.009860
v -0.044435 0.002391 -0.008589
v 0.102781 0.021103 -0.013580
v -0.009598 0.076523 0.006786
v 0.104176 -0.007709 -0.012148
v 0.106855 -0.052679 0.010280
v -0.068263 0.004319 -0.001189
v 0.001543 0.076339 -0.012829
v -0.006811 -0.073695 -0.005239
v -0.079044 -0.066660 0.002627
v -0.110892 -0.017728 0.008034
v -0.079965 -0.010433 0.009156
v 0.115522 0.031538 0.000524
v -0.081541 0.062750 0.001616
v -0.094807 -0.009640 -0.012620
v -0.019371 0.073188 -0.005472
v 0.038194 -0.072004 -0.002171
v -0.021239 -0.018286 0.000475
v 0.068490 0.085203 -0.001352
v -0.006904 -0.039774 0.007804
v 0.092581 -0.038115 -0.010211
v -0.068982 0.041643 -0.008991
v -0.085424 -0.054449 -0.008346
v -0.057594 0.016857 0.005368
v 0.089386 -0.058987 0.006114
v 0.028931 0.028407 -0.001417
v -0.056589 0.065884 -0.003246
v 0.021903 -0.082995 0.012593
v -0.053544 0.051125 0.007511
v 0.076868 -0.047269 0.004467
v 0.065694 0.090528 -0.008992
v -0.018361 -0.075531 -0.005333
v 0.009362 -0.079614 0.003541
v 0.032184 0.029305 -0.008320
v -0.043339 -0.042030 -0.001158
v 0.054402 -0.069762 -0.013839
v 0.043339 -0.039334 0.002488
v -0.075959 0.011683 -0.011777
v -0.048003 -0.034923 0.001326
v -0.065408 -0.061241 0.009107
v 0.044039 0.013979 0.004292
v 0.107945 0.025357 0.004676
v 0.034433 -0.055784 0.011771
v 0.073839 0.023496 -0.009009
v -0.044108 -0.082790 0.005362
v -0.088076 -0.059831 -0.009032
v -0.087736 0.025288 0.012081
v 0.054728 0.036259 -0.003680
v -0.022612 0.021520 -0.002035
v -0.061699 -0.020249 -0.010233
v -0.021435 -0.059095 0.000757
v -0.098902 -0.015439 0.003138
v 0.079270 0.064995 0.003611
v 0.083185 -0.006710 0.005282
v 0.109040 -0.048090 -0.005959
v -0.052327 -0.042653 0.000711
v 0.071348 -0.002231 -0.010368
v -0.079896 -0.033173 0.003692
v -0.050842 0.002396 0.003063
v -0.030552 -0.114752 -0.013956
v 0.093827 0.014249 -0.010698
v 0.062013 -0.087568 0.013972
v -0.059461 0.035651 0.001692
v -0.008283 -0.009699 -0.008367
v -0.021058 0.104572 -0.005382
v -0.068237 -0.002870 -0.013828
v -0.027506 -0.064490 0.006283
v -0.015275 -0.013637 -0.009082
v -0.033804 0.061021 0.004829
v 0.092622 -0.053867 0.004078
v -0.094394 0.011025 0.010978
v -0.067601 -0.015991 0.007952
v -0.088659 0.053223 0.009383
v -0.031172 0.097302 -0.005166
v -0.053377 -0.012243 0.005194
v 0.034630 -0.107649 -0.004099
v 0.062395 -0.012060 -0.013127
v 0.094480 -0.009759 0.009587
v -0.067572 -0.032308 0.002665
v 0.068597 -0.078209 0.005747
v -0.008414 0.019613 -0.002412
v -0.058488 0.001083 -0.001347
v 0.053137 -0.016997 -0.005535
v 0.080960 0.068910 0.007778
v 0.068383 -0.041402 -0.013302
v -0.084354 0.009225 -0.008674
v 0.091103 -0.047407 0.000662
v 0.007256 -0.044842 0.010410
v 0.050893 -0.104486 0.004948
v 0.068642 0.075644 -0.001138
v -0.019622 -0.084479 -0.013885
v 0.090612 -0.041024 0.002640
v 0.070025 0.042655 -0.012708
v -0.096600 -0.012560 -0.005251
v -0.059239 -0.031394 0.010980
v -0.022683 0.047520 -0.006254
v -0.033549 0.072295 -0.010706
v 0.037113 0.050626 -0.013573
v -0.061618 -0.060047 -0.008216
v -0.039915 0.054708 -0.010036
v -0.018067 -0.061259 -0.007145
v 0.084715 0.040675 -0.004515
v -0.040594 0.015006 -0.000819
v -0.017622 -0.034854 -0.012494
v -0.045445 0.022630 0.002691
v -0.091617 -0.060392 0.005582
v -0.049946 -0.044772 0.008888
v -0.022705 -0.095629 0.000938
v 0.102897 -0.017172 -0.000961
v 0.073167 0.079697 0.011751
v -0.079393 0.016038 0.005165
v -0.020251 -0.079320 -0.007513
v 0.018252 0.109848 0.003274
v 0.064156 -0.039114 0.005589
v -0.054147 -0.091796 0.010707
v -0.019983 0.006040 -0.000691
v -0.048498 0.065497 -0.009218
v 0.010495 -0.092703 -0.010433
v 0.086590 0.065382 0.008309
v -0.044374 0.085925 0.008188
v -0.074370 -0.015521 -0.002424
v -0.064418 -0.061162 0.013269
v -0.052196 0.046711 0.008790
v -0.089381 -0.057490 -0.001810
v 0.020578 -0.086126 -0.007388
v -0.017479 -0.028569 0.012064
v -0.074780 -0.037623 0.002581
v -0.086988 0.020648 0.009017
v 0.052491 0.104926 -0.012051
v 0.083966 0.068354 0.007598
v -0.061105 0.058173 0.004485
v 0.091387 0.058426 0.010843
v 0.078565 -0.054661 -0.013995
v 0.028012 0.036933 0.000875
v -0.070285 0.058157 -0.008521
v -0.028165 -0.061366 0.001968
v 0.056617 -0.034351 0.012413
v -0.109086 0.047428 -0.004361
v 0.009155 0.005753 0.013620
v -0.035325 0.024268 -0.005763
v -0.060542 0.065105 -0.012512
v -0.031408 -0.104079 -0.003941
v 0.071841 -0.085467 -0.007413
v -0.022281 -0.071979 -0.005092
v -0.054916 0.049787 0.001263
v -0.043213 -0.070504 -0.008730
v -0.086353 0.076522 0.009519
v 0.067820 0.098812 0.004762
v 0.021365 0.024014 -0.013560
v -0.014994 -0.082363 -0.001771
v 0.034850 -0.002145 0.003983
v -0.069972 0.040875 0.008090
v -0.062037 -0.047766 -0.008966
v -0.089004 -0.005271 -0.001399
v -0.031781 0.040809 0.002928
v -0.097448 -0.051940 -0.007371
v -0.076911 -0.000835 0.001293
v -0.079585 0.088050 0.001908
v -0.011291 -0.038757 -0.000517
v -0.016520 -0.042109 0.006476
v 0.118383 -0.012258 0.007808
v -0.032753 0.007335 0.010918
v 0.070070 0.043514 0.006767
v 0.032500 -0.008255 0.003743
v 0.019966 -0.064042 -0.012522
v -0.058712 0.088112 -0.000872
v -0.081941 -0.006533 0.006547
v -0.103423 0.056000 0.008350
v -0.005500 0.021873 0.011840
v -0.000369 -0.102314 0.001784
v 0.076474 0.031069 -0.009266
v 0.113194 0.038057 0.008649
v -0.045638 -0.045248 -0.011690
v -0.110660 -0.003893 -0.006220
v 0.042798 0.047057 0.010020
v 0.039919 0.003572 -0.009111
v -0.039109 -0.025434 -0.001494
v 0.021803 -0.057329 0.005622
v -0.106808 0.010151 0.010136
v -0.019204 0.029096 -0.009938
v 0.043114 -0.018998 -0.000113
v 0.105239 -0.004244 -0.007337
v -0.089130 0.035169 -0.008096
v -0.006916 -0.070152 0.003983
v 0.001408 -0.040845 -0.009307
v -0.052988 0.039140 0.006892
v 0.001336 -0.087559 -0.003366
v -0.022760 -0.079474 -0.009936
v 0.008964 -0.009512 0.011962
v -0.093778 0.031241 0.012929
v 0.326786 -0.022174 0.008772
v 0.172084 -0.089191 -0.001432
v 0.575771 -0.054754 -0.003466
v 0.340594 0.037402 0.003241
v 0.159166 0.066667 0.005231
v 0.328859 -0.091627 -0.006407
v 0.228566 0.085038 -0.006722
v 0.130532 -0.029009 0.006965
v 0.437272 0.002816 -0.008318
v 0.226336 0.018727 -0.004551
v 0.365090 0.017305 -0.008569
v 0.560161 -0.036643 0.007045
v 0.562929 -0.029341 0.004370
v 0.538918 0.076009 -0.007772
v 0.202632 -0.094708 0.001387
v 0.609420 -0.023268 0.004109
v 0.345990 0.081983 0.009160
v 0.176976 -0.088250 -0.004696
v 0.111388 0.050510 0.005667
v 0.299851 0.043248 -0.008946
v 0.379362 -0.073171 -0.003514
v 0.604456 0.043223 -0.004942
v 0.167184 0.030694 0.009000
v 0.259008 -0.032386 -0.000167
v 0.501834 0.082674 -0.005914
v 0.183858 -0.089842 0.004523
v 0.410239 0.019584 0.001498
v 0.349299 0.080129 0.008327
v 0.483000 0.077278 0.009091
v 0.276121 -0.053237 0.004201
v 0.525264 -0.051311 0.000323
v 0.532322 -0.030988 -0.001343
v 0.487856 -0.088062 0.005993
v 0.334406 -0.001722 0.009537
v 0.430531 -0.075833 0.001412
v 0.503969 -0.028534 0.003819
v 0.169373 0.055787 0.009635
v 0.522399 0.047324 0.009679
v 0.516087 0.039398 0.005597
v 0.279520 -0.040385 -0.009674
v 0.258635 0.034889 0.004114
v 0.526936 -0.057713 -0.002956
v 0.541815 0.048521 0.004942
v 0.428462 0.040618 0.004615
v 0.186612 -0.046278 -0.009177
v 0.199689 -0.016778 0.000713
v 0.444777 -0.069427 0.010413
v 0.414505 0.006553 0.006043
v 0.442797 0.010964 0.006449
v 0.255887 -0.070524 0.003740
v 0.426055 -0.032901 0.001666
v 0.397881 -0.010486 -0.007527
v 0.240799 -0.067789 0.008778
v 0.574839 0.028522 -0.007759
v 0.379372 0.023684 -0.004046
v 0.401273 -0.078014 -0.006916
v 0.137101 -0.058746 -0.008267
v 0.099730 0.001925 -0.005868
v 0.411330 -0.073801 0.006542
v 0.579180 -0.011036 -0.003691
v 0.560058 -0.013764 -0.007616
v 0.478853 -0.091494 0.005549
v 0.214774 -0.038374 -0.007964
v 0.463915 0.059956 0.004122
v 0.174896 -0.026173 0.008939
v 0.435651 0.009597 0.007295
v 0.162183 -0.068696 -0.010172
v 0.327763 0.000782 -0.006732
v 0.541509 0.051468 0.008125
v 0.132463 0.054174 0.005724
v 0.304956 -0.050951 0.002936
v 0.172157 -0.011134 0.009200
v 0.308271 -0.014897 -0.006720
v 0.077047 0.000083 0.002671
v 0.383573 -0.069297 -0.010404
v 0.358649 0.040968 0.000634
v 0.488908 0.040833 0.005484
v 0.222947 -0.013880 0.005677
v 0.270594 -0.053127 -0.006432
v 0.416918 -0.095105 0.009840
v 0.233942 0.008066 0.003573
v 0.566649 0.025787 -0.004514
v 0.201557 0.027686 0.006408
v 0.353077 -0.024941 0.005049
v 0.454584 -0.022887 0.005995
v 0.255029 0.003832 0.008297
v 0.311475 -0.090898 -0.003655
v 0.422901 0.093651 -0.003661
v 0.378951 -0.067397 -0.008441
v 0.329916 -0.111590 -0.002614
v 0.385221 0.080959 -0.000327
v 0.432344 -0.029013 0.008986
v 0.182662 0.020840 -0.007636
v 0.308043 -0.093690 0.009987
v 0.379538 0.040885 0.004036
v 0.446268 0.016231 0.007385
v 0.238047 0.012777 -0.003285
v 0.514449 -0.061034 0.006080
v 0.208319 -0.071548 -0.006931
v 0.604361 -0.020699 -0.008684
v 0.471943 -0.065677 0.010409
v 0.135088 -0.059743 -0.004637
v 0.319916 -0.102151 -0.005320
v 0.250505 0.080784 0.008228
v 0.259403 -0.025251 0.001548
v 0.627071 0.003790 -0.009659
v 0.108685 0.019289 -0.009794
v 0.159852 -0.016141 0.006258
v 0.431571 -0.072753 -0.005449
v 0.320875 -0.004805 0.004868
v 0.446998 -0.013526 -0.004288
v 0.299420 -0.028924 -0.000425
v 0.270685 0.094721 0.007516
v 0.349254 -0.018747 -0.000948
v 0.385804 -0.111144 -0.001987
v 0.392234 -0.070756 -0.000750
v 0.176298 -0.082750 -0.009015
v 0.476673 -0.042972 -0.009813
v 0.220044 0.027982 0.009368
v 0.109245 -0.028182 0.006042
v 0.579517 0.054851 0.004951
v 0.606252 0.039392 0.003668
v 0.421107 -0.025870 -0.002823
v 0.225960 -0.049379 -0.006819
v 0.282410 -0.011215 0.004396
v 0.427863 0.114090 -0.005489
v 0.496440 0.054328 0.009222
v 0.109803 -0.056693 -0.006094
v 0.345838 -0.056948 -0.003093
v 0.324864 0.098383 -0.004680
v 0.501648 0.027337 -0.000289
v 0.253291 -0.007014 0.004406
v 0.261014 -0.078859 -0.004362
v 0.168476 -0.073935 0.009353
v 0.448068 -0.108546 -0.009122
v 0.497420 -0.051007 -0.008816
v 0.470494 -0.038547 0.009589
v 0.463704 0.039987 0.004139
v 0.088155 0.002589 0.000434
v 0.244342 -0.046596 0.009861
v 0.251689 -0.011224 -0.003219
v 0.139024 0.033286 -0.004378
v 0.591252 0.043170 -0.005621
v 0.562672 -0.031239 -0.001854
v 0.226093 0.080518 -0.003648
v 0.155333 -0.055448 0.007180
v 0.204642 0.022315 -0.007729
v 0.378396 -0.048217 -0.005040
v 0.075480 0.011686 0.005665
v 0.509087 0.020890 -0.000926
v 0.485029 0.099793 0.004448
v 0.289326 0.115490 0.007126
v 0.269691 -0.091711 -0.007277
v 0.354312 0.024273 -0.003851
v 0.450095 0.043700 -0.006626
v 0.301818 -0.008551 -0.003844
v 0.254918 0.060905 0.000837
v 0.430259 0.056208 0.008829
v 0.186648 0.047859 -0.007447
v 0.197029 0.017696 -0.010410
v 0.330025 -0.118217 -0.003543
v 0.296748 -0.079394 -0.004414
v 0.610301 -0.040949 0.001548
v 0.476834 0.072004 0.008544
v 0.132768 0.035443 0.004864
v 0.434650 -0.026297 0.001070
v 0.286670 0.071041 0.007158
v 0.269709 0.012151 -0.009344
v 0.215037 -0.071104 -0.005835
v 0.485716 -0.024882 -0.010026
v 0.168537 -0.019143 0.003603
v 0.520873 0.044798 -0.006417
v 0.260050 0.085012 0.009311
v 0.491170 -0.039229 -0.007393
v 0.453323 -0.057981 -0.002671
v 0.314151 0.069451 0.010028
v 0.408342 -0.025224 0.004785
v 0.087996 0.041048 0.006377
v 0.289589 0.104553 0.009878
v 0.114680 0.052322 -0.007569
v 0.279870 -0.018335 -0.006137
v 0.092516 0.017753 0.010219
v 0.601022 0.047453 0.005378
v 0.502207 0.040510 0.008703
v 0.170647 0.045776 0.004415
v 0.353413 -0.044380 -0.006594
v 0.196519 0.060407 -0.009613
v 0.467913 -0.097285 -0.004118
v 0.172454 -0.029730 -0.009936
v 0.493489 0.000945 0.009577
v 0.447190 -0.071201 0.003230
v 0.491270 -0.048389 -0.000170
v 0.297266 -0.054897 -0.007994
v 0.302486 0.117914 -0.009099
v 0.344054 -0.091438 0.001377
v 0.500204 -0.069994 -0.000503
v 0.316769 -0.038977 0.000263
v 0.120823 -0.050250 -0.007080
v 0.497735 0.024385 0.007945
v 0.424563 0.036476 -0.004774
v 0.116060 0.055518 -0.003024
v 0.299503 0.084605 0.009163
v 0.105799 -0.009142 -0.006652
v 0.551328 0.058250 0.000918
v 0.527116 -0.078386 0.003884
v 0.276881 0.094278 0.003955
v 0.525745 0.051766 0.006790
v 0.550894 0.006993 -0.002667
v 0.187393 0.006632 0.008627
v 0.438062 0.028306 -0.005857
v 0.450073 0.105253 0.002382
v 0.449378 -0.075865 0.000674
v 0.118945 -0.032942 -0.008107
v 0.274979 0.008150 0.006696
v 0.521871 -0.038463 -0.003957
v 0.185547 0.082450 0.008184
v 0.149951 -0.060375 -0.003317
v 0.338161 -0.019708 0.006606
v 0.394789 0.109406 -0.007510
v 0.364538 0.042025 -0.007765
v 0.554912 0.047281 0.005965
v 0.567630 0.049561 0.005404
v 0.438678 0.010401 0.006154
v 0.282080 -0.002471 -0.008003
v 0.348636 0.030881 0.003519
v 0.357080 -0.106099 0.008822
v 0.423513 0.109473 -0.006620
v 0.299757 0.029044 0.007263
v 0.604731 -0.041766 -0.003195
v 0.455569 0.071848 0.004800
v 0.360859 0.090497 -0.008419
v 0.320799 -0.006690 -0.005943
v 0.403376 0.059460 0.008435
v 0.081206 -0.027371 -0.008428
v 0.394571 0.083039 0.004363
v 0.206369 0.068541 -0.001267
v 0.464902 -0.013389 -0.003049
v 0.255732 0.038123 -0.005721
v 0.560877 0.077528 -0.007904
v 0.429406 0.028267 0.005508
v 0.291353 -0.085971 -0.009647
v 0.305104 0.036003 -0.004544
v 0.223694 -0.039531 0.010000
v 0.154396 0.030804 -0.004398
v 0.424786 -0.041125 -0.009038
v 0.454558 -0.069583 0.003762
v 0.470259 0.108283 -0.000175
v 0.496309 0.048747 0.003330
v 0.441253 0.023131 -0.002087
v 0.274767 -0.020621 0.008931
v 0.420539 -0.004234 0.009979
v 0.235847 0.078575 0.010304
v 0.533787 0.076581 0.004729
v 0.307847 0.099739 0.001720
v 0.314214 0.105515 0.003020
v 0.193575 0.048555 0.002166
v 0.189183 0.047192 -0.004643
v 0.360386 -0.039191 -0.005236
v 0.128077 0.001629 -0.007673
v 0.402171 0.016160 -0.009067
v 0.229496 -0.106446 -0.002465
v 0.302913 -0.042334 0.002561
v 0.413693 0.018887 0.005284
v 0.377469 -0.106192 -0.006259
v 0.247137 -0.071528 -0.005005
v 0.205950 0.092563 0.000979
v 0.397580 -0.006262 -0.001461
v 0.499241 -0.037859 -0.003894
v 0.214644 0.057043 -0.009810
v 0.106573 -0.038798 -0.004136
v 0.296491 -0.080941 -0.007676
v 0.308222 -0.081846 -0.008203
v 0.246755 -0.086875 0.003893
v 0.176381 -0.036284 0.007441
v 0.174984 -0.003152 -0.000111
v 0.566254 -0.017155 -0.003092
v 0.506969 -0.009452 -0.009909
v 0.595931 0.030706 -0.003174
v 0.347709 -0.019657 0.008218
v 0.302608 0.031453 -0.003252
v 0.246350 0.055543 0.003386
v 0.353379 0.096593 0.001943
v 0.410599 -0.016393 -0.004097
v 0.329440 0.014360 -0.003652
v 0.097639 0.027112 0.001429
v 0.467715 -0.035975 0.004115
v 0.113414 -0.062564 -0.002568
v 0.186500 0.057745 0.006475
v 0.536076 0.057983 -0.003445
v 0.105152 -0.001826 -0.003370
v 0.223278 -0.047776 -0.001344
v 0.092305 0.002116 0.006030
v 0.460237 -0.074054 -0.004466
v 0.617101 0.035241 -0.002057
v 0.386426 0.102244 -0.008569
v 0.398076 -0.030654 -0.003426
v 0.578570 0.044059 -0.000519
v 0.412509 0.103633 0.003182
v 0.269645 0.101948 -0.001409
v 0.228681 -0.013332 -0.002052
v 0.216678 -0.057112 0.005532
v 0.366130 0.014836 0.004270
v 0.488325 -0.069225 -0.006028
v 0.584423 -0.024376 -0.000687
v 0.538643 -0.033689 0.002403
v 0.372099 -0.078460 0.001388
v 0.208506 -0.061995 -0.002850
v 0.415081 0.037267 0.003891
v 0.292603 0.075263 -0.003808
v 0.384323 -0.026672 -0.006225
v 0.133375 0.056941 0.003067
v 0.341208 0.092971 -0.001977
v 0.442742 0.034407 -0.005343
v 0.438976 -0.072317 0.001256
v 0.142683 0.037700 -0.009723
v 0.405768 0.037328 -0.005074
v 0.425009 -0.091932 -0.006804
v 0.515075 -0.094199 -0.000297
v 0.607570 0.013881 -0.008737
v 0.140607 -0.066588 0.008412
v 0.209204 0.039905 0.003306
v 0.579314 0.062634 0.004709
v 0.409458 0.031024 0.004924
v 0.534595 -0.035460 0.006909
v 0.606850 -0.036016 -0.005212
v 0.452233 -0.038841 -0.007932
v 0.406026 -0.064538 0.001771
v 0.163411 0.066196 -0.005545
v 0.255892 0.021235 -0.006822
v 0.532316 -0.014944 -0.005160
v 0.184109 -0.044794 -0.002631
v 0.499412 -0.021381 -0.001601
v 0.237285 -0.107416 0.007968
v 0.505642 -0.027889 0.004529
v 0.367622 -0.015698 0.009803
v 0.147858 -0.067912 0.003407
v 0.566813 -0.036218 0.006065
v 0.363494 0.089027 -0.004005
v 0.512959 -0.018643 0.006557
v 0.537730 0.077531 0.007511
v 0.145862 0.073803 -0.002248
v 0.490190 -0.008361 -0.008605
v 0.409933 -0.052258 -0.006082
v 0.556736 -0.073066 0.002758
v 0.528165 -0.072186 -0.001968
v 0.604749 0.023600 0.006787
v 0.528905 -0.030081 -0.001828
v 0.478535 -0.085416 0.007912
v 0.458595 -0.098516 0.004168
v 0.184043 -0.002832 0.002144
v 0.443331 -0.094996 -0.000982
v 0.412969 0.004684 0.002973
v 0.179706 -0.077872 -0.007642
v 0.169904 0.055589 -0.003912
v 0.446715 0.023550 0.000344
v 0.600566 -0.020720 0.005526
v 0.482682 -0.081495 0.006145
v 0.268206 0.075231 0.004939
v 0.334433 0.099272 0.006862
v 0.388214 -0.050917 -0.001796
v 0.458784 0.102208 0.009340
v 0.449149 -0.037776 0.009410
v 0.549464 -0.044841 0.002659
v 0.580352 -0.065432 -0.006336
v 0.315324 -0.047002 -0.002078
v 0.221198 0.026442 -0.008630
v 0.166063 0.086175 -0.008036
v 0.313776 -0.077623 0.008820
v 0.129846 0.028244 -0.008011
v 0.322262 -0.051015 0.007601
v 0.380120 -0.063087 -0.000122
v 0.527135 0.081044 0.002102
v 0.498878 -0.001922 0.003721
v 0.194085 0.037653 -0.007435
v 0.314203 0.059452 0.002471
v 0.492182 -0.040121 0.003870
v 0.322532 0.003168 -0.007703
v 0.246473 0.089504 0.003924
v 0.296187 -0.098335 0.004958
v 0.346620 0.037013 -0.009266
v 0.282503 0.050447 0.008573
v 0.621315 -0.002382 0.009811
v 0.152485 -0.060076 -0.009544
v 0.344936 0.094437 -0.004147
v 0.215458 0.044902 0.009829
v 0.151434 -0.033422 -0.005034
v 0.080005 -0.002725 0.007936
v 0.456577 0.049831 0.000639
v 0.410172 0.031898 -0.009573
v 0.531486 0.080638 0.007031
v 0.346315 -0.115479 -0.004559
v 0.506881 -0.065618 0.005493
v 0.336475 0.066886 0.008246
v 0.238228 0.109668 0.005537
v 0.500338 0.090180 0.003306
v 0.369273 -0.026423 -0.007379
v 0.356692 0.022543 -0.005035
v 0.299469 -0.076260 0.010399
v 0.400739 -0.010703 -0.003013
v 0.300345 -0.080833 -0.000147
v 0.497668 -0.092076 -0.007903
v 0.567081 0.062018 -0.006706
v 0.448081 0.074558 -0.004771
v 0.515873 -0.058140 0.001754
v 0.549857 -0.015433 0.001487
v 0.282845 0.016676 0.005633
v 0.233082 -0.101328 -0.009955
v 0.253371 -0.089923 -0.002222
v 0.119738 -0.062921 0.007077
v 0.395316 0.028109 0.006945
v 0.248443 -0.068147 0.009559
v 0.332295 -0.005101 0.009865
v 0.198198 -0.097264 -0.003677
v 0.322240 -0.102140 0.009605
v 0.233234 -0.023226 -0.009478
v 0.251373 -0.053544 -0.009334
v 0.596652 0.050331 -0.002491
v 0.254927 0.030052 0.009766
v 0.405502 -0.026805 0.007399
v 0.478582 0.090487 -0.004516
v 0.353640 -0.097037 -0.007967
v 0.166193 0.004536 0.006433
v 0.264556 0.092317 -0.007743
v 0.220706 -0.094399 0.000266
v 0.087090 0.007357 -0.000495
v 0.181985 -0.030122 0.005386
v 0.432032 -0.087199 -0.001384
v 0.299669 0.010818 -0.003323
v 0.220879 0.012909 0.003911
v 0.460694 0.069872 0.002721
v 0.200844 -0.009992 -0.001316
v 0.511539 -0.045658 -0.007379
v 0.534806 0.082029 0.007172
v 0.199396 -0.009431 -0.009498
v 0.402716 0.011787 -0.008240
v 0.273335 0.016764 0.003378
v 0.221903 -0.025195 -0.005148
v 0.523022 0.041846 -0.008107
v 0.287423 -0.043201 -0.006674
v 0.286790 0.021576 0.007912
v 0.286720 0.087865 -0.000945
v 0.243777 -0.083129 -0.004933
v 0.605675 -0.023253 -0.006569
v 0.445990 0.095209 0.002185
v 0.413174 -0.028251 0.000722
v 0.445578 0.001506 -0.006894
v 0.119513 0.014299 0.007744
v 0.562233 -0.019850 -0.000279
v 0.146793 -0.080250 -0.002925
v 0.242830 -0.088491 -0.002205
v 0.317830 0.040140 -0.010209
v 0.376919 0.009780 0.009881
v 0.431025 -0.042510 0.003121
v 0.241109 -0.064012 0.002647
v 0.380434 -0.050784 -0.004181
v 0.162297 0.018819 -0.010042
v 0.404991 0.040490 0.004255
v 0.537329 -0.018547 0.007556
v 0.241949 -0.027475 0.001458
v 0.381766 -0.023408 -0.010335
v 0.188586 -0.074048 0.010069
v 0.489601 -0.083871 0.002013
v 0.207718 -0.021653 -0.000263
v 0.135559 0.008046 0.002341
v 0.240349 -0.097734 -0.000254
v 0.304719 -0.085036 -0.001638
v 0.321630 0.027690 0.008250
v 0.182886 0.041068 -0.000109
v 0.502906 -0.026440 0.004148
v 0.498984 0.008395 -0.006464
v 0.274987 0.048050 -0.005886
v 0.487166 -0.037790 0.002144
v 0.474561 -0.081305 -0.007746
v 0.286405 0.097474 0.009656
v 0.464544 -0.085340 0.004926
v 0.421328 -0.102869 0.007235
v 0.242708 -0.044193 0.005234
v 0.299912 -0.037392 -0.006311
v 0.279979 -0.023505 -0.001764
v 0.504175 -0.002589 -0.006102
v 0.386067 0.004707 0.007999
v 0.280528 0.037383 0.006887
v 0.389454 -0.013208 -0.009163
v 0.150540 0.039819 -0.007966
v 0.373038 0.060126 -0.003353
v 0.312851 0.020461 0.007932
v 0.338059 0.046377 0.003993
v 0.121968 -0.009478 0.004335
v 0.515932 -0.035320 -0.000900
v 0.400757 -0.033529 -0.008276
v 0.159766 -0.067942 0.009395
v 0.375595 -0.022001 -0.008286
v 0.171041 -0.081598 0.008631
v 0.433458 0.054104 -0.001228
v 0.110515 -0.003804 -0.008415
v 0.252421 -0.055403 -0.007607
v 0.457730 -0.064742 -0.001769
v 0.366545 -0.059011 0.006492
v 0.241990 0.071621 -0.008710
v 0.180776 0.074900 -0.002926
v 0.294499 -0.040217 0.005324
v 0.232102 0.027070 0.006337
v 0.196729 0.039739 -0.000866
v 0.499724 -0.085586 -0.002903
v 0.454973 0.008513 -0.010291
v 0.444137 -0.109365 -0.008720
v 0.240120 0.109190 -0.007049
v 0.575998 0.039386 0.003364
v 0.182339 -0.088505 -0.009286
v 0.189860 -0.074580 0.003368
v 0.198909 -0.008089 -0.002058
v 0.262328 -0.080995 -0.004109
v 0.337754 -0.114304 -0.010334
v 0.312159 0.085657 0.008829
v 0.292534 -0.076279 -0.006192
v 0.111014 -0.029356 0.003193
v 0.264503 -0.106958 0.005913
v 0.247353 0.030097 -0.004168
v 0.507590 0.015977 0.004727
v 0.343792 -0.042514 0.010330
v 0.331952 0.035732 0.001088
v 0.108562 -0.013955 -0.007139
v 0.596079 0.018673 0.001943
v 0.363399 0.105427 0.004757
v 0.442739 -0.003265 -0.009241
v 0.195230 0.068037 -0.003056
v 0.565826 0.028604 -0.007880
v 0.278661 0.098367 -0.000984
v 0.599841 -0.011514 0.010269
v 0.107380 -0.045460 0.002683
v 0.138628 -0.019228 -0.003143
v 0.296597 0.103813 0.004512
v 0.239176 -0.089615 0.000413
v 0.352384 0.068702 0.001730
v 0.424365 -0.064703 -0.008442
v 0.289168 -0.106065 -0.008779
v 0.594034 0.043085 -0.000499
v 0.189487 0.024199 0.000551
v 0.178509 -0.045510 -0.002210
v 0.333006 0.084440 -0.001608
v 0.098750 0.042570 -0.000220
v 0.600564 -0.018205 -0.007469
v 0.514721 0.072505 -0.007783
v 0.276673 -0.106974 -0.008021
v 0.394804 0.080297 0.005176
v 0.509764 -0.025104 0.009488
v 0.206263 -0.045710 -0.007962
v 0.299420 -0.010496 -0.007281
v 0.157324 0.086325 -0.004132
v 0.101914 0.009427 -0.007515
v 0.297777 -0.014130 0.008279
v 0.449679 -0.035769 0.006702
v 0.252312 0.002953 -0.003178
v 0.474212 -0.056385 0.001534
v 0.106686 -0.045720 0.005908
v 0.115279 0.015785 0.002220
v 0.364924 -0.085016 -0.000820
v 0.171573 0.024884 0.007693
v 0.236013 0.095555 0.003455
v 0.236097 0.031140 -0.002197
v 0.084973 -0.029921 0.008191
v 0.330108 -0.096065 0.007685
v 0.293747 -0.087496 0.006219
v 0.294530 -0.086683 -0.007901
v 0.235616 -0.019179 0.002493
v 0.292978 -0.012813 0.001475
v 0.421783 0.076848 0.008334
v 0.547161 0.079632 -0.006725
v 0.596595 0.012659 -0.005349
v 0.277385 -0.108691 -0.001171
v 0.426358 -0.087566 -0.002062
v 0.599645 0.031072 -0.010011
v 0.183576 0.029797 0.007553
v 0.291662 0.055482 -0.008092
v 0.443172 0.028757 -0.007475
v 0.347075 0.035904 -0.004057
v 0.253827 0.027157 0.002404
v 0.328971 0.017608 -0.009271
v 0.227987 0.043292 -0.001831
v 0.272856 0.065683 0.006883
v 0.441338 0.037209 0.005295
v 0.181433 -0.043357 0.005300
v 0.278731 0.026912 -0.009227
v 0.175699 0.016785 -0.000332
v 0.236859 0.031854 0.008109
v 0.316994 0.116936 0.003677
v 0.354827 0.089350 0.005989
v 0.289919 0.072070 -0.008738
v 0.266955 -0.040781 0.009826
v 0.155574 0.085119 0.005922
v 0.172776 -0.018253 0.008641
v 0.341545 0.001134 -0.000742
v 0.422026 -0.056678 0.009914
v 0.620529 0.000396 -0.000374
v 0.140448 -0.063429 -0.002517
v 0.217541 0.076689 0.001788
v 0.290410 -0.001660 0.005023
v 0.208377 -0.025401 -0.002199
v 0.424923 0.031304 0.001186
v 0.316132 0.077521 0.002319
v 0.502351 -0.017899 0.003824
v 0.271308 0.051247 0.005307
v 0.217227 0.017420 0.010143
v 0.246630 0.068253 0.002090
v 0.581739 0.009939 0.003075
v 0.543271 0.001066 0.008430
v 0.265989 -0.068215 0.008301
v 0.279284 -0.100305 0.000801
v 0.402394 -0.094036 -0.008872
v 0.600599 0.021151 0.003604
v 0.271922 -0.062956 0.006568
v 0.428359 -0.063458 -0.006779
v 0.376332 -0.099548 -0.010323
v 0.086482 0.026969 -0.001164
v 0.357009 0.016608 -0.004596
v 0.497477 -0.034027 -0.008611
v 0.233361 -0.043208 0.004574
v 0.369430 0.083914 -0.002877
v 0.298859 0.112002 0.004346
v 0.381524 0.051392 0.006744
v 0.142560 0.067993 0.001451
v 0.142157 0.003353 0.003357
v 0.138135 -0.039772 0.001368
v 0.441935 0.017156 -0.009134
v 0.337225 0.090425 -0.005713
v 0.104953 -0.015337 -0.006471
v 0.228068 -0.107486 0.004053
v 0.212190 -0.012402 0.001262
v 0.090118 0.033175 0.002960
v 0.409730 -0.009567 0.009214
v 0.095397 0.049228 -0.004745
v 0.268754 -0.074205 -0.002909
v 0.364913 -0.112632 -0.005784
v 0.318313 0.076580 -0.001074
v 0.473455 0.001716 -0.008782
v 0.309864 -0.008336 0.004986
v 0.530560 -0.010718 -0.008937
v 0.350011 0.048668 -0.003973
v 0.288810 -0.026554 -0.000421
v 0.426893 -0.086293 0.002652
v 0.279205 0.051820 -0.008235
v 0.361945 0.069867 -0.009357
v 0.224896 0.092523 0.009314
v 0.385502 -0.093222 0.005546
v 0.199684 -0.064704 -0.008704
v 0.397457 0.008154 -0.003921
v 0.391127 -0.025015 -0.007822
v 0.512611 -0.038818 -0.004169
v 0.299596 -0.021926 0.003729
v 0.208361 -0.023707 -0.002489
v 0.550104 0.058938 -0.005605
v 0.165653 -0.057080 -0.010277
v 0.163836 0.071308 0.007979
v 0.230512 -0.047625 0.009189
v 0.388760 -0.079138 -0.003608
v 0.381726 0.035970 0.001999
v 0.576708 0.043902 -0.006434
v 0.149699 -0.042532 -0.005118
v 0.140410 0.048644 -0.001163
v 0.360752 0.107032 -0.009230
v 0.280155 0.073350 0.009655
v 0.354292 -0.066916 0.008090
v 0.367148 -0.045483 -0.004018
v 0.256283 0.060811 -0.010330
v 0.152579 -0.051077 -0.009296
v 0.094369 -0.004896 0.007533
v 0.240773 0.024951 -0.006292
v 0.558234 -0.057822 -0.003327
v 0.234824 -0.086996 0.010120
v 0.219504 -0.040506 0.001647
v 0.563887 -0.021663 -0.001707
v 0.448831 0.068905 0.006073
v 0.476572 0.014727 -0.010422
v 0.372664 0.056759 0.002602
v 0.366545 0.102605 0.009504
v 0.231952 0.089987 -0.006188
v 0.461850 0.109345 -0.002881
v 0.393398 0.009291 -0.008081
v 0.318865 0.051199 0.001799
v 0.355717 -0.025025 -0.009877
v 0.387623 0.047410 0.008093
v 0.318244 -0.068616 0.001145
v 0.367817 0.015849 0.007201
v 0.384343 -0.009257 0.003726
v 0.170035 0.073417 -0.008170
v 0.492360 -0.025897 -0.005457
v 0.433114 -0.090820 0.009264
v 0.626787 -0.017185 0.008015
v 0.401690 -0.021229 -0.007467
v 0.571826 -0.049077 -0.006475
v 0.226470 0.050857 0.002091
v 0.487020 -0.008553 -0.009530
v 0.259188 -0.034761 0.000745
v 0.389458 -0.066578 -0.009382
v 0.423948 -0.107539 0.007382
v 0.608350 -0.022288 -0.006106
v 0.517509 0.040298 0.003434
v 0.533328 0.033925 0.005277
v 0.227615 -0.067682 -0.000030
v 0.195144 0.015156 -0.002649
v 0.269077 -0.095407 -0.000109
v 0.329620 0.075481 0.008845
v 0.303716 -0.011560 -0.005890
v 0.425709 0.106662 -0.002186
v 0.259030 0.106195 0.001499
v 0.507387 -0.028938 0.001062
v 0.403931 0.025996 -0.001165
v 0.222526 0.073651 -0.000730
v 0.217652 -0.054024 -0.000681
v 0.138842 0.058269 -0.003843
v 0.262307 0.034253 -0.005590
v 0.247457 -0.056918 -0.008769
v 0.460191 -0.071791 0.003017
v 0.410238 -0.112591 -0.008433
v 0.399370 0.010176 -0.006294
v 0.402856 0.065023 -0.004143
v 0.442691 -0.090912 -0.004736
v 0.273046 -0.115254 0.010467
v 0.353606 -0.103204 0.008660
v 0.503008 0.003519 0.006768
v 0.386769 -0.074609 -0.001979
v 0.151342 -0.046773 -0.000588
v 0.106486 -0.008311 -0.007365
v 0.243333 0.034321 0.005232
v 0.151489 0.013783 0.006005
v 0.361393 -0.101884 -0.000811
v 0.390785 -0.064829 -0.006555
v 0.379509 -0.099451 -0.006099
v 0.151010 0.027726 -0.002631
v 0.261351 -0.020119 0.009310
v 0.601596 0.006567 0.007020
v 0.253038 0.065642 0.003901
v 0.147084 0.060413 0.000790
v 0.330364 0.016243 0.005993
v 0.446896 -0.022106 0.009505
v 0.242641 0.083383 0.002163
v 0.146882 -0.070044 0.010084
v 0.399663 0.071918 0.000724
v 0.384868 0.036621 0.001460
v 0.097331 0.034033 -0.008542
v 0.515061 0.054384 -0.009827
v 0.276836 -0.077800 -0.006579
v 0.598993 0.049798 -0.004540
v 0.374187 0.096904 -0.009030
v 0.538630 0.030520 -0.006892
v 0.464148 -0.059357 -0.007202
v 0.507404 0.056340 -0.000457
v 0.598496 0.049107 0.007680
v 0.436966 0.039656 -0.001424
v 0.301634 -0.080045 0.002178
v 0.549121 -0.034313 0.000052
v 0.291500 -0.057773 -0.010344
v 0.394212 0.023710 -0.002116
v 0.421850 -0.081389 0.008616
v 0.487843 -0.056009 0.001599
v 0.338015 -0.064184 0.008001
v 0.124457 0.027224 0.004445
v 0.285605 0.089811 0.006510
v 0.413350 0.053389 0.008399
v 0.330091 -0.080746 0.008627
v 0.435743 0.082690 -0.002235
v 0.479179 -0.019662 0.007781
v 0.316973 0.094043 -0.004370
v 0.552323 -0.050331 0.004671
v 0.390184 0.082520 0.010340
v 0.085902 -0.039009 -0.008893
v 0.543491 0.064511 -0.003654
v 0.215864 0.018306 0.000127
v 0.276377 0.007645 0.004084
v 0.349713 -0.074085 0.005165
v 0.458762 -0.059493 -0.010275
v 0.551494 0.075826 -0.003631
v 0.348378 -0.083547 -0.009067
v 0.218506 -0.017697 0.009450
v 0.511347 0.083861 0.007173
v 0.368009 0.014163 -0.008389
v 0.293938 0.084390 -0.002292
v 0.566173 0.049117 0.003725
v 0.445484 0.059007 -0.005950
v 0.574684 0.021172 -0.005961
v 0.265896 -0.103665 0.006542
v 0.200098 -0.078671 0.008337
v 0.229820 0.042273 -0.009399
v 0.595977 0.003091 0.005609
v 0.504527 -0.031765 -0.005491
v 0.502664 0.042326 0.010275
v 0.286122 0.044917 0.003548
v 0.398360 0.110794 0.006235
v 0.405554 -0.043019 -0.006992
v 0.270714 0.019900 -0.003630
v 0.237245 -0.019858 -0.006150
v 0.087946 -0.030120 -0.007963
v 0.387723 0.069809 -0.006854
v 0.221381 0.038928 -0.002327
v 0.280458 0.007897 0.006617
v 0.249981 -0.058956 -0.009086
v 0.380175 0.064613 0.002076
v 0.438840 -0.004058 0.000760
v 0.607761 -0.006580 -0.006899
v 0.559719 -0.023659 0.010110
v 0.273704 -0.093234 0.009920
v 0.294128 -0.064870 0.002842
v 0.467753 -0.045077 0.007383
v 0.188933 0.007783 0.002279
v 0.200990 -0.037787 0.002952
v 0.373650 0.091416 0.010256
v 0.373977 0.093647 0.008332
v 0.263077 0.096115 0.005402
v 0.299966 -0.020077 -0.002635
v 0.318516 0.044744 -0.006208
v 0.611468 0.027206 0.002060
v 0.576957 -0.034414 -0.003598
v 0.310509 0.094770 0.005470
v 0.075536 -0.015516 0.003109
v 0.339687 0.017935 0.007286
v 0.282647 0.051528 0.000826
v 0.540157 -0.054171 -0.005285
v 0.258904 -0.094003 0.002269
v 0.233232 0.046122 -0.001210
v 0.610958 0.004248 -0.009030
v 0.428874 0.089399 -0.007528
v 0.374062 0.034857 0.001945
v 0.482024 -0.101077 -0.005537
v 0.560231 0.048188 -0.003959
v 0.325467 -0.058450 -0.006795
v 0.350969 0.064101 -0.001086
v 0.253869 -0.047090 0.005907
v 0.591962 0.057022 -0.002137
v 0.441896 0.069316 0.000111
v 0.326914 -0.104167 0.006712
v 0.360652 -0.016262 -0.002490
v 0.498335 -0.082983 0.008852
v 0.259547 -0.026411 0.004760
v 0.341268 0.081625 -0.000974
v 0.195727 0.065995 -0.008989
v 0.475340 0.062224 -0.007251
v 0.361747 0.012628 0.000015
v 0.319714 -0.083117 0.008940
v 0.606649 -0.043321 -0.002664
v 0.126300 0.006303 0.001854
v 0.303643 0.012822 0.008854
v 0.192194 0.059756 -0.006421
v 0.219716 0.023624 0.008675
v 0.315319 -0.084365 -0.000239
v 0.261922 -0.092758 0.003169
v 0.565013 -0.045850 -0.005411
v 0.596574 0.023278 0.002750
v 0.245709 -0.089699 0.003052
v 0.336558 0.080781 0.003802
v 0.344147 0.093084 0.009487
v 0.366914 -0.011185 0.005690
v 0.184872 -0.090525 -0.002149
v 0.122226 -0.058696 0.000389
v 0.418284 0.072346 0.006925
v 0.347223 0.065959 0.009821
v 0.255789 -0.062305 -0.004032
v 0.127271 0.059233 0.004781
v 0.539407 0.050712 0.005811
v 0.290879 0.037591 0.005223
v 0.509835 -0.032225 -0.004030
v 0.602152 -0.008829 -0.010467
v 0.561510 0.042545 0.000524
v 0.214656 -0.084801 -0.006917
v 0.184236 0.071354 -0.006342
v 0.463021 0.106358 -0.001036
v 0.397474 -0.047531 -0.009261
v 0.450074 0.095355 -0.005054
v 0.496321 -0.044206 0.002664
v 0.164832 -0.078783 -0.007011
v 0.303939 0.071061 -0.004688
v 0.232749 0.076865 -0.000464
v 0.308551 -0.033706 -0.009218
v 0.350269 -0.010201 0.001731
v 0.436871 -0.002902 0.000469
v 0.567200 0.004250 0.010225
v 0.369286 -0.115561 -0.000562
v 0.254588 0.067172 -0.002714
v 0.565854 -0.076381 0.006654
v 0.562831 -0.035458 -0.002553
v 0.506381 0.025201 -0.003565
v 0.502997 0.047751 0.004164
v 0.309085 -0.111711 -0.007584
v 0.140688 -0.066833 -0.004631
v 0.270775 -0.102878 -0.002763
v 0.182718 -0.065940 -0.000521
v 0.246254 0.027006 0.010210
v 0.593481 -0.028513 -0.010151
v 0.311763 0.019757 0.006459
v 0.264720 0.071149 0.002242
v 0.172569 0.055127 -0.008791
v 0.107009 0.050680 0.009048
v 0.608342 -0.009154 0.008509
v 0.335030 -0.064734 -0.006403
v 0.475594 0.067761 0.001510
v 0.473683 -0.066761 -0.007815
v 0.394569 -0.063044 0.003634
v 0.100304 -0.033841 -0.006971
v 0.260140 0.013514 0.003415
v 0.357360 0.055115 0.005318
v 0.305020 -0.030269 -0.001367
v 0.326076 -0.046928 0.009008
v 0.550668 -0.060322 -0.005872
v 0.340741 0.082722 0.008348
v 0.423816 0.030888 0.000725
v 0.337044 -0.035659 0.004027
v 0.537408 -0.083467 0.005593
v 0.168782 -0.056935 -0.002583
v 0.301203 -0.100802 -0.002485
v 0.218360 -0.070060 0.007479
v 0.397532 -0.052954 -0.008071
v 0.421229 0.018754 0.005052
v 0.573055 -0.039801 -0.008062
v 0.175639 0.081878 0.009535
v 0.339842 -0.002285 -0.009200
v 0.098712 -0.024501 0.010077
v 0.278315 0.065670 0.003765
v 0.408222 -0.082836 0.002134
v 0.380658 0.074296 0.000804
v 0.246736 0.011185 0.009301
v 0.453131 -0.072416 -0.000929
v 0.264066 -0.027279 0.003472
v 0.424355 -0.095432 0.002076
v 0.249231 0.111336 -0.007907
v 0.585308 -0.001997 -0.000456
v 0.443480 -0.074319 0.004287
v 0.151792 0.083142 -0.003504
v 0.410403 -0.048608 0.004886
v 0.436837 -0.093278 -0.009396
v 0.428587 -0.037994 -0.000262
v 0.133949 0.074845 0.003344
v 0.511736 -0.097297 0.001007
v 0.229656 0.084271 0.010297
v 0.358484 -0.074954 0.000585
v 0.301841 0.097989 -0.006403
v 0.458779 -0.059135 -0.007751
v 0.353038 -0.091410 0.006407
v 0.488409 -0.081850 -0.000892
v 0.403595 0.038122 0.004115
v 0.322800 0.044154 -0.005919
v 0.347560 -0.102896 -0.010308
v 0.318029 -0.090012 0.003745
v 0.457293 -0.003333 0.009458
v 0.119594 0.048675 0.008946
v 0.577543 0.067216 -0.006728
v 0.612294 0.038465 0.003152
v 0.120396 -0.065431 0.002666
v 0.307487 0.012551 -0.005442
v 0.118347 0.007107 0.009546
v 0.251620 -0.060230 0.004028
v 0.413837 -0.093457 0.005832
v 0.499211 -0.072630 -0.004720
v 0.253029 -0.059685 -0.007980
v 0.520032 0.041648 0.003545
v 0.307591 -0.001115 0.001533
v 0.218499 -0.027667 0.005153
v 0.382771 -0.049097 -0.000332
v 0.236619 -0.062318 0.001500
v 0.407227 0.017688 0.008586
v 0.383753 -0.049529 0.006570
v 0.557189 0.011074 0.000765
v 0.424551 -0.077553 0.000397
v 0.146177 -0.051454 0.006091
v 0.522786 0.073208 0.009779
v 0.445219 -0.030599 0.002081
v 0.438867 0.080855 0.006311
v 0.421928 0.030078 -0.006169
v 0.461172 0.076354 0.007380
v 0.620498 0.025917 0.000129
v 0.214782 0.066944 -0.001616
v 0.352438 -0.000375 -0.004187
v 0.540388 -0.028675 0.005939
v 0.249092 -0.067354 0.001619
v 0.281551 -0.081645 0.010206
v 0.227060 0.070527 -0.006093
v 0.556021 0.063314 -0.005521
v 0.408150 0.060784 0.006985
v 0.559546 -0.024615 -0.005963
v 0.286478 0.033304 0.002569
v 0.476231 0.027291 -0.002483
v 0.495633 -0.043189 -0.008752
v 0.345205 0.078235 0.004085
v 0.277509 -0.007130 0.004886
v 0.583630 -0.002920 -0.006455
v 0.192387 0.070019 0.006731
v 0.206633 -0.047626 -0.007277
v 0.534174 -0.003748 -0.009956
v 0.287983 -0.020247 -0.007883
v 0.509771 0.056639 -0.009115
v 0.242639 -0.055745 -0.003496
v 0.312003 0.110663 -0.005759
v 0.521626 0.004564 0.009844
v 0.284396 0.026861 0.008938
v 0.457505 0.091461 -0.004062
v 0.434913 -0.075671 0.000608
v 0.270218 -0.106267 0.001082
v 0.143054 -0.071025 -0.006914
v 0.514985 -0.024701 -0.003251
v 0.334944 -0.117888 0.000665
v 0.136189 -0.061952 -0.000486
v 0.368981 0.008402 0.000285
v 0.405693 0.035355 -0.002545
v 0.344112 -0.027475 0.004734
v 0.582500 -0.016103 -0.005269
v 0.167406 -0.063671 -0.006655
v 0.599266 -0.009255 0.000047
v 0.320417 0.077454 0.009275
v 0.535657 -0.073424 -0.004091
v 0.520969 -0.090964 -0.001963
v 0.317714 0.033265 -0.008831
v 0.315808 -0.115721 -0.007033
v 0.575882 0.036519 0.001137
v 0.088445 0.005039 0.009705
v 0.172647 0.039342 0.004847
v 0.150699 0.010978 0.010457
v 0.528420 -0.064827 -0.001985
v 0.150981 -0.076431 0.005164
v 0.297594 -0.098045 0.005243
v 0.358730 0.103089 0.009468
v 0.466856 -0.100840 0.000590
v 0.181159 -0.059247 0.009758
v 0.229920 -0.100256 0.000494
v 0.361973 0.032487 0.007128
v 0.077743 -0.010057 -0.001623
v 0.225962 0.050492 -0.008122
v 0.470018 -0.030837 0.000822
v 0.257384 0.043874 0.045783
v 0.212565 0.138183 0.054999
v 0.128941 0.061395 0.045901
v 0.452469 0.045593 0.056840
v 0.433321 0.102881 0.052473
v 0.080937 0.090125 0.052426
v 0.168574 0.147720 0.039608
v 0.340667 0.051899 0.046945
v 0.405409 0.134900 0.041280
v 0.138155 0.080626 0.042101
v 0.137373 0.088593 0.053289
v 0.273832 0.159456 0.045785
v 0.139886 0.107143 0.056542
v 0.391328 0.135005 0.057127
v 0.335093 0.145550 0.048613
v 0.081932 0.171462 0.043668
v 0.268310 0.107215 0.047785
v 0.237343 -0.028969 0.042867
v 0.308556 0.163700 0.053470
v 0.229480 0.162340 0.051053
v 0.320361 -0.011640 0.046323
v 0.271232 -0.027370 0.050039
v 0.475493 0.033946 0.047666
v 0.318447 0.109925 0.039944
v 0.358216 0.155195 0.055615
v 0.267018 0.183329 0.046685
v 0.485304 0.069653 0.048621
v 0.199581 0.165944 0.055479
v 0.249035 0.131709 0.050236
v 0.248309 0.189928 0.057648
v 0.386654 0.082700 0.056733
v 0.322441 0.180462 0.056509
v 0.187522 0.003778 0.043305
v 0.462542 0.080536 0.052824
v 0.260643 0.128134 0.040306
v 0.516888 0.077879 0.048452
v 0.184669 0.060673 0.040570
v 0.118045 0.121395 0.052800
v 0.266389 0.153957 0.049563
v 0.023242 0.078889 0.045890
v 0.229597 0.147950 0.046872
v 0.109655 0.118264 0.040499
v 0.309319 0.091815 0.055140
v 0.293011 0.164959 0.058578
v 0.344537 0.115377 0.059415
v 0.146370 0.134900 0.041535
v 0.454709 0.092495 0.057601
v 0.129743 0.175009 0.047089
v 0.284144 -0.000989 0.047303
v 0.172224 0.040310 0.047565
v 0.324271 0.056638 0.055094
v 0.403483 0.147915 0.058656
v 0.178398 0.041661 0.054298
v 0.315865 0.070037 0.050978
v 0.116064 0.170133 0.060283
v 0.318100 0.182132 0.040420
v 0.321888 0.167982 0.044803
v 0.432763 0.007493 0.058543
v 0.509139 0.067183 0.048918
v 0.193011 -0.027268 0.040922
v 0.011515 0.141277 0.050081
v 0.462177 0.097579 0.054131
v 0.288639 0.103383 0.051390
v 0.311697 -0.011238 0.055055
v 0.062214 0.144475 0.057775
v 0.359586 0.076169 0.055265
v 0.062943 0.155334 0.047918
v 0.231313 0.135868 0.042860
v 0.294439 0.182975 0.057962
v 0.295224 0.006496 0.054363
v 0.095166 0.074483 0.044127
v 0.193538 -0.001266 0.043093
v 0.378574 0.101409 0.040321
v 0.404671 0.175329 0.058972
v 0.215609 0.190675 0.052991
v 0.249071 0.193741 0.050726
v 0.412530 0.085475 0.052208
v 0.192515 0.110224 0.054315
v 0.020869 0.053784 0.048075
v 0.125516 0.040782 0.040703
v 0.349775 -0.014861 0.044105
v 0.362401 0.073918 0.059904
v -0.021915 0.057219 0.055842
v 0.264894 0.046419 0.055161
v 0.080528 0.150390 0.057771
v 0.109375 0.018302 0.056654
v 0.274116 0.146012 0.051715
v 0.333698 -0.012495 0.042768
v 0.274830 0.186446 0.047241
v 0.317504 0.063670 0.043312
v 0.350710 0.187131 0.043466
v 0.008765 0.090955 0.053099
v 0.359517 0.091240 0.043232
v 0.075676 0.142566 0.040959
v 0.372185 0.110846 0.058592
v 0.334604 0.077824 0.050562
v 0.210873 -0.021866 0.052169
v 0.218481 0.096843 0.056858
v 0.266455 -0.011139 0.040419
v 0.248330 0.119546 0.042495
v 0.224833 0.074848 0.059794
v 0.335576 0.074555 0.054959
v 0.123313 0.170616 0.043749
v 0.039009 0.095898 0.048831
v 0.331196 0.143931 0.042745
v 0.466209 0.119184 0.052677
v 0.429474 0.160983 0.041659
v 0.189519 0.167005 0.057066
v 0.415561 0.173997 0.040004
v 0.151066 0.105214 0.053263
v 0.287112 0.196069 0.047580
v 0.437180 0.012472 0.041861
v 0.292479 0.119698 0.041636
v 0.408459 0.065208 0.052430
v 0.445515 0.162911 0.058817
v 0.419995 0.027941 0.043239
v 0.034635 0.067165 0.053768
v 0.381671 0.164236 0.045833
v 0.315557 0.020310 0.041682
v 0.444433 0.035815 0.059091
v 0.335411 -0.009078 0.041104
v 0.517933 0.086440 0.042622
v 0.159127 0.028482 0.047703
v 0.203045 -0.019785 0.049547
v 0.441577 0.122293 0.059651
v 0.232501 0.120366 0.060390
v 0.319608 0.152594 0.046206
v 0.040522 0.130871 0.048193
v 0.291134 0.018129 0.056345
v 0.168689 0.035857 0.048292
v 0.042954 0.086449 0.050682
v 0.322808 0.017796 0.051700
v 0.059791 0.127872 0.054063
v 0.244955 -0.015762 0.044439
v 0.526588 0.087007 0.039860
v -0.008290 0.042742 0.058839
v 0.401523 0.110787 0.057324
v 0.417169 0.004196 0.045689
v 0.407117 0.172073 0.059908
v 0.365257 0.054121 0.056884
v 0.345090 0.100170 0.059703
v 0.198418 0.014190 0.040053
v 0.414060 0.068855 0.054229
v 0.207852 0.057036 0.057086
v 0.280895 0.069697 0.047170
v 0.315838 0.100716 0.051453
v 0.289708 0.042092 0.043331
v 0.237687 -0.018854 0.054170
v 0.192510 0.158138 0.046584
v 0.293246 -0.013264 0.045522
v 0.394009 0.178370 0.040175
v 0.248901 -0.000277 0.039728
v 0.362105 -0.001041 0.057896
v 0.007091 0.048377 0.058802
v 0.011679 0.083664 0.048397
v 0.400147 0.183506 0.050452
v 0.345584 0.078984 0.043949
v 0.151452 0.046666 0.043358
v 0.242220 -0.004862 0.057176
v 0.325315 0.009800 0.046077
v 0.087497 -0.000065 0.042961
v 0.321543 -0.006276 0.043589
v 0.308165 0.105929 0.052167
v 0.274236 0.068346 0.045426
v 0.178353 0.076933 0.052039
v 0.253864 0.018191 0.051086
v 0.214986 0.068358 0.045153
v 0.455658 0.071677 0.051339
v 0.262452 0.060020 0.046106
v 0.271663 0.081013 0.046990
v 0.211766 0.159007 0.043593
v 0.250248 -0.017365 0.059951
v 0.221878 0.049051 0.048053
v 0.242710 0.046771 0.056457
v 0.373397 0.159308 0.047524
v 0.026155 0.027657 0.045593
v 0.357992 0.151380 0.058089
v 0.445203 0.141118 0.058072
v 0.327509 -0.005947 0.055645
v 0.393238 0.184728 0.050342
v 0.217363 -0.011134 0.059035
v 0.112672 0.174132 0.046619
v 0.081967 0.170255 0.048549
v 0.437983 0.017899 0.047640
v 0.303458 0.175485 0.041075
v 0.375166 0.162608 0.049948
v 0.283136 0.042187 0.057780
v -0.016131 0.050378 0.055910
v 0.320821 0.104022 0.046088
v 0.350481 0.065440 0.045382
v 0.192838 0.111988 0.043263
v 0.267029 0.024485 0.049438
v 0.237563 0.197128 0.053156
v 0.310114 0.117483 0.051443
v 0.499010 0.112236 0.047920
v 0.414488 -0.005060 0.042209
v 0.075200 0.166790 0.059493
v 0.085315 0.155515 0.050125
v 0.226394 0.196772 0.053834
v 0.084300 0.018668 0.055062
v 0.255750 0.193542 0.039667
v 0.338549 0.033254 0.042822
v 0.186494 0.104026 0.047653
v 0.164262 0.093468 0.049283
v 0.081371 -0.003992 0.049262
v 0.453022 0.137563 0.058767
v 0.464369 0.035632 0.043689
v 0.172619 0.144345 0.060425
v 0.013709 0.093502 0.049501
v 0.237772 0.107960 0.042771
v 0.027426 0.102864 0.046224
v 0.460378 0.103045 0.047486
v 0.402596 0.056807 0.048532
v 0.183281 0.089493 0.057728
v 0.468831 0.055764 0.045167
v 0.194214 0.058729 0.040954
v 0.120960 0.121671 0.054456
v 0.387532 0.021968 0.053563
v 0.232349 0.194022 0.041441
v 0.380950 0.044191 0.055317
v 0.332140 0.145790 0.048301
v 0.017847 0.100124 0.042874
v 0.192670 0.017357 0.054051
v 0.226084 0.092525 0.055945
v 0.183482 0.065670 0.053527
v 0.128991 0.039216 0.060214
v 0.471287 0.046157 0.054971
v 0.203399 0.127400 0.049132
v 0.403800 0.174061 0.041886
v 0.422816 0.070507 0.050435
v 0.435384 0.086714 0.056983
v 0.379605 0.141987 0.059859
v 0.354625 0.117100 0.060060
v 0.066058 0.127487 0.042988
v 0.128815 0.134104 0.059500
v 0.456804 0.068757 0.039802
v 0.261386 0.070793 0.058330
v -0.013320 0.083388 0.054186
v 0.135307 0.019623 0.048118
v 0.123964 0.155627 0.050487
v 0.256408 0.044628 0.043192
v 0.141445 0.106805 0.051993
v 0.080735 0.065175 0.057247
v 0.177745 0.011324 0.045448
v 0.051602 0.005643 0.057497
v 0.498748 0.081715 0.041680
v 0.117869 0.008772 0.048137
v 0.004783 0.087203 0.058972
v 0.398651 0.131736 0.051706
v 0.395089 0.098009 0.048333
v 0.279503 0.164592 0.047503
v 0.311846 0.162320 0.042113
v 0.509659 0.061670 0.048172
v 0.348063 -0.006127 0.055064
v 0.418675 0.088361 0.044203
v 0.192451 0.194898 0.045054
v 0.379257 -0.006036 0.048209
v 0.261578 0.198546 0.048206
v 0.356623 0.089431 0.047363
v 0.350677 -0.014408 0.052099
v 0.107763 0.185977 0.060349
v 0.261661 0.203096 0.043546
v 0.090561 -0.001217 0.056328
v 0.158760 0.064611 0.052862
v 0.363010 0.077761 0.058488
v 0.063396 0.076254 0.041591
v 0.310320 0.004006 0.052760
v 0.302436 -0.022781 0.052674
v 0.234114 0.173898 0.059423
v 0.271982 0.119964 0.048686
v 0.098762 0.017915 0.040084
v 0.176721 -0.026218 0.041154
v 0.069152 0.154482 0.042242
v 0.034326 0.112201 0.047021
v 0.264610 0.198325 0.045735
v 0.112242 0.071737 0.055881
v 0.302677 -0.017783 0.053344
v 0.205193 0.199461 0.052676
v 0.109980 0.015069 0.041672
v 0.038432 0.108381 0.041749
v 0.193843 0.196000 0.041448
v 0.079272 0.087461 0.057105
v 0.095680 0.138127 0.039961
v 0.492933 0.137270 0.041103
v 0.181686 0.016968 0.046085
v 0.458616 0.026067 0.043276
v 0.365604 0.088082 0.051413
v 0.208570 0.071635 0.059994
v 0.442115 0.081570 0.052394
v 0.140772 0.071102 0.055076
v 0.357595 0.061397 0.040121
v 0.445694 0.097236 0.042699
v 0.311057 0.054675 0.044056
v 0.186038 0.134562 0.054783
v 0.382107 0.061946 0.049613
v 0.405708 0.064332 0.051081
v 0.181044 0.184452 0.049912
v 0.070972 0.078824 0.043554
v 0.355496 0.172892 0.058134
v 0.213431 0.158634 0.051757
v 0.263612 0.018226 0.056176
v 0.434858 0.060844 0.058040
v 0.032729 0.132673 0.056634
v 0.091184 0.019601 0.048516
v 0.091273 0.054805 0.052787
v 0.352787 0.104135 0.040209
v 0.033533 0.078299 0.045663
v 0.351703 -0.000555 0.059768
v 0.218458 0.101477 0.043278
v 0.137683 0.180636 0.047013
v 0.451205 0.127720 0.047311
v 0.265543 0.043606 0.046190
v 0.407683 0.089563 0.049273
v 0.321928 -0.024345 0.051294
v 0.084022 0.146155 0.050573
v 0.365322 0.122979 0.052266
v 0.440473 0.010407 0.041071
v 0.389517 0.036190 0.055380
v 0.182038 0.146683 0.043640
v 0.311798 0.004722 0.060295
v 0.160686 0.104929 0.043094
v 0.167020 0.150609 0.051605
v 0.198433 0.178804 0.057478
v 0.514066 0.076190 0.045472
v 0.344252 0.020973 0.058312
v 0.295685 0.073163 0.053040
v 0.325750 0.100496 0.056353
v 0.222942 0.022848 0.055328
v 0.078245 0.137311 0.046077
v 0.113828 0.036041 0.054126
v -0.000026 0.115974 0.059810
v 0.371252 0.135556 0.052478
v 0.307692 0.089655 0.039718
v 0.373116 0.126690 0.053940
v 0.141280 0.104319 0.043514
v 0.386484 0.042861 0.058460
v 0.517524 0.077254 0.057728
v 0.232397 0.190972 0.041827
v 0.319999 0.074135 0.046416
v 0.055830 0.014475 0.045168
v 0.297360 0.123929 0.049175
v 0.429803 0.164264 0.055314
v 0.457067 0.008430 0.048179
v 0.154963 0.098630 0.050579
v 0.046519 0.038983 0.060003
v 0.142973 0.177147 0.044242
v 0.234278 0.149920 0.041239
v 0.003372 0.044555 0.053349
v 0.235744 0.030636 0.041138
v 0.315147 0.079654 0.039776
v 0.300982 0.190970 0.043446
v 0.348779 0.118323 0.051901
v -0.008037 0.065638 0.055470
v 0.176027 0.159686 0.042734
v -0.020113 0.081601 0.044094
v 0.066417 0.174401 0.057725
v 0.001079 0.075898 0.043447
v 0.227743 0.132736 0.045950
v 0.401653 0.014345 0.042593
v 0.419662 0.012165 0.044552
v 0.342746 0.052813 0.040100
v 0.148440 0.016179 0.045077
v 0.320264 0.069434 0.048561
v 0.363491 0.153845 0.050166
v 0.385597 0.105391 0.041554
v 0.105005 0.002318 0.048374
v 0.198982 0.158110 0.051975
v 0.054149 0.069282 0.048605
v 0.153129 -0.002737 0.059638
v 0.259749 0.112011 0.040249
v 0.240196 0.115487 0.041622
v 0.279977 0.178326 0.054532
v 0.178144 0.108844 0.054912
v 0.352911 0.042172 0.043820
v 0.284237 0.015876 0.045548
v 0.050217 0.026371 0.041479
v 0.013192 0.082808 0.049512
v 0.156664 0.192282 0.044511
v 0.218133 0.113868 0.043434
v 0.332747 0.058259 0.039767
v 0.087711 0.095874 0.043228
v 0.240744 0.118021 0.053763
v 0.377697 0.011099 0.059860
v 0.077933 0.043005 0.044698
v 0.443345 0.153750 0.051413
v 0.502938 0.078250 0.050531
v 0.300715 0.124733 0.041472
v 0.166673 0.181814 0.049005
v 0.220950 -0.033990 0.044904
v 0.079098 0.090992 0.039785
v 0.105663 0.165673 0.058219
v 0.287273 -0.024917 0.058446
v 0.169970 0.062048 0.053901
v 0.241987 0.067738 0.060051
v 0.388264 0.008336 0.042474
v 0.109086 0.085661 0.055061
v 0.412994 0.072836 0.055132
v 0.342037 0.194886 0.052913
v 0.503570 0.060649 0.053755
v 0.398780 0.037258 0.059624
v 0.105321 0.074453 0.053760
v 0.380980 0.036297 0.048263
v 0.403102 0.082314 0.040363
v 0.084740 0.076007 0.052360
v 0.074880 0.117718 0.059831
v 0.287021 0.022675 0.059859
v 0.015662 0.085523 0.049293
v 0.408983 0.180402 0.052600
v 0.168380 0.028081 0.045553
v 0.258247 0.070596 0.040360
v 0.203074 0.175285 0.040617
v 0.184378 0.158779 0.053365
v 0.387887 0.085095 0.046855
v 0.193640 0.193652 0.053472
v 0.260539 0.037935 0.041306
v 0.211301 0.203599 0.043631
v 0.179072 0.067457 0.044096
v 0.083107 0.096839 0.056546
v 0.128883 0.025682 0.059805
v 0.364248 0.120323 0.045842
v 0.169182 0.168483 0.053757
v 0.153846 0.166798 0.053850
v 0.279664 0.126850 0.051140
v 0.221653 0.118170 0.051400
v 0.104294 0.020870 0.047395
v 0.379110 0.029093 0.042411
v 0.101099 0.108830 0.059132
v 0.202868 0.004984 0.048481
v 0.090053 0.121667 0.040081
v -0.007942 0.042376 0.048339
v 0.255567 -0.009206 0.045850
v 0.256744 0.170643 0.042173
v 0.044649 0.060619 0.045660
v 0.253368 0.009700 0.047962
v 0.498919 0.088885 0.057873
v 0.184241 0.091772 0.040649
v 0.356099 0.000050 0.046503
v 0.371029 0.122014 0.049611
v 0.213712 0.110678 0.055050
v 0.137393 -0.006911 0.040613
v 0.277105 0.128610 0.055049
v 0.115160 0.086526 0.053689
v 0.339517 0.032153 0.046029
v 0.269924 0.084197 0.049684
v 0.211348 0.047277 0.039501
v 0.170065 0.059517 0.041534
v 0.302076 0.164065 0.056987
v 0.185506 0.094640 0.042058
v 0.018352 0.151990 0.056726
v 0.360305 0.010455 0.056755
v 0.138925 -0.016189 0.052460
v 0.044025 0.124321 0.043381
v 0.342279 -0.003562 0.043086
v 0.236650 -0.003751 0.049499
v 0.190545 0.179810 0.059641
v 0.018915 0.089186 0.047715
v 0.217856 0.047646 0.048255
v 0.205785 0.093983 0.049099
v 0.220454 0.079907 0.045858
v 0.085438 -0.004808 0.052517
v 0.504648 0.115101 0.059719
v 0.014218 0.105290 0.045315
v 0.413862 0.076642 0.057473
v 0.082147 0.083425 0.054331
v 0.193262 0.103925 0.053274
v 0.105670 0.166477 0.046625
v 0.193590 -0.019046 0.045345
v 0.259683 0.019013 0.047773
v 0.441895 0.036395 0.047407
v 0.023762 0.102051 0.051597
v 0.468844 0.038313 0.050534
v 0.357024 0.134481 0.059559
v 0.120301 0.161797 0.047979
v 0.495713 0.115708 0.042843
v 0.322464 0.107148 0.059119
v 0.006079 0.100299 0.060108
v 0.333688 -0.010987 0.044469
v 0.341889 0.055379 0.058242
v 0.254115 0.007131 0.040852
v 0.175220 0.058601 0.057283
v 0.466919 0.131203 0.052237
v 0.392638 -0.012252 0.046244
v 0.193008 0.014905 0.060266
v 0.135557 0.060872 0.044802
v 0.109118 0.109410 0.043725
v 0.380024 0.177010 0.056482
v 0.323256 0.170456 0.052711
v 0.185700 0.037633 0.056510
v 0.379040 0.040142 0.048069
v 0.175568 0.075565 0.043391
v 0.213954 -0.028777 0.052987
v -0.007900 0.087483 0.051478
v 0.083597 0.096551 0.052488
v 0.150511 0.068790 0.040910
v 0.093273 0.117225 0.040988
v 0.465897 0.134899 0.045763
v 0.346688 0.123747 0.052131
v 0.182972 0.134465 0.059253
v 0.371462 0.056624 0.054269
v 0.485410 0.131242 0.059830
v 0.436860 0.126063 0.057417
v 0.427589 0.049598 0.047884
v 0.466679 0.119776 0.041828
v -0.016252 0.105695 0.045024
v 0.407405 0.097917 0.044979
v 0.123453 0.175332 0.042425
v 0.018043 0.054880 0.058908
v 0.111558 -0.011342 0.044448
v 0.491999 0.136526 0.058491
v 0.176320 -0.015616 0.040243
v 0.518453 0.070965 0.052061
v 0.187021 0.062739 0.051080
v 0.384996 0.064303 0.040377
v 0.442007 0.103818 0.053157
v 0.107314 0.112426 0.057347
v 0.287832 0.081719 0.040662
v 0.284770 -0.022051 0.050718
v 0.395204 0.008615 0.054996
v 0.186998 0.075978 0.055579
v 0.185791 0.010766 0.048464
v 0.367589 0.145327 0.058340
v 0.416255 0.076884 0.043567
v 0.185388 0.096068 0.044373
v 0.134202 0.054630 0.055197
v 0.437957 0.015872 0.051429
v 0.281609 0.084019 0.054616
v 0.277200 0.054176 0.042161
v 0.272217 0.107596 0.046843
v 0.169857 0.035759 0.045641
v 0.095255 0.033504 0.042070
v 0.371549 0.112707 0.050917
v 0.007524 0.088131 0.046996
v 0.360646 0.056213 0.054476
v 0.478249 0.046719 0.045646
v 0.131824 0.013233 0.045118
v 0.183455 0.004252 0.040634
v 0.438124 0.025826 0.052559
v 0.223984 0.138048 0.042380
v 0.380394 0.076175 0.055080
v 0.289179 0.155868 0.056644
v 0.421341 0.177213 0.054165
v 0.136535 0.019484 0.041899
v 0.196045 0.085004 0.045337
v 0.057339 0.157450 0.041274
v 0.207743 0.176995 0.049903
v 0.360496 0.028342 0.040433
v 0.280505 0.134406 0.048553
v 0.393896 0.106230 0.050873
v 0.221460 0.100660 0.052284
v 0.458097 0.013161 0.058556
v 0.327031 -0.000866 0.055402
v 0.109590 0.176768 0.048616
v 0.032732 0.129907 0.054944
v 0.334124 0.098781 0.047650
v 0.206134 -0.012351 0.057529
v 0.423821 0.053815 0.051525
v 0.064079 0.048883 0.042914
v 0.069900 0.155171 0.058918
v 0.270808 0.095750 0.056291
v 0.325522 0.074211 0.044749
v 0.090662 0.066328 0.047787
v 0.121556 0.036941 0.053344
v 0.298484 -0.020930 0.052268
v 0.397411 0.148548 0.046241
v 0.236703 0.135381 0.049217
v 0.069727 0.115066 0.059784
v -0.007810 0.098530 0.044075
v 0.500615 0.126693 0.045305
v 0.126795 0.041882 0.040845
v 0.352100 0.179826 0.045299
v 0.315421 0.053478 0.052737
v 0.380305 0.160075 0.040541
v 0.288825 0.100363 0.053873
v 0.383988 0.014652 0.040381
v 0.233425 0.055881 0.054506
v 0.239409 0.145641 0.053746
v 0.351543 0.029182 0.054585
v 0.113880 0.042932 0.041127
v 0.059669 0.114512 0.044477
v 0.169270 0.149844 0.056777
v 0.053705 0.133288 0.057893
v 0.347072 0.138525 0.056051
v 0.156444 0.150843 0.053192
v -0.024105 0.106538 0.052560
v 0.279078 0.106279 0.059036
v 0.285545 0.074769 0.052290
v 0.318851 0.004728 0.055898
v 0.034255 0.080150 0.046725
v 0.303364 0.191572 0.040185
v 0.221800 0.011596 0.060454
v 0.316074 0.100641 0.059146
v 0.279084 0.168918 0.051563
v 0.074692 0.061697 0.054894
v 0.364549 0.013560 0.040580
v 0.047772 0.099886 0.048761
v 0.216705 0.193777 0.045654
v 0.252665 0.143974 0.055621
v 0.125199 0.146635 0.055212
v 0.350367 0.123930 0.054889
v 0.370438 0.035512 0.046892
v -0.020127 0.080784 0.053220
v 0.099401 0.035484 0.048296
v 0.016675 0.038803 0.042131
v 0.007621 0.060094 0.048060
v 0.157830 0.062208 0.044966
v 0.211458 0.150282 0.041212
v 0.003331 0.141506 0.051596
v 0.081994 0.006778 0.058397
v 0.272363 0.074378 0.042037
v 0.229983 0.173901 0.059033
v 0.243019 0.042233 0.040216
v 0.036156 0.126489 0.060289
v 0.423088 0.167432 0.058791
v 0.384909 0.044427 0.047949
v 0.026186 0.049395 0.042000
v 0.459641 0.016520 0.051921
v 0.039975 0.004814 0.040450
v 0.235704 0.013537 0.048927
v 0.089656 0.128454 0.057031
v 0.200225 0.165227 0.042327
v 0.346994 0.180827 0.058743
v 0.322195 0.071383 0.058308
v 0.105781 0.044382 0.053137
v 0.112813 0.139482 0.050182
v 0.015955 0.023547 0.041535
v 0.199550 0.151860 0.051347
v 0.417828 0.029898 0.057225
v 0.104984 0.115159 0.046190
v 0.293553 0.125746 0.056594
v 0.220628 -0.033941 0.043924
v 0.036674 0.073938 0.052425
v 0.368668 0.122320 0.041990
v 0.219795 0.163463 0.058092
v 0.183268 0.196465 0.060265
v 0.253355 -0.030502 0.053495
v 0.328039 0.127123 0.057115
v 0.248903 0.065017 0.058453
v 0.446703 0.062850 0.056279
v 0.502740 0.089437 0.040041
v 0.326341 0.196298 0.051494
v 0.224794 -0.001207 0.056952
v 0.221657 0.123009 0.054333
v 0.352157 0.018617 0.048578
v 0.226154 0.196052 0.060355
v 0.236485 0.044173 0.046928
v 0.466732 0.135794 0.054775
v 0.154616 0.160467 0.045298
v 0.110798 0.021978 0.055818
v 0.205376 0.019987 0.058919
v 0.000465 0.131952 0.056178
v 0.141753 0.185168 0.053384
v 0.285462 0.069096 0.052824
v 0.350948 0.087075 0.047400
v 0.462753 0.050430 0.045071
v 0.394116 0.173004 0.054905
v 0.222109 0.137209 0.057893
v 0.494447 0.051075 0.055238
v 0.320090 0.085478 0.051212
v 0.277919 0.133789 0.048281
v 0.233319 0.158604 0.051762
v 0.121147 0.021283 0.053296
v 0.312741 0.144345 0.044370
v 0.196484 0.165519 0.056232
v 0.117090 0.129792 0.049600
v 0.324605 0.107782 0.057999
v 0.252165 0.020567 0.059857
v 0.143522 0.171764 0.041932
v 0.093232 0.099745 0.041884
v 0.170602 -0.010350 0.055747
v -0.002380 0.095832 0.049773
v 0.132011 0.115393 0.045610
v -0.016344 0.079530 0.055939
v 0.475739 0.124156 0.044994
v 0.175284 0.153251 0.048781
v 0.032427 0.152993 0.045135
v 0.225186 0.015554 0.056689
v 0.183065 0.156540 0.051523
v 0.311151 0.132021 0.052631
v 0.455112 0.054623 0.046423
v 0.216256 0.074476 0.054667
v 0.274691 0.050740 0.054299
v 0.456331 0.029794 0.051111
v 0.134072 0.013397 0.047104
v 0.282803 0.129926 0.050750
v 0.332779 0.040510 0.056327
v 0.383958 0.048072 0.044028
v 0.219113 -0.030855 0.040258
v 0.516862 0.099458 0.041653
v 0.091246 0.134841 0.042796
v 0.204816 0.139421 0.055721
v 0.249959 0.147481 0.042096
v 0.295615 -0.010071 0.042255
v 0.238832 0.022610 0.041283
v 0.460238 0.130513 0.055510
v 0.218184 0.092240 0.056935
v 0.161220 0.056222 0.054953
v 0.280144 0.033845 0.052220
v 0.186809 0.147983 0.050259
v 0.392481 0.094068 0.043756
v 0.227180 0.181659 0.049399
v 0.225602 0.120238 0.059805
v 0.066944 0.053656 0.058561
v 0.112006 0.072560 0.039861
v 0.071843 0.086255 0.047327
v 0.159259 0.073459 0.044205
v 0.421847 0.073109 0.044374
v 0.103821 0.150567 0.052999
v 0.122745 0.178668 0.059992
v 0.342604 0.112702 0.057661
v 0.107783 0.088691 0.042468
v 0.104158 0.029668 0.054684
v 0.124158 0.061331 0.055616
v 0.245500 0.151817 0.046595
v 0.340303 0.140048 0.051372
v 0.230089 0.089816 0.053998
v 0.255387 -0.022068 0.050957
v 0.160289 0.174253 0.046259
v 0.196162 0.001643 0.057532
v 0.327307 0.083295 0.041706
v 0.193691 0.015008 0.055395
v 0.374558 0.173213 0.042990
v -0.007608 0.130056 0.040320
v 0.144676 0.107589 0.056366
v 0.005947 0.093200 0.050989
v 0.124424 0.123473 0.048645
v 0.173740 0.195656 0.053710
v 0.030075 0.071604 0.047304
v 0.185693 0.048295 0.050488
v 0.309411 0.175060 0.054504
v 0.108180 0.077547 0.049220
v 0.495714 0.039768 0.054623
v 0.309282 0.049533 0.050512
v 0.260765 0.074410 0.048242
v 0.289974 0.110031 0.060016
v 0.201533 0.132963 0.054075
v 0.090894 0.068637 0.040783
v 0.138871 0.094129 0.046860
v 0.123458 0.064132 0.052705
v 0.379401 0.057324 0.056736
v 0.392143 0.017229 0.045921
v 0.121363 0.031138 0.044850
v 0.027632 0.060017 0.041127
v 0.385205 0.168745 0.045380
v 0.240215 0.123111 0.056235
v 0.038385 0.030078 0.046433
v 0.277148 -0.006611 0.045322
v 0.339566 -0.019980 0.053538
v 0.134286 0.093035 0.055951
v 0.331911 0.082368 0.056370
v 0.316314 0.123625 0.057867
v 0.129637 0.186591 0.040596
v 0.062324 0.079006 0.053462
v 0.155259 0.159973 0.041963
v 0.087632 0.057656 0.047596
v 0.093153 0.095551 0.050462
v -0.010790 0.063243 0.057186
v 0.509110 0.052553 0.057006
v 0.185779 -0.021894 0.051270
v -0.000737 0.091483 0.053893
v 0.074821 0.056675 0.046812
v 0.414675 0.096338 0.049288
v 0.132407 -0.004912 0.043989
v -0.012710 0.040869 0.059228
v 0.159888 0.119032 0.055200
v 0.433239 0.090199 0.050546
v 0.403386 0.087211 0.041476
v 0.151667 0.129212 0.058853
v 0.207329 0.071193 0.045274
v 0.189332 0.088203 0.054105
v 0.243261 0.179724 0.059894
v 0.363144 -0.015012 0.058979
v 0.470092 0.083193 0.049796
v -0.010783 0.103492 0.055262
v 0.266808 0.062911 0.040106
v 0.333770 0.055895 0.054960
v 0.317457 0.053285 0.048311
v 0.285023 0.061437 0.052887
v 0.328289 0.099152 0.050926
v 0.370202 0.079349 0.052394
v 0.502290 0.096336 0.057313
v 0.151824 0.177228 0.058520
v 0.014911 0.024332 0.050343
v 0.413014 0.057046 0.057092
v 0.212968 0.058086 0.056826
v 0.008437 0.083871 0.041263
v 0.109711 0.106785 0.043672
v 0.131106 0.083139 0.055183
v 0.255825 0.079051 0.045249
v 0.150748 0.141404 0.051432
v 0.177731 -0.000349 0.049223
v 0.310249 0.108948 0.054821
v 0.332167 0.169679 0.059781
v 0.273567 -0.021132 0.044068
v 0.191210 0.109115 0.054710
v 0.252748 0.194635 0.052989
v 0.347173 0.054416 0.055372
v 0.290937 0.105378 0.054324
v 0.293350 0.125298 0.046126
v 0.265767 0.136325 0.058055
v 0.314718 0.143307 0.054149
v 0.229602 0.168493 0.051653
v 0.116940 0.163032 0.048943
v 0.073887 0.004594 0.040271
v 0.335745 0.020641 0.050797
v 0.304891 0.182353 0.046785
v 0.340790 -0.014482 0.043856
v 0.185664 0.003907 0.056927
v 0.270662 0.050093 0.055742
v 0.237609 0.166809 0.040160
v 0.417620 0.149378 0.043415
v 0.384401 0.155614 0.047318
v 0.092865 0.148740 0.040211
v 0.180552 -0.005930 0.057756
v 0.429028 0.088717 0.046529
v 0.194439 0.054421 0.058676
v 0.181242 0.161771 0.043409
v 0.497018 0.099559 0.049085
v 0.083460 0.048496 0.047886
v 0.318430 0.032770 0.047338
v 0.126507 0.169013 0.045804
v 0.505355 0.064322 0.055527
v 0.409411 0.035008 0.048341
v 0.288694 -0.031015 0.047916
v 0.444662 0.100179 0.058869
v 0.455648 0.007777 0.059300
v 0.335344 0.197037 0.055289
v 0.358200 0.135311 0.059658
v 0.400503 0.072482 0.055582
v 0.307775 0.007795 0.042972
v 0.355019 0.085097 0.058042
v 0.222350 0.117123 0.044460
v 0.271794 0.119348 0.044639
v 0.144801 -0.016344 0.047359
v 0.084756 0.094848 0.049387
v 0.156948 -0.007650 0.058669
v 0.122305 -0.010505 0.054331
v 0.254590 0.047831 0.042199
v 0.255864 0.041151 0.055738
v 0.450720 0.019902 0.054838
v 0.091124 0.119214 0.041005
v 0.007202 0.092431 0.051815
v 0.286130 0.176986 0.055625
v 0.136398 0.136109 0.056788
v 0.060990 0.018250 0.058706
v 0.184016 0.049520 0.043447
v 0.292048 0.161697 0.046631
v 0.143895 0.020361 0.045484
v 0.055247 0.155835 0.040231
v 0.423180 0.064768 0.042934
v 0.142011 -0.014995 0.049263
v 0.448840 0.134175 0.041630
v 0.410455 0.003042 0.039757
v 0.158288 0.167400 0.047564
v 0.060118 0.108351 0.059658
v 0.047002 0.145885 0.045862
v 0.235376 0.180270 0.052176
v 0.308256 0.008658 0.047329
v 0.087644 0.096345 0.050736
v 0.083539 0.164691 0.060095
v 0.077528 0.070144 0.053669
v 0.342725 0.141320 0.059118
v 0.142458 0.056226 0.056570
v 0.221027 0.004708 0.040519
v 0.228164 0.125862 0.049782
v 0.070280 0.168735 0.053914
v 0.245109 0.154555 0.045719
v 0.334342 0.004666 0.043253
v 0.224427 0.097287 0.046317
v 0.105567 0.014998 0.047002
v 0.481798 0.108370 0.044721
v 0.321865 0.103448 0.054763
v 0.124118 0.026438 0.045269
v 0.476278 0.067329 0.044626
v 0.364457 -0.012665 0.054886
v 0.059982 0.072870 0.041107
v 0.172699 0.117805 0.060014
v 0.077099 -0.000990 0.047520
v 0.325466 0.080688 0.058976
v 0.246649 0.006851 0.039970
v 0.382548 0.066190 0.053211
v 0.437399 0.011190 0.048602
v 0.338703 0.119945 0.044980
v 0.181624 0.166126 0.057439
v 0.257309 0.192031 0.047359
v 0.006801 0.102576 0.048676
v 0.242629 -0.020993 0.045314
v 0.144330 0.002682 0.058605
v 0.183748 0.028458 0.048051
v 0.426473 0.093917 0.042225
v 0.224310 0.177200 0.059994
v 0.192783 0.136209 0.039880
v 0.215554 0.111877 0.045544
v 0.187321 -0.021183 0.051846
v 0.141146 0.033307 0.047670
v 0.275878 0.079115 0.046653
v 0.141251 0.150626 0.049201
v 0.241491 0.029838 0.054152
v 0.181618 0.031140 0.040178
v 0.412581 -0.009641 0.052759
v 0.095017 0.058349 0.043859
v 0.416850 0.077931 0.045628
v 0.155712 0.175218 0.040121
v 0.166572 0.050235 0.046884
v -0.006467 0.134795 0.039992
v 0.453433 0.069938 0.049806
v 0.273251 0.199496 0.042266
v 0.045678 0.015898 0.041537
v 0.302661 0.202017 0.051486
v 0.295916 0.127987 0.055828
v 0.230201 0.009214 0.048079
v 0.248945 0.007255 0.052084
v 0.176214 0.150402 0.041718
v 0.453024 0.006955 0.055497
v 0.162836 0.164833 0.047736
v 0.372135 0.019493 0.049242
v 0.333903 0.013435 0.058902
v 0.313534 0.142748 0.050686
v 0.151373 0.155458 0.043118
v 0.392255 0.043976 0.053215
v 0.424496 0.072470 0.052865
v 0.171004 0.054505 0.052518
v 0.464291 0.084216 0.054875
v 0.397845 0.061877 0.044749
v 0.073090 0.050079 0.041410
v 0.081947 0.160122 0.058054
v 0.129597 0.011389 0.057632
v 0.313779 0.045908 0.047250
v 0.330180 0.049257 0.059180
v 0.387539 0.052533 0.045653
v 0.347876 0.051239 0.049185
v 0.254254 0.178011 0.060284
v 0.327453 -0.028434 0.050005
v 0.414146 0.144821 0.046456
v 0.345461 0.061823 0.049206
v 0.270075 0.082527 0.040179
v 0.131862 -0.015298 0.060406
v 0.295607 0.060605 0.048259
v 0.232567 0.186190 0.042041
v 0.284952 -0.010333 0.050718
v 0.439488 0.097208 0.054747
v 0.200357 0.157852 0.056769
v 0.267338 0.013018 0.054549
v 0.022403 0.077834 0.048500
v 0.323582 0.117081 0.045012
v 0.358147 -0.007896 0.041847
v 0.335199 0.152177 0.046637
v 0.460816 0.029201 0.043912
v 0.431347 0.139956 0.041055
v 0.405724 0.035056 0.044639
v 0.237934 0.149933 0.048838
v 0.301978 -0.012760 0.051433
v 0.044931 0.026312 0.042609
v 0.216010 0.139632 0.047288
v 0.149193 0.134036 0.059341
v 0.368939 0.164970 0.049481
v 0.106165 0.108893 0.055118
v 0.211234 0.041626 0.045639
v 0.080608 0.148526 0.040088
v 0.284254 0.148996 0.051769
v 0.233420 0.186578 0.055155
v 0.425811 0.082988 0.052488
v 0.326256 0.146635 0.042773
v 0.341825 0.031082 0.047362
v 0.376849 0.022292 0.043052
v 0.131697 0.076917 0.058340
v 0.518870 0.095281 0.046690
v 0.199206 0.137786 0.045345
v 0.291047 -0.020109 0.053150
v 0.129770 0.148641 0.058667
v 0.460906 0.023781 0.057261
v 0.289327 -0.000152 0.044296
v 0.314547 0.178336 0.047868
v 0.378205 0.124935 0.040911
v 0.054101 0.056019 0.055066
v 0.439585 0.000021 0.040675
v 0.120123 0.060536 0.044878
v 0.232064 -0.014585 0.053167
v 0.254664 0.184459 0.049077
v 0.459074 0.108277 0.051091
v 0.349978 0.113257 0.056945
v 0.492571 0.129267 0.050474
v 0.371415 0.106216 0.051799
v 0.081040 0.044892 0.050776
v 0.278491 0.018407 0.052812
v 0.279041 0.123497 0.041251
v 0.314409 0.168444 0.044015
v 0.036896 0.092110 0.051716
v 0.307605 0.054159 0.058117
v 0.268655 0.032672 0.056421
v 0.105158 0.031474 0.039510
v 0.253708 -0.008165 0.049845
v 0.336312 0.161377 0.050298
v 0.393677 0.065119 0.057712
v 0.248390 0.147813 0.051287
v 0.180411 0.159084 0.060022
v 0.431732 0.056815 0.046203
v 0.437061 0.071647 0.042926
v 0.416131 0.116431 0.045897
v 0.413732 0.048717 0.052896
v 0.131321 0.072539 0.055855
v 0.257917 0.029623 0.050037
v 0.160644 0.163926 0.041661
v 0.179855 0.173943 0.051491
v 0.309957 0.124034 0.055594
v 0.305163 -0.023142 0.052313
v 0.398377 0.182806 0.060104
v 0.105769 -0.002720 0.055875
v 0.214633 0.199895 0.049412
v 0.342994 0.032923 0.042545
v 0.163846 0.146592 0.055149
v 0.073927 0.109172 0.047764
v 0.035433 0.136975 0.047986
v 0.410777 0.070901 0.056413
v 0.489692 0.068403 0.039909
v 0.211298 0.032285 0.054550
v 0.199957 0.155302 0.046259
v 0.288120 0.018621 0.051259
v 0.288030 0.137709 0.050062
v 0.304216 0.054074 0.044606
v 0.158923 0.158790 0.054647
v -0.023512 0.107105 0.040466
v 0.122345 0.001020 0.058587
v 0.099779 0.090019 0.052241
v 0.184421 0.111875 0.052932
v 0.219759 0.156817 0.058896
v 0.078634 0.148249 0.005246
v -0.111296 0.214278 -0.001811
v 0.062848 0.157955 -0.004224
v 0.025671 0.153856 -0.005350
v -0.219451 0.073754 -0.005025
v -0.148290 0.107451 -0.010041
v 0.010107 0.089008 0.006004
v -0.037676 0.054729 0.007422
v 0.154699 0.075006 0.008076
v 0.077049 0.195190 -0.000823
v -0.114846 0.205650 0.004285
v -0.008149 0.223701 -0.010014
v 0.131442 0.172363 -0.002178
v -0.061139 0.122252 0.000596
v 0.171188 0.075346 -0.010160
v -0.046300 0.128262 0.000088
v 0.074346 0.018202 -0.000168
v -0.198824 0.076708 0.004923
v -0.253426 0.072751 0.005892
v -0.245253 0.098741 0.007272
v 0.229098 0.180363 0.002311
v 0.242557 0.115392 0.005609
v -0.133679 0.146544 -0.001023
v 0.176016 0.049642 0.003159
v 0.202058 0.162778 -0.003364
v -0.229497 0.102698 0.006724
v -0.037393 0.127248 0.001569
v 0.254616 0.124359 -0.010104
v 0.028366 0.197480 -0.005064
v 0.038982 0.217130 -0.003641
v -0.220403 0.145679 0.005668
v -0.148838 0.087782 0.007987
v 0.073484 0.085277 0.005733
v 0.032464 0.169206 -0.009949
v -0.206352 0.054101 0.005869
v -0.264951 0.090787 -0.003623
v -0.053603 0.172780 -0.006115
v -0.059543 0.193882 -0.004807
v 0.120191 0.098208 -0.003038
v 0.172644 0.206425 -0.001268
v 0.086513 0.056542 -0.001177
v -0.009165 0.016853 -0.002511
v -0.167119 0.144868 -0.006182
v -0.184757 0.193885 -0.008550
v 0.121336 0.222211 0.004715
v 0.175747 0.192263 -0.007972
v -0.217252 0.126382 0.005243
v -0.049919 0.167879 0.010188
v 0.051695 0.051508 -0.005139
v 0.144317 0.172485 -0.010348
v 0.058343 0.048312 0.007507
v -0.166461 0.212353 0.007067
v -0.236059 0.164423 -0.004185
v 0.081369 0.119936 0.003015
v -0.147879 0.172640 0.009477
v -0.034845 0.215388 -0.003711
v 0.088562 0.166314 0.001356
v 0.076678 0.154103 0.004096
v 0.005342 0.090407 0.006350
v 0.151977 0.047368 -0.002694
v -0.095598 0.144273 -0.006879
v 0.253352 0.074056 0.005081
v 0.044149 0.072490 0.007961
v 0.087210 0.150680 -0.000051
v -0.076394 0.209065 0.008589
v -0.015111 0.187687 0.005949
v -0.129465 0.218592 -0.009781
v 0.185675 0.037396 -0.009524
v -0.155119 0.184799 0.000529
v 0.018668 0.132293 0.008341
v 0.233001 0.185257 -0.008139
v -0.274429 0.138106 0.007479
v -0.099931 0.109938 0.002169
v -0.101961 0.069254 -0.000641
v 0.082161 0.095379 0.003284
v -0.145649 0.190282 0.004543
v -0.239925 0.134443 0.007391
v 0.043418 0.173027 -0.007774
v 0.124331 0.099785 -0.008774
v 0.147299 0.162780 0.008125
v 0.105113 0.155047 -0.006623
v -0.086543 0.062064 0.009953
v -0.099085 0.044611 0.001621
v 0.181644 0.050127 -0.007734
v -0.200894 0.165919 0.001667
v 0.047491 0.111135 0.008526
v -0.046032 0.137386 -0.006344
v 0.043764 0.161313 -0.009784
v 0.031276 0.073616 -0.003727
v -0.175126 0.083473 -0.003278
v -0.174735 0.041535 0.001621
v -0.123949 0.136487 0.002548
v -0.092144 0.108290 -0.004635
v 0.031232 0.005437 -0.003418
v 0.110424 0.082099 0.006447
v -0.206792 0.127056 0.003428
v -0.080715 0.058897 0.000401
v 0.156124 0.148020 0.002988
v 0.097051 0.110635 -0.005730
v -0.090026 0.130572 0.001060
v -0.074127 0.227547 -0.004052
v -0.255748 0.166482 -0.008758
v 0.133385 0.056753 -0.002151
v 0.260949 0.076734 -0.006408
v 0.070676 0.072279 -0.010149
v -0.017330 0.048996 0.002120
v 0.150271 0.210749 0.000526
v 0.052368 0.051308 -0.005661
v 0.192871 0.091504 -0.002636
v 0.092134 0.148741 0.002821
v -0.189427 0.045489 0.005273
v 0.156905 0.215109 0.002303
v 0.092951 0.070783 0.009640
v 0.144673 0.099379 0.008420
v 0.260623 0.100151 -0.000672
v 0.177913 0.207724 -0.010493
v -0.001743 0.209456 -0.003956
v 0.194116 0.076321 0.009645
v 0.167094 0.147949 -0.007480
v 0.107631 0.025754 0.006447
v 0.131367 0.102062 0.006013
v -0.106365 0.060398 -0.006439
v 0.037583 0.092501 0.009731
v -0.043382 0.231841 -0.007907
v -0.017674 0.003634 -0.007311
v -0.215198 0.154268 0.005472
v 0.095675 0.122779 -0.003966
v 0.177425 0.177176 -0.000607
v -0.081672 0.064521 -0.007878
v -0.008403 0.039192 -0.009022
v 0.264853 0.104930 -0.003331
v -0.038526 0.238127 -0.002488
v 0.072890 0.094524 -0.000703
v -0.225620 0.062833 0.004020
v 0.067231 0.019543 -0.005783
v 0.223062 0.192295 0.002170
v -0.136986 0.077881 0.007757
v -0.130500 0.025551 0.009728
v -0.197117 0.165292 0.007669
v -0.044944 0.220276 -0.004707
v -0.002095 0.205509 -0.001687
v 0.143263 0.018085 -0.008755
v 0.202312 0.183941 -0.005402
v -0.215162 0.122912 0.003478
v 0.196494 0.184449 0.004379
v -0.237836 0.079145 -0.002608
v -0.267421 0.106277 -0.002466
v -0.172717 0.065030 0.006166
v 0.203652 0.094090 -0.008033
v 0.014806 0.048210 0.003625
v 0.149627 0.075703 -0.002231
v -0.005898 0.049326 0.006051
v 0.127013 0.047246 0.000478
v 0.234875 0.080290 0.002690
v 0.039562 0.023320 -0.009962
v -0.039717 0.112388 0.009365
v 0.218534 0.186977 0.006340
v -0.033859 0.010359 -0.005176
v 0.068401 0.056008 0.009945
v 0.001526 0.200138 -0.009496
v -0.269178 0.151011 -0.004973
v 0.034693 0.067142 0.005687
v -0.151899 0.100072 -0.002072
v -0.146737 0.208249 0.007239
v 0.100462 0.065664 0.002444
v -0.016303 0.010488 -0.005721
v 0.042285 0.086380 0.004661
v -0.100256 0.068425 -0.000059
v 0.067599 0.188348 -0.004942
v -0.043852 0.051477 0.006424
v 0.192939 0.056507 0.009645
v -0.041266 0.155952 0.001719
v 0.196901 0.065573 0.001270
v 0.008736 0.032041 -0.002143
v -0.041800 0.069610 -0.008599
v -0.214078 0.055114 -0.002003
v -0.019878 0.221174 0.000689
v -0.214159 0.189585 -0.008324
v 0.243147 0.090487 0.008136
v -0.057594 0.207180 -0.008774
v 0.186264 0.119719 -0.009644
v -0.218446 0.090885 -0.004750
v -0.255438 0.123790 0.010149
v 0.003886 0.177002 0.003106
v 0.006621 0.133068 -0.005383
v 0.217221 0.132221 0.007097
v -0.178619 0.165581 0.001430
v -0.219686 0.177840 0.001699
v -0.183974 0.038888 0.010062
v -0.004743 0.019139 0.010120
v 0.047352 0.061833 -0.002725
v 0.219317 0.051758 -0.003777
v -0.170787 0.211864 -0.007676
v 0.177173 0.028150 -0.005315
v -0.097583 0.109744 0.010101
v 0.042555 0.036485 -0.000510
v -0.097709 0.219352 0.002186
v -0.044289 0.020137 0.003044
v -0.262017 0.080309 -0.000729
v -0.057680 0.107549 0.002495
v -0.184894 0.121428 0.009516
v 0.099389 0.199051 0.001239
v 0.154408 0.145027 0.007719
v 0.138396 0.199391 -0.009126
v -0.041078 0.031149 0.009394
v -0.032944 0.019617 -0.000193
v -0.077131 0.008273 0.010210
v 0.040834 0.198766 0.000806
v -0.073382 0.058595 0.001467
v 0.193766 0.037962 -0.007471
v -0.223996 0.095601 -0.003896
v 0.218416 0.123987 0.004454
v -0.060968 0.152260 0.010024
v -0.153842 0.062714 0.004838
v -0.015277 0.060503 0.002132
v 0.006569 0.069260 -0.006694
v -0.116382 0.051884 -0.007990
v 0.230774 0.181989 0.001554
v 0.165426 0.096485 -0.001941
v -0.034426 0.077847 -0.003291
v 0.137501 0.160517 0.004353
v 0.143484 0.061570 -0.006624
v -0.108540 0.153163 0.010198
v -0.109450 0.068118 0.005288
v -0.039544 0.117439 0.002229
v 0.067661 0.116708 -0.002664
v 0.134658 0.222691 0.000612
v 0.173605 0.122180 -0.009919
v 0.173928 0.069442 0.007547
v 0.116884 0.105689 0.002538
v 0.054379 0.171004 -0.003250
v 0.185660 0.037474 0.002094
v -0.236311 0.069208 0.004334
v 0.085825 0.085316 -0.007374
v 0.020487 0.101031 -0.009686
v -0.266453 0.092516 0.009255
v 0.054982 0.057289 -0.004380
v -0.069333 0.161413 0.000388
v 0.159969 0.070341 0.002174
v 0.268529 0.118078 0.009194
v 0.186765 0.081475 -0.002334
v -0.090456 0.133154 0.001144
v -0.089235 0.181672 -0.005472
v 0.050065 0.072548 -0.002010
v -0.168687 0.209290 0.008844
v 0.099723 0.013827 0.004360
v 0.046715 0.088037 0.000417
v -0.081969 0.061846 0.000574
v -0.181905 0.080224 -0.002222
v -0.120219 0.104545 -0.003773
v -0.117989 0.137169 0.009329
v -0.165260 0.155351 -0.008770
v 0.089423 0.125783 0.001286
v -0.119532 0.077803 0.010338
v 0.031946 0.015536 0.004177
v -0.056278 0.115783 0.009382
v -0.075380 0.206116 0.008406
v -0.216111 0.094483 0.005024
v -0.059430 0.114426 -0.004138
v 0.104035 0.229070 -0.009399
v 0.119397 0.020185 0.005009
v -0.116888 0.112393 -0.002713
v -0.083873 0.011273 -0.008428
v 0.251537 0.084946 0.004461
v 0.113298 0.143963 -0.006159
v -0.022215 0.108429 0.008864
v 0.063415 0.215857 0.008911
v 0.137221 0.121752 0.006586
v 0.135825 0.016140 0.010229
v 0.079008 0.055137 0.007094
v 0.101249 0.132535 -0.005330
v -0.128798 0.021750 -0.001620
v -0.235082 0.072173 0.002650
v 0.073422 0.227995 0.004969
v -0.032945 0.218695 -0.001766
v -0.126446 0.152677 0.008423
v 0.079640 0.043414 0.002103
v -0.123300 0.066126 0.004116
v -0.216436 0.150702 -0.005818
v -0.061697 0.089002 0.008447
v -0.119586 0.123698 -0.003625
v 0.132967 0.098876 0.003799
v 0.160165 0.088025 0.000761
v -0.045736 0.208461 -0.008222
v 0.185808 0.194217 0.008065
v 0.198426 0.092492 -0.000043
v 0.194907 0.205782 -0.000652
v 0.103513 0.156393 0.006995
v 0.097840 0.216033 0.006435
v 0.011378 0.214004 -0.001300
v 0.134993 0.192455 -0.009638
v 0.224165 0.077430 -0.006532
v 0.038848 0.185581 0.001445
v 0.155129 0.097745 0.009459
v 0.146098 0.086515 -0.006286
v -0.108103 0.060937 -0.007285
v -0.018343 0.149236 -0.006637
v 0.077824 0.211449 -0.001284
v 0.050938 0.097141 -0.005339
v -0.205589 0.104019 -0.007489
v 0.064999 0.113622 0.003880
v -0.172751 0.167034 0.002490
v 0.130406 0.221532 -0.002722
v 0.055964 0.150321 -0.005593
v -0.154204 0.181119 0.006588
v 0.011351 0.078779 -0.005785
v -0.145542 0.054994 -0.008948
v -0.158610 0.027832 0.009181
v -0.091364 0.069658 0.002437
v -0.230167 0.152276 0.003841
v -0.125012 0.074178 0.010248
v -0.257815 0.152113 -0.007284
v -0.163643 0.103649 -0.007467
v -0.076158 0.081982 0.009815
v 0.262948 0.119391 -0.002770
v 0.249120 0.134127 -0.007476
v -0.228605 0.145200 0.000871
v 0.025589 0.195312 0.007143
v -0.163761 0.212938 -0.001656
v -0.208463 0.170792 -0.001178
v -0.129026 0.166664 -0.003654
v -0.191667 0.180566 -0.006176
v 0.025220 0.171313 -0.006413
v 0.159351 0.050500 0.002496
v 0.167992 0.067936 0.005544
v -0.188352 0.172512 -0.006016
v 0.058233 0.150687 0.003197
v -0.079454 0.224087 0.005766
v -0.045055 0.101029 -0.005939
v -0.105050 0.104840 -0.002430
v -0.118180 0.114408 -0.001197
v -0.059983 0.050021 0.003507
v -0.035308 0.222533 0.001331
v 0.098980 0.183147 0.005919
v 0.057835 0.192857 -0.000660
v 0.068338 0.088028 0.009056
v -0.109304 0.226024 0.002359
v -0.024141 0.008169 0.003700
v 0.018871 0.085804 -0.010318
v 0.041689 0.099014 0.007405
v -0.102979 0.225063 -0.006237
v 0.075562 0.164929 0.007154
v -0.173958 0.206804 0.001752
v 0.091115 0.047086 0.004276
v -0.022044 0.157045 0.001300
v 0.088649 0.092694 -0.001781
v -0.215648 0.100979 -0.007176
v -0.181595 0.093452 0.010149
v -0.098040 0.013947 0.009999
v -0.055236 0.080613 -0.001157
v 0.003675 0.075840 -0.002500
v -0.083956 0.154058 -0.010081
v -0.095994 0.019571 0.009050
v -0.102812 0.093982 0.008274
v 0.267691 0.098337 0.001402
v 0.209444 0.041468 0.008116
v 0.093371 0.138490 -0.004198
v -0.084960 0.148754 0.010351
v 0.058298 0.025090 0.009693
v -0.101492 0.211391 0.009424
v 0.188447 0.166452 0.006286
v 0.262980 0.131337 -0.001727
v 0.125790 0.216705 -0.006468
v -0.038156 0.205011 0.008734
v -0.265921 0.127451 -0.009408
v 0.010898 0.186285 -0.001072
v -0.051394 0.129870 0.005250
v 0.011620 0.038934 -0.008815
v -0.096001 0.106267 0.010043
v -0.170583 0.047652 -0.010097
v -0.194891 0.197775 -0.002520
v 0.223674 0.142050 0.004134
v -0.128595 0.212347 0.007426
v 0.038012 0.045179 -0.003315
v 0.222327 0.084273 0.001100
v -0.144237 0.124345 0.008681
v 0.071145 0.102931 0.003491
v -0.083461 0.197764 -0.008116
v 0.093659 0.020008 -0.008252
v 0.152732 0.153049 -0.007266
v 0.078510 0.019582 0.007637
v 0.032410 0.120843 0.006447
v 0.150775 0.051327 -0.007219
v -0.183503 0.040235 -0.000824
v 0.173774 0.044014 -0.008278
v 0.169264 0.189838 -0.006310
v -0.001972 0.085825 -0.008574
v 0.016550 0.117764 0.006123
v 0.006645 0.146681 -0.008832
v -0.087206 0.198902 -0.000503
v 0.090479 0.232794 0.002215
v 0.058759 0.179279 0.003699
v 0.045835 0.097721 -0.006617
v 0.117324 0.121996 -0.006348
v 0.127473 0.189428 0.009927
v -0.072586 0.024326 -0.008909
v 0.061163 0.182778 0.010332
v 0.116700 0.201528 0.001938
v -0.160088 0.069122 -0.004507
v -0.227624 0.168535 0.004944
v -0.222421 0.101474 0.009831
v -0.002549 0.224215 -0.009142
v 0.151661 0.147058 0.004891
v -0.184740 0.045795 -0.008821
v 0.021459 0.018869 -0.010248
v -0.002994 0.084379 0.001851
v 0.145614 0.083795 0.003803
v -0.031335 0.092282 -0.004989
v 0.100458 0.051899 0.005086
v -0.196438 0.130394 0.005532
v -0.108684 0.230532 -0.006504
v -0.049384 0.107080 -0.003089
v -0.185647 0.137813 0.008892
v 0.157305 0.022759 -0.000764
v 0.151689 0.072197 -0.007516
v 0.000629 0.042269 -0.009986
v 0.100877 0.171882 0.010285
v -0.119348 0.064005 -0.010207
v 0.058550 0.025661 -0.006872
v -0.100180 0.091628 -0.008508
v -0.084087 0.149323 -0.003416
v 0.173735 0.130206 -0.004126
v 0.199358 0.095292 -0.005717
v -0.237350 0.128627 -0.001410
v 0.105864 0.104412 0.009851
v 0.255421 0.163150 -0.009095
v -0.085902 0.194223 -0.004424
v 0.025334 0.236044 0.006376
v -0.027581 0.126856 -0.004032
v 0.120771 0.199998 0.003865
v -0.088173 0.138073 -0.007782
v -0.047454 0.220114 0.006450
v 0.111841 0.065006 0.009879
v 0.172685 0.150996 -0.001743
v 0.040299 0.186325 -0.005598
v 0.108491 0.071640 0.008730
v 0.244675 0.101718 0.001155
v -0.142512 0.087799 -0.006418
v 0.110805 0.168778 0.002786
v 0.131772 0.109644 0.001950
v 0.020655 0.228281 -0.000240
v -0.038295 0.123157 0.000230
v 0.200082 0.178735 0.002596
v 0.171139 0.161110 0.002155
v 0.212191 0.045641 -0.004914
v -0.234551 0.153022 0.006117
v -0.017364 0.164777 0.007303
v 0.129589 0.141595 0.002794
v -0.118590 0.216408 -0.000366
v 0.088812 0.169789 -0.003779
v 0.216818 0.111384 0.000763
v 0.101068 0.033838 0.009612
v -0.079445 0.096043 0.004902
v -0.011252 0.067237 0.006276
v -0.050423 0.224495 -0.001617
v 0.012219 0.108610 -0.005019
v 0.027495 0.135008 0.003184
v 0.006101 0.086435 -0.000736
v 0.090761 0.095249 0.002644
v -0.202894 0.088531 0.005428
v 0.114150 0.159317 -0.004705
v -0.051120 0.042231 -0.007079
v 0.189248 0.204792 -0.007898
v 0.140310 0.054113 -0.002755
v -0.094759 0.213413 0.001053
v -0.155235 0.050136 -0.002194
v -0.118535 0.217256 -0.009775
v -0.043233 0.208327 0.001439
v 0.049158 0.101013 0.004563
v 0.047835 0.142351 -0.009074
v 0.117376 0.190693 0.009243
v 0.022870 0.223784 0.009919
v -0.094612 0.185558 0.005268
v -0.206496 0.124198 0.000518
v -0.110754 0.061270 -0.007245
v 0.111656 0.022856 -0.001082
v 0.200237 0.195896 -0.005024
v 0.015153 0.216137 0.001211
v 0.243215 0.155675 -0.005764
v 0.126412 0.134783 -0.005614
v 0.150038 0.211653 0.000012
v -0.107721 0.213566 0.003576
v 0.243195 0.132672 -0.000163
v -0.113086 0.032309 0.001051
v 0.208213 0.142989 -0.006114
v -0.020552 0.114959 0.004238
v -0.148049 0.084292 0.008370
v 0.066319 0.167499 0.000761
v 0.208073 0.067414 -0.004590
v -0.187757 0.090307 -0.007143
v 0.065374 0.209245 -0.003476
v -0.066501 0.174191 -0.007997
v -0.010480 0.139870 0.002171
v -0.116302 0.050103 -0.001980
v 0.022752 0.142468 0.006397
v -0.011818 0.007914 -0.006297
v -0.218875 0.075710 0.006992
v -0.120866 0.019578 0.006675
v -0.041911 0.141454 0.002648
v -0.240430 0.073983 -0.005201
v -0.155494 0.115345 -0.005955
v 0.068046 0.182914 -0.000009
v -0.044603 0.019989 -0.000884
v -0.188052 0.186032 0.008837
v -0.214621 0.131517 0.006195
v -0.135050 0.019229 -0.008869
v 0.003600 0.121232 -0.009845
v 0.028195 0.123929 -0.004741
v 0.186796 0.120005 0.004804
v 0.084729 0.110970 -0.002771
v -0.168042 0.026219 0.005079
v -0.103318 0.165509 0.003226
v -0.015392 0.141457 -0.007978
v 0.118953 0.183094 0.009077
v 0.266297 0.107968 -0.007973
v -0.178497 0.031327 0.006148
v 0.197391 0.040849 -0.006834
v 0.181181 0.186392 -0.000940
v 0.176475 0.054528 -0.004764
v 0.208029 0.132722 -0.009171
v -0.046476 0.067980 -0.002152
v -0.038744 0.136106 -0.001418
v -0.114430 0.130735 -0.010221
v 0.181360 0.061572 0.009648
v 0.168254 0.049127 0.004596
v 0.042392 0.179320 0.003596
v 0.118194 0.108071 0.003983
v 0.103438 0.008758 -0.009573
v -0.239031 0.077029 0.001238
v -0.072599 0.017842 0.004527
v -0.007036 0.055838 -0.008643
v -0.170478 0.200500 0.000936
v -0.185962 0.201452 0.004750
v -0.153394 0.102783 0.002926
v -0.177894 0.170423 -0.002686
v 0.243955 0.109130 -0.007400
v -0.123333 0.019930 0.003690
v -0.229771 0.184397 -0.008685
v -0.002089 0.164511 0.008919
v -0.114787 0.056196 0.000823
v -0.111947 0.017479 -0.003287
v 0.241793 0.061580 -0.007454
v -0.121281 0.200057 0.005141
v 0.125837 0.046838 0.010022
v 0.066754 0.014848 -0.002177
v 0.117000 0.019163 0.010301
v -0.194164 0.096392 0.001585
v -0.006156 0.208992 0.009288
v -0.014960 0.020961 0.006042
v -0.159375 0.124651 0.007066
v -0.189613 0.202995 0.000486
v 0.055324 0.069084 -0.003126
v -0.203300 0.176843 -0.008265
v -0.119783 0.057572 0.007021
v 0.096123 0.088143 -0.010487
v 0.053797 0.037943 -0.008236
v 0.046355 0.145399 0.009452
v 0.009152 0.196372 0.006830
v -0.084012 0.110280 0.006604
v 0.048839 0.123114 -0.007957
v 0.096946 0.217207 -0.009002
v -0.005891 0.236997 -0.001640
v -0.111150 0.179448 0.004154
v -0.054103 0.191035 -0.006123
v -0.193695 0.160007 -0.000453
v -0.043026 0.103784 -0.000182
v 0.155207 0.133348 -0.009848
v -0.079313 0.013955 -0.002441
v -0.085036 0.110882 0.003960
v -0.120770 0.071253 0.009899
v -0.046202 0.121207 -0.009688
v -0.265669 0.128998 -0.000528
v -0.077624 0.110621 0.004710
v -0.057656 0.007436 -0.000952
v -0.000819 0.061045 0.010164
v 0.152236 0.134301 0.005820
v 0.079630 0.075799 -0.001877
v 0.100116 0.122779 0.007617
v 0.052142 0.006104 -0.001167
v -0.190544 0.118936 0.004140
v -0.205515 0.194579 0.003228
v 0.204320 0.147672 0.004163
v -0.265549 0.126371 -0.004339
v 0.078625 0.175179 -0.003540
v 0.085026 0.150020 0.007085
v 0.061357 0.199439 -0.010380
v 0.040498 0.013620 0.008514
v 0.008250 0.095114 -0.006664
v -0.124081 0.203713 0.007256
v 0.024876 0.199307 0.004216
v 0.075826 0.099848 -0.007577
v -0.016497 0.003458 0.001318
v -0.156887 0.147555 0.004177
v 0.201226 0.131191 0.004070
v -0.060452 0.090676 -0.000553
v -0.037750 0.208109 -0.001633
v 0.131665 0.144492 0.009422
v -0.111030 0.179286 0.008805
v 0.218176 0.057833 -0.007959
v 0.111066 0.197125 0.003457
v -0.263637 0.159796 -0.002660
v -0.005908 0.150916 0.006090
v 0.070956 0.190895 0.001253
v 0.011965 0.165783 -0.007702
v -0.008893 0.107890 -0.009240
v 0.022286 0.080854 0.003484
v -0.022634 0.114216 0.007988
v 0.175051 0.207351 0.007572
v 0.038472 0.070554 -0.000530
v -0.087335 0.125031 -0.002355
v -0.137796 0.054360 0.006381
v 0.060595 0.153967 0.000207
v 0.046957 0.096039 0.000281
v 0.210018 0.112838 -0.005312
v 0.005503 0.010058 -0.002904
v 0.022136 0.180742 -0.009247
v -0.237693 0.166481 0.005893
v 0.226015 0.137009 0.009046
v -0.168684 0.179215 0.007706
v -0.000874 0.077182 0.002413
v 0.066396 0.010509 0.003067
v 0.003788 0.072437 0.002079
v -0.057665 0.222576 -0.001412
v 0.070759 0.125966 -0.008718
v 0.083014 0.091184 0.002969
v -0.119815 0.175012 -0.000745
v 0.093696 0.012325 -0.004127
v -0.156216 0.104906 -0.004029
v 0.189848 0.092711 -0.002392
v 0.160266 0.047917 0.004100
v 0.193114 0.076812 0.003381
v -0.171464 0.083144 -0.008589
v -0.163500 0.124552 0.000357
v -0.095259 0.075771 -0.004868
v -0.020037 0.183930 0.000284
v -0.102833 0.225363 0.008552
v -0.151281 0.091451 -0.004067
v 0.092288 0.043253 -0.001858
v -0.015912 0.197826 0.003341
v 0.030338 0.007506 -0.007575
v 0.018975 0.055331 0.003929
v -0.132970 0.187590 -0.003756
v 0.063476 0.032609 -0.006858
v -0.041662 0.009105 0.002911
v 0.068327 0.222556 0.006938
v 0.091970 0.208148 -0.000064
v 0.005345 0.203482 -0.004814
v -0.186710 0.083452 -0.007427
v -0.110646 0.082746 0.009797
v 0.107273 0.010209 -0.010431
v 0.101314 0.227545 0.008984
v -0.267532 0.153498 0.001755
v -0.035731 0.209089 -0.006317
v 0.173799 0.144717 0.010116
v -0.159651 0.073329 -0.002375
v 0.087146 0.154828 -0.002912
v 0.020707 0.093428 0.007291
v -0.035468 0.207563 -0.004863
v 0.056902 0.007146 0.003921
v 0.073921 0.228771 0.001398
v 0.162379 0.124315 0.002612
v -0.031190 0.197527 -0.005660
v -0.155711 0.058652 -0.004899
v -0.242839 0.084283 -0.007314
v -0.148689 0.097640 -0.005883
v 0.087222 0.017607 -0.006234
v -0.203714 0.041756 -0.008585
v -0.016601 0.001500 -0.004836
v -0.086289 0.123201 0.007253
v 0.034425 0.199995 -0.007022
v 0.060739 0.169953 -0.008245
v 0.010964 0.186485 0.001672
v -0.141048 0.076246 -0.006019
v 0.064757 0.140262 0.004461
v -0.225203 0.156451 -0.002426
v -0.129462 0.071052 0.000867
v -0.035777 0.231637 -0.000178
v 0.049894 0.035813 -0.003736
v -0.219691 0.120573 0.007103
v -0.134085 0.074520 0.004273
v -0.188551 0.060547 -0.002569
v 0.030192 0.066941 -0.003902
v -0.115555 0.153610 -0.004396
v 0.025981 0.212316 -0.000636
v 0.267642 0.137633 -0.005374
v -0.060902 0.043639 0.006302
v -0.126007 0.165325 -0.002500
v -0.237892 0.125799 0.008593
v 0.119621 0.152291 -0.005700
v -0.186991 0.209084 -0.000451
v 0.126702 0.216664 0.003045
v -0.204720 0.057006 0.007264
v 0.167616 0.110540 0.005475
v 0.226271 0.181518 -0.008560
v -0.021106 0.094719 -0.008836
v 0.171538 0.086533 -0.004344
v 0.093114 0.070826 0.008735
v 0.020477 0.186408 0.000431
v 0.009697 0.156214 -0.009405
v -0.139863 0.032248 0.009531
v 0.109605 0.101915 0.001007
v 0.247495 0.079551 -0.005539
v 0.043915 0.070408 0.004463
v 0.081333 0.135708 0.006663
v 0.042715 0.158111 -0.000787
v 0.016236 0.018187 -0.007293
v 0.126355 0.095406 -0.010316
v 0.150728 0.037160 0.000278
v 0.197198 0.131064 -0.009306
v 0.040728 0.139786 -0.007226
v 0.175179 0.202291 0.007020
v -0.132319 0.091614 -0.005338
v 0.042061 0.155458 -0.005287
v -0.154871 0.039629 -0.009091
v -0.004813 0.122001 -0.000824
v 0.069618 0.025840 -0.002205
v -0.171942 0.100353 0.000526
v 0.264272 0.092511 -0.003067
v -0.187043 0.057402 0.005236
v 0.002076 0.033183 -0.001939
v -0.197897 0.118320 0.006402
v 0.058018 0.209548 -0.002782
v -0.065237 0.209003 -0.001839
v -0.121737 0.171557 -0.003895
v 0.011233 0.134416 -0.001354
v -0.069270 0.084816 0.007669
v 0.061046 0.019480 0.003130
v -0.044411 0.176200 -0.010156
v 0.026635 0.198687 -0.000278
v -0.186724 0.137177 0.008030
v -0.175772 0.137686 -0.009422
v 0.251018 0.083338 0.008878
v -0.018167 0.146539 -0.000733
v -0.171235 0.183434 -0.001399
v -0.136003 0.078631 0.000264
v -0.267805 0.136623 0.007741
v -0.164854 0.129170 -0.006437
v 0.100631 0.096986 0.010334
v 0.143614 0.200322 -0.004838
v 0.129370 0.128668 0.000443
v 0.175800 0.131516 0.006269
v -0.213951 0.143364 -0.004517
v 0.191112 0.147135 -0.007911
v -0.181040 0.151627 0.005536
v 0.240829 0.143859 0.004802
v -0.066412 0.107396 0.009831
v 0.157080 0.089831 0.003373
v -0.221217 0.157632 -0.004891
v 0.167841 0.209452 -0.008543
v -0.131088 0.170231 -0.009620
v -0.089232 0.230764 -0.006416
v -0.164058 0.087294 0.006844
v 0.119989 0.192341 -0.005142
v 0.005761 0.118562 -0.009109
v 0.091153 0.072071 -0.000364
v 0.175328 0.153129 0.010105
v 0.175157 0.081645 -0.008821
v -0.257037 0.148575 0.002453
v 0.256089 0.105755 0.009569
v -0.010624 0.209569 0.008173
v 0.063363 0.056571 0.003464
v -0.225591 0.103621 0.007043
v -0.195494 0.066992 0.006430
v 0.024526 0.061504 0.006614
v -0.133652 0.145270 0.009239
v -0.086277 0.232430 0.010318
v 0.204294 0.149233 0.006335
v -0.012200 0.228808 0.001155
v 0.073295 0.073457 0.009580
v -0.106876 0.130436 -0.008429
v -0.162799 0.101050 0.005093
v -0.140864 0.153540 -0.008796
v 0.101540 0.190959 0.008997
v 0.143464 0.147215 0.008175
v -0.232387 0.162636 -0.007265
v -0.048282 0.123521 0.009189
v 0.100121 0.159404 0.007961
v -0.273738 0.126005 0.001857
v -0.213729 0.181983 -0.004484
v -0.087346 0.088804 -0.007157
v -0.080090 0.185180 -0.008760
v 0.217336 0.172815 -0.010322
v -0.190240 0.098864 -0.008561
v 0.247263 0.099827 0.003107
v 0.012775 0.119719 -0.006771
v 0.185629 0.208523 -0.002798
v -0.100139 0.019683 -0.002998
v -0.050637 0.109453 0.008250
v -0.026662 0.140741 0.001740
v 0.218863 0.113024 0.006750
v 0.040971 0.166247 -0.002292
v 0.091744 0.118389 0.001961
v -0.151972 0.062262 0.006968
v -0.015323 0.149867 0.002230
v -0.014078 0.216070 0.004199
v 0.179483 0.173071 0.003970
v 0.253257 0.142146 0.003465
v -0.085512 0.018389 -0.002966
v -0.151496 0.116375 0.004319
v -0.204502 0.182761 -0.005562
v 0.154999 0.113552 -0.003641
v 0.006319 0.166198 -0.007240
v 0.188453 0.164041 -0.008028
v 0.146283 0.170339 -0.007364
v 0.220053 0.166896 0.003942
v -0.208525 0.071402 -0.001358
v 0.161285 0.187084 0.009294
v -0.203240 0.090410 0.009186
v 0.048169 0.199927 -0.009789
v 0.067892 0.163713 -0.009113
v 0.253602 0.141711 -0.005204
v 0.076660 0.198015 0.003325
v -0.188548 0.180679 -0.003705
v 0.107444 0.170864 0.009801
v -0.138767 0.151561 0.008725
v -0.214048 0.079225 -0.010344
v 0.056656 0.005317 -0.001768
v -0.277424 0.129813 -0.007388
v 0.102452 0.080905 0.002182
v 0.257060 0.089536 0.004636
v -0.213824 0.171988 0.002762
v -0.060207 0.015802 -0.002666
v 0.194526 0.121434 0.006811
v -0.128633 0.119627 -0.003517
v -0.130457 0.033511 0.000105
v -0.259138 0.098185 0.010366
v -0.166626 0.059037 -0.001366
v 0.238135 0.086710 -0.000946
v -0.039949 0.032906 0.000815
v 0.002143 0.094699 -0.003515
v -0.185191 0.172252 0.006129
v -0.259043 0.137929 0.009010
v 0.187414 0.071887 -0.005650
v -0.085703 0.204616 -0.001065
v -0.070250 0.212104 -0.009687
v 0.034248 0.233171 -0.005163
v -0.019664 0.207015 -0.009649
v 0.179205 0.096113 -0.002163
v -0.248064 0.170018 0.006350
v -0.037387 0.227103 0.000977
v -0.171819 0.162460 0.009505
v 0.061994 0.027748 -0.004070
v -0.051197 0.104007 0.010266
v 0.051881 0.215017 -0.004461
v 0.101287 0.158695 0.010275
v -0.148950 0.094375 0.000946
v 0.071260 0.214512 -0.008827
v -0.164463 0.026926 -0.010065
v 0.166065 0.195672 -0.005078
v -0.126052 0.037807 -0.001773
v 0.105046 0.089798 -0.007058
v 0.221023 0.186666 -0.004001
v -0.200115 0.096642 -0.009060
v 0.260126 0.107915 0.007414
v 0.137013 0.121228 0.005852
v 0.074971 0.007900 0.009768
v 0.142361 0.172689 -0.007950
v 0.024811 0.014585 -0.000729
v 0.164743 0.188075 -0.004656
v 0.215442 0.173258 -0.003082
v -0.092825 0.153813 0.009344
v -0.041282 0.006844 0.002527
v 0.240627 0.099939 0.010335
v 0.085752 0.179797 0.000464
v -0.045758 0.070893 0.010313
v 0.007625 0.048942 -0.003356
v -0.186973 0.186905 -0.008325
v -0.251514 0.111571 -0.006040
v 0.082110 0.209115 0.005743
v -0.001031 0.088965 0.010353
v 0.033036 0.216233 0.008671
v -0.245679 0.123723 -0.002367
v -0.078102 0.078205 -0.009619
v -0.016339 0.122135 -0.003036
v 0.269778 0.111019 0.003123
v -0.220997 0.175585 0.009861
v 0.052894 0.093291 0.007203
v -0.173779 0.069626 -0.008054
v 0.129474 0.183557 0.010419
v -0.024650 0.050757 0.002624
v 0.250584 0.142226 -0.003842
v -0.096506 0.220641 -0.004338
v 0.041396 0.098183 -0.004196
v 0.100980 0.110063 -0.005076
v -0.079651 0.152225 -0.003361
v -0.065000 0.137184 0.000650
v 0.138494 0.150295 -0.004204
v 0.274539 0.136921 -0.003617
v -0.062066 0.011311 0.009060
v -0.206230 0.053286 -0.002887
v 0.118954 0.154720 -0.003491
v 0.091428 0.086919 -0.006041
v 0.041932 0.065128 -0.004693
v 0.112899 0.045288 0.000867
v 0.159873 0.036381 0.001028
v -0.205717 0.073417 -0.004259
v -0.144541 0.098849 0.008302
v 0.000817 0.095782 0.008796
v -0.199136 0.166799 -0.004850
v 0.069524 0.130108 0.009429
v -0.077788 0.099338 -0.000483
v -0.165127 0.133858 0.000881
v -0.019288 0.211869 0.001285
v 0.021938 0.086947 -0.006964
v -0.125768 0.047278 0.007701
v -0.024737 0.108590 -0.005913
v -0.029945 0.072311 0.009603
v 0.131085 0.055321 0.010283
v 0.202376 0.122882 -0.004760
v 0.068321 0.018409 -0.006561
v -0.065202 0.111391 -0.006069
v -0.061276 0.074372 0.000583
v -0.099420 0.183321 0.001906
v 0.127173 0.085769 -0.005270
v 0.061147 0.086711 -0.001675
v -0.117768 0.052036 0.010034
v -0.101489 0.149342 -0.005188
v 0.083289 0.157156 0.002957
v 0.167222 0.187280 -0.007719
v 0.270861 0.149966 0.005142
v -0.027216 0.021438 -0.007708
v 0.054543 0.235191 0.001566
v -0.137139 0.037092 0.006929
v 0.091229 0.123389 -0.006167
v 0.146783 0.200454 0.005998
v 0.108410 0.069771 -0.001866
v -0.124335 0.036591 -0.001188
v 0.066883 0.211231 -0.006158
v -0.157694 0.209218 0.007520
v -0.102607 0.048439 0.009432
v -0.129872 0.143075 -0.001401
v 0.134449 0.209061 0.007007
v -0.002135 0.033116 -0.006219
v 0.115371 0.161122 -0.004548
v 0.108635 0.214375 -0.000562
v 0.005673 0.089433 -0.000957
v -0.043504 0.173689 -0.006281
v 0.168257 0.037003 0.009734
v -0.023886 0.202536 -0.001299
v 0.165398 0.198879 0.003050
v -0.208124 0.199054 0.001087
v -0.066912 0.084486 -0.004879
v -0.097293 0.163939 -0.008424
v 0.130207 0.054248 -0.003985
v -0.057791 0.137126 0.009600
v 0.207562 0.190918 -0.005206
v 0.009821 0.237358 0.009059
v 0.130960 0.048436 0.008913
v 0.195583 0.075164 0.010026
v 0.274084 0.122488 -0.003625
v -0.077152 0.037039 0.001427
v 0.123137 0.120484 -0.008222
v -0.084845 0.218396 -0.005225
v 0.072102 0.033477 0.002706
v -0.132458 0.016991 0.001370
v -0.107389 0.177902 0.002617
v 0.123103 0.076498 0.007514
v -0.151771 0.201840 0.000682
v -0.183614 0.123389 0.001311
v -0.033254 0.084183 0.008314
v 0.030547 0.230937 -0.006196
v -0.238127 0.182663 -0.008975
v -0.116262 0.012433 -0.001233
v 0.158255 0.197637 -0.005912
v 0.116339 0.154742 0.008782
v -0.234571 0.184565 0.003003
v 0.203676 0.047604 -0.008537
v 0.194232 0.076638 -0.008536
v -0.000431 0.212821 0.005175
v 0.127303 0.097711 -0.000504
v -0.019378 0.168336 0.005404
v -0.036016 0.005547 -0.000219
v 0.249474 0.114794 0.008137
v 0.160700 0.170100 -0.005684
v -0.002400 0.119471 0.004124
v 0.222827 0.078429 0.001182
v 0.123437 0.208553 0.010095
v -0.205904 0.077315 -0.006457
v 0.059474 0.067817 -0.009551
v 0.109315 0.218580 -0.006349
v -0.019337 0.148525 -0.001061
v -0.036509 0.105555 0.004741
v -0.027509 0.048302 0.005388
v 0.017815 0.010629 -0.001432
v -0.097213 0.018667 -0.007160
v -0.083537 0.154439 -0.009762
v 0.116569 0.218194 -0.001673
v 0.095719 0.144200 -0.008963
v -0.158917 0.160248 0.004193
v 0.118887 0.207642 0.004488
v 0.152033 0.061699 0.008419
v -0.230295 0.055891 0.001798
v -0.090845 0.190768 0.006904
v -0.188797 0.065553 -0.005973
v -0.110270 0.135665 0.007070
v -0.148056 0.142810 0.002232
v 0.223766 0.072054 0.007048
v 0.050417 0.181553 0.005724
v -0.082427 0.127927 0.001709
v 0.028777 0.079091 -0.009370
v -0.016683 0.032639 0.007501
v -0.163512 0.092222 0.003143
v -0.059150 0.014558 -0.009391
v 0.111878 0.221551 0.006278
v 0.003770 0.146987 0.007524
v -0.073404 0.111145 0.000819
v 0.175562 0.163588 -0.008536
v -0.014509 0.208688 0.006890
v 0.188649 0.142949 0.007096
v 0.158984 0.202060 0.004174
v 0.091118 0.144570 -0.001211
v -0.196763 0.164905 -0.008817
v 0.012102 0.038698 0.003808
v 0.162540 0.116825 -0.009805
v 0.046161 0.121436 0.003463
v 0.249029 0.136359 -0.009863
v -0.107211 0.213796 0.006467
v -0.069062 0.102284 -0.006501
v 0.083985 0.109072 0.005957
v -0.165565 0.102241 0.006037
v -0.002091 0.026676 0.004604
v 0.156195 0.115114 0.003616
v 0.055087 0.038143 -0.004413
v -0.029241 0.166222 0.000961
v 0.136909 0.198603 0.000840
v -0.294332 0.169215 -0.044372
v -0.098805 0.173229 -0.054431
v -0.289133 0.067740 -0.052532
v -0.068791 0.104713 -0.059949
v -0.259507 0.081149 -0.055013
v -0.242952 0.155346 -0.053329
v -0.377103 0.150755 -0.049369
v -0.421388 0.135377 -0.055548
v -0.161527 0.135075 -0.055715
v -0.346556 0.172718 -0.052810
v -0.139630 -0.010904 -0.052618
v -0.018987 0.111229 -0.047375
v -0.126837 0.102751 -0.051886
v -0.118200 0.014363 -0.047520
v -0.239184 0.069619 -0.047388
v -0.425283 -0.002952 -0.041083
v -0.219147 0.112808 -0.054876
v -0.153761 0.097068 -0.052275
v -0.197298 0.048428 -0.048828
v -0.266897 0.083304 -0.047363
v -0.261587 0.195774 -0.056774
v -0.060086 0.057887 -0.040951
v -0.418823 0.077603 -0.044459
v -0.317294 0.079472 -0.054876
v -0.207147 0.110245 -0.045870
v -0.358980 0.040502 -0.056912
v -0.453908 0.042256 -0.045158
v -0.340740 0.111054 -0.055403
v -0.455108 0.133916 -0.052767
v -0.279036 -0.001316 -0.056009
v -0.337822 0.183385 -0.058774
v -0.069741 0.007172 -0.054376
v -0.073745 0.076494 -0.053052
v -0.247039 -0.019599 -0.042308
v -0.075924 0.104878 -0.055689
v -0.320914 0.022365 -0.046153
v -0.322063 0.197951 -0.041360
v -0.166912 0.089937 -0.052577
v -0.373128 0.118462 -0.054397
v -0.472161 0.035249 -0.049890
v -0.033362 0.032930 -0.045154
v -0.388856 0.150708 -0.049980
v -0.126896 0.191970 -0.053537
v -0.059263 0.070762 -0.043033
v -0.032340 0.122389 -0.059712
v -0.273449 0.058310 -0.042588
v -0.228668 0.199449 -0.056112
v -0.231737 0.013667 -0.043101
v -0.255105 0.152131 -0.045614
v -0.351560 0.119576 -0.057530
v -0.178523 0.106950 -0.047903
v -0.482064 0.068145 -0.043965
v -0.457116 0.059132 -0.056329
v -0.432739 0.032115 -0.056342
v -0.210566 0.159563 -0.053717
v -0.207514 0.196266 -0.042549
v -0.293102 -0.030851 -0.041219
v -0.399280 0.029732 -0.044574
v -0.329183 0.151039 -0.050804
v -0.426159 0.084524 -0.048896
v -0.073852 -0.000614 -0.060276
v -0.146519 0.184555 -0.039557
v -0.157562 0.092054 -0.044149
v -0.171143 0.112625 -0.047959
v -0.124422 0.057698 -0.052577
v -0.478673 0.102291 -0.054958
v -0.305626 0.200942 -0.057986
v -0.275971 0.008470 -0.060435
v -0.341253 0.046611 -0.052774
v -0.220708 0.042464 -0.059283
v -0.275470 0.114472 -0.057913
v -0.490219 0.067732 -0.054476
v -0.376530 0.070938 -0.052163
v -0.501224 0.100436 -0.048182
v -0.240168 0.008335 -0.056917
v -0.293437 -0.029913 -0.047762
v -0.323347 0.083657 -0.051023
v -0.339855 0.151606 -0.058563
v -0.033913 0.044406 -0.042497
v -0.302519 0.168082 -0.051948
v -0.252061 -0.024427 -0.047260
v -0.218999 0.016217 -0.050160
v -0.393822 0.133187 -0.043895
v -0.024105 0.113555 -0.058053
v -0.076803 0.161569 -0.060123
v -0.128788 0.098652 -0.039705
v -0.372679 0.077987 -0.052298
v -0.185207 0.061184 -0.042204
v -0.139219 0.092882 -0.050932
v -0.350919 0.178476 -0.058401
v -0.188426 0.134925 -0.041653
v -0.403641 0.170245 -0.049809
v -0.161437 0.167783 -0.050307
v -0.142656 0.020869 -0.048711
v -0.067002 0.030430 -0.039838
v -0.173643 0.028460 -0.040274
v -0.132216 0.128866 -0.048855
v -0.171947 -0.029768 -0.044115
v -0.322471 0.133702 -0.042380
v -0.042404 0.031162 -0.049399
v -0.355212 0.115197 -0.046952
v -0.321689 0.056991 -0.058348
v -0.407430 0.157332 -0.060121
v -0.160015 0.008034 -0.039643
v -0.309784 0.069990 -0.054424
v -0.489421 0.032769 -0.045492
v -0.382852 0.102458 -0.043546
v -0.424893 0.138035 -0.048471
v -0.077555 0.057381 -0.047386
v -0.154320 -0.019682 -0.046708
v -0.139079 0.000695 -0.044551
v -0.253245 -0.013773 -0.044517
v -0.196435 0.056352 -0.049534
v -0.095802 0.168858 -0.048335
v -0.385356 0.016304 -0.057414
v -0.386789 0.058866 -0.044282
v -0.086954 0.025971 -0.043862
v -0.077451 -0.006891 -0.041799
v -0.048171 0.154045 -0.043551
v -0.205765 0.189351 -0.044198
v -0.437669 0.123285 -0.040327
v -0.039572 0.116789 -0.060018
v -0.350507 0.068040 -0.047055
v -0.421942 0.105467 -0.041776
v -0.320819 0.045908 -0.055966
v -0.506047 0.039637 -0.055710
v -0.372694 0.042287 -0.046587
v -0.058502 0.031912 -0.041631
v -0.472660 0.072533 -0.048716
v 0.004344 0.096768 -0.054521
v -0.083131 0.086213 -0.051943
v -0.390822 -0.016939 -0.041553
v -0.416217 0.052874 -0.059871
v -0.164111 -0.015216 -0.051969
v -0.230494 -0.003395 -0.057421
v -0.292945 0.053759 -0.048937
v -0.394931 0.053693 -0.047263
v -0.131947 0.059016 -0.048702
v -0.215824 0.049772 -0.043057
v -0.066396 0.014043 -0.043548
v -0.310802 0.148996 -0.041100
v -0.060254 0.160382 -0.044178
v -0.334379 0.112387 -0.048160
v -0.210084 -0.024599 -0.054790
v -0.039039 0.019080 -0.043017
v -0.122870 0.174191 -0.060479
v -0.346700 0.010072 -0.047892
v -0.101569 0.043683 -0.039533
v -0.041672 0.164392 -0.052369
v -0.223813 0.117511 -0.056440
v -0.441338 0.014446 -0.043210
v 0.021270 0.103456 -0.052621
v -0.035848 0.118144 -0.058818
v -0.299380 0.061211 -0.045008
v -0.078998 0.110504 -0.056779
v -0.332585 0.046241 -0.048268
v -0.415755 0.111682 -0.057483
v -0.263986 0.028948 -0.054624
v -0.051536 0.093760 -0.051203
v -0.269669 0.132255 -0.045499
v -0.346830 0.098975 -0.052032
v -0.097921 0.010292 -0.047977
v -0.364296 0.158965 -0.058567
v -0.081631 0.011455 -0.043154
v -0.009480 0.031114 -0.039878
v -0.495347 0.038551 -0.059097
v -0.240166 0.067033 -0.040832
v -0.312948 0.030106 -0.040124
v -0.187440 0.161491 -0.058627
v -0.065832 0.170591 -0.052985
v -0.133241 0.062042 -0.041268
v -0.403243 0.132515 -0.041029
v -0.371054 0.096951 -0.039582
v -0.054674 0.030675 -0.058850
v -0.158140 0.148124 -0.055904
v -0.471821 0.136223 -0.039930
v -0.326570 0.159596 -0.049032
v -0.077678 0.073997 -0.056502
v -0.497588 0.121559 -0.049051
v -0.323165 0.171345 -0.045254
v -0.143334 0.164492 -0.059497
v -0.147713 0.035808 -0.059597
v -0.171869 0.013031 -0.054520
v -0.069595 0.111170 -0.046177
v -0.160410 0.018946 -0.049282
v -0.008140 0.034748 -0.044941
v -0.448111 0.085037 -0.041281
v -0.019788 0.134713 -0.047080
v -0.056552 0.006231 -0.048131
v -0.205662 0.050907 -0.056439
v -0.521723 0.070437 -0.056896
v -0.477456 0.055462 -0.050183
v -0.273147 -0.007951 -0.055589
v -0.475010 0.133751 -0.042131
v -0.501673 0.057349 -0.042690
v -0.145424 0.173739 -0.053813
v -0.115765 0.095312 -0.044744
v -0.206446 0.080309 -0.044002
v -0.449078 0.031076 -0.051498
v -0.365191 -0.023663 -0.050975
v -0.302274 0.012417 -0.040798
v -0.231776 0.160931 -0.044122
v -0.096640 0.169889 -0.052833
v -0.041633 0.086101 -0.058729
v -0.183326 0.041930 -0.047287
v -0.300009 0.127115 -0.039665
v -0.345925 -0.002998 -0.060189
v -0.389301 0.187546 -0.040822
v -0.316450 0.014443 -0.057343
v -0.044788 0.127656 -0.040822
v -0.057694 0.124862 -0.053625
v -0.399117 0.133370 -0.048022
v -0.038872 0.107470 -0.044276
v -0.268801 0.163007 -0.047712
v -0.297467 0.170958 -0.060161
v -0.103449 0.179914 -0.059706
v -0.272577 0.104158 -0.047792
v -0.276563 -0.012008 -0.049112
v -0.033586 0.070339 -0.045980
v -0.398595 0.081855 -0.057770
v -0.127142 0.037916 -0.045056
v -0.468992 0.077558 -0.046907
v -0.286889 0.163730 -0.049040
v -0.490755 0.113103 -0.041329
v -0.310193 0.009793 -0.053004
v -0.133249 0.187292 -0.052065
v -0.343244 0.118588 -0.044349
v -0.272562 0.068665 -0.047573
v -0.286025 0.189556 -0.040266
v -0.043044 0.121780 -0.040059
v -0.451648 0.087659 -0.052426
v -0.117424 0.161490 -0.041278
v -0.484676 0.081143 -0.057268
v -0.167627 0.026216 -0.048387
v -0.489759 0.088830 -0.043899
v -0.473949 0.064982 -0.060486
v -0.390907 0.007086 -0.043859
v -0.405920 0.158370 -0.041957
v -0.382275 -0.010851 -0.044633
v -0.431674 0.150027 -0.053531
v -0.300274 0.091174 -0.046367
v -0.116504 0.183875 -0.056806
v -0.253216 -0.025916 -0.054865
v -0.164177 0.164003 -0.050826
v -0.329995 0.112615 -0.043144
v -0.339781 0.051546 -0.055321
v -0.026600 0.055169 -0.044973
v -0.105398 -0.002675 -0.043064
v -0.200290 0.199463 -0.049030
v -0.074896 0.032183 -0.058335
v -0.365687 0.119325 -0.046126
v -0.142995 0.058746 -0.044509
v -0.294098 -0.029270 -0.056764
v -0.083151 0.059509 -0.040159
v -0.119078 0.187784 -0.055845
v -0.303452 0.018757 -0.047733
v -0.282297 0.049506 -0.042431
v -0.162733 0.070360 -0.045577
v -0.278032 0.098929 -0.046938
v -0.519360 0.070925 -0.040559
v -0.280143 0.079445 -0.053771
v -0.477717 0.092451 -0.043178
v -0.227580 0.137036 -0.047309
v -0.079718 0.152354 -0.049741
v -0.486074 0.031153 -0.058123
v -0.440979 0.094685 -0.059515
v -0.480385 0.071259 -0.048278
v -0.254007 0.107982 -0.042890
v -0.209045 0.149333 -0.053670
v -0.400814 0.104538 -0.053617
v -0.060659 0.148771 -0.052812
v -0.056430 0.013663 -0.050507
v -0.132583 0.013242 -0.055499
v -0.478623 0.134349 -0.059538
v -0.107724 0.069393 -0.042721
v -0.320732 -0.006133 -0.058209
v -0.010245 0.052089 -0.059761
v -0.362381 0.149281 -0.047570
v -0.154861 0.071394 -0.048074
v -0.315160 0.089842 -0.045117
v -0.116423 0.145913 -0.054795
v -0.071061 0.165144 -0.049438
v -0.145016 0.029291 -0.057081
v -0.142384 0.137159 -0.043509
v -0.180694 0.011737 -0.059274
v -0.358493 0.179017 -0.049865
v -0.198169 0.007199 -0.051214
v -0.281983 0.131701 -0.050153
v -0.332793 0.144185 -0.044943
v -0.347512 0.007666 -0.053370
v -0.481211 0.022757 -0.043771
v -0.344526 0.177227 -0.047613
v -0.203418 0.123575 -0.040382
v -0.014483 0.021908 -0.043439
v -0.392704 0.115048 -0.057641
v -0.091528 -0.005923 -0.059600
v -0.193026 0.015432 -0.055679
v -0.328588 0.038657 -0.040372
v -0.069310 0.167333 -0.041955
v -0.130939 -0.010095 -0.042262
v -0.228537 0.088627 -0.053361
v -0.123833 0.096276 -0.047207
v -0.359784 0.067339 -0.058392
v -0.332331 0.189419 -0.049479
v -0.406593 0.146456 -0.039603
v -0.445052 0.089844 -0.042643
v -0.115772 0.081466 -0.051071
v -0.368414 0.024310 -0.040561
v -0.314881 0.048500 -0.060366
v -0.381632 0.149004 -0.044986
v -0.163429 0.148204 -0.056108
v -0.051249 0.062520 -0.043587
v -0.151337 0.163124 -0.043357
v -0.257421 0.032661 -0.059179
v -0.214858 0.128058 -0.042835
v -0.093039 0.087801 -0.058555
v -0.265563 0.092392 -0.058613
v -0.242756 0.146288 -0.057137
v -0.286079 0.004876 -0.059991
v -0.149662 0.155805 -0.049608
v -0.086014 0.127017 -0.043975
v -0.090640 0.035919 -0.053762
v -0.250852 0.012549 -0.047318
v -0.418955 0.092343 -0.042383
v -0.098197 0.060510 -0.047509
v -0.493484 0.077602 -0.046435
v -0.501848 0.117586 -0.048870
v -0.269958 0.010293 -0.048963
v -0.170197 0.157186 -0.057960
v -0.316594 0.090740 -0.046063
v -0.168230 0.185759 -0.045206
v -0.045004 0.041182 -0.040201
v 0.012051 0.053815 -0.053658
v -0.148046 0.165398 -0.048596
v -0.428475 0.016634 -0.041987
v -0.017170 0.056406 -0.043713
v -0.365368 0.008209 -0.047052
v -0.229588 0.173569 -0.055534
v -0.134201 0.168821 -0.045748
v -0.240163 0.175999 -0.041715
v -0.186961 0.170484 -0.054031
v -0.417812 0.126261 -0.046963
v -0.268759 -0.027508 -0.055904
v -0.193547 0.024526 -0.040720
v -0.376527 0.058385 -0.055168
v -0.155652 -0.013178 -0.047665
v -0.266073 0.034502 -0.051117
v -0.129752 -0.014378 -0.051285
v -0.202270 0.131057 -0.059032
v -0.116822 0.105188 -0.041577
v -0.446787 0.101976 -0.050048
v -0.098408 0.139430 -0.041697
v -0.346495 0.165757 -0.048775
v -0.128684 0.054733 -0.057366
v -0.154774 -0.011380 -0.058430
v -0.200143 0.012004 -0.043898
v -0.112402 0.017479 -0.056861
v -0.140285 0.043505 -0.048862
v -0.460298 0.012646 -0.041919
v -0.445283 0.074888 -0.048553
v -0.322563 0.129543 -0.044960
v -0.295194 0.014557 -0.049699
v -0.158262 0.172698 -0.052219
v -0.009715 0.125853 -0.044737
v -0.002046 0.083231 -0.056258
v -0.274547 0.149782 -0.041127
v -0.401874 -0.000899 -0.042541
v -0.330337 0.067082 -0.059105
v -0.189829 0.043180 -0.056089
v -0.284129 -0.027808 -0.042281
v -0.140440 0.091482 -0.048379
v -0.203818 -0.015936 -0.048176
v -0.272612 0.100022 -0.054141
v -0.471716 0.098241 -0.045067
v -0.170508 0.172748 -0.056377
v -0.067069 0.087240 -0.050628
v -0.194391 0.174454 -0.058548
v -0.143027 0.075557 -0.059483
v -0.183885 0.122836 -0.056148
v -0.076431 0.152049 -0.045792
v -0.432834 0.105065 -0.046636
v -0.041747 0.115664 -0.044834
v -0.167878 0.106276 -0.052043
v -0.165737 0.121929 -0.057960
v -0.280615 0.005936 -0.045317
v -0.389361 -0.013283 -0.044541
v -0.133979 0.062852 -0.047418
v -0.254347 0.061951 -0.048490
v -0.395255 0.113952 -0.049241
v -0.348389 0.016392 -0.042086
v -0.154838 -0.013163 -0.058324
v -0.234089 0.021383 -0.058390
v -0.300932 0.189011 -0.046156
v -0.321567 0.052965 -0.053420
v -0.019512 0.090225 -0.039878
v -0.159460 0.136866 -0.057795
v -0.132119 0.006933 -0.045787
v -0.431869 0.172547 -0.045347
v -0.209074 0.058783 -0.044916
v -0.388522 -0.004275 -0.055993
v -0.355253 0.004527 -0.057808
v -0.314835 0.005371 -0.060141
v -0.021667 0.152570 -0.058008
v -0.276527 0.161981 -0.052961
v -0.326015 0.149256 -0.054054
v -0.132976 0.059465 -0.059932
v -0.001235 0.044224 -0.044151
v 0.027514 0.104010 -0.040966
v -0.396315 0.118645 -0.057099
v -0.223792 0.168655 -0.059234
v -0.303911 0.067500 -0.045404
v -0.068304 0.067177 -0.042399
v -0.115050 0.092887 -0.057844
v -0.291738 0.179730 -0.041576
v -0.325950 0.136122 -0.042355
v -0.138748 -0.002807 -0.047017
v -0.205946 0.184411 -0.054505
v -0.247299 0.127227 -0.047561
v -0.098160 0.043090 -0.050076
v -0.055276 0.035580 -0.052760
v -0.125832 0.043373 -0.059137
v -0.463169 0.119574 -0.039541
v -0.374106 0.141224 -0.056878
v -0.242733 0.167929 -0.058265
v -0.174726 0.033438 -0.051382
v -0.087239 0.142076 -0.044348
v -0.188741 0.002571 -0.059687
v 0.016093 0.103944 -0.043857
v -0.331170 0.072235 -0.052129
v -0.240401 0.048985 -0.057101
v -0.452996 0.075812 -0.049646
v -0.159986 -0.005946 -0.051097
v -0.218291 0.101657 -0.045384
v -0.015584 0.068600 -0.050767
v -0.228111 0.108141 -0.050988
v -0.243306 0.166393 -0.055687
v -0.193789 0.097450 -0.042225
v -0.378611 0.151816 -0.054713
v -0.325281 0.186947 -0.056825
v -0.260035 0.066740 -0.048632
v -0.162565 0.164425 -0.049409
v -0.359788 0.146632 -0.051481
v -0.248627 0.105522 -0.057970
v -0.122666 0.086691 -0.046408
v -0.160454 0.046201 -0.052046
v -0.129240 -0.018452 -0.051271
v -0.252399 0.164195 -0.052234
v -0.212572 0.054641 -0.048212
v -0.499640 0.068004 -0.045811
v -0.297024 0.088215 -0.039924
v -0.397248 0.129670 -0.053977
v -0.351431 0.165486 -0.044643
v -0.229880 0.058942 -0.048141
v -0.296921 0.048227 -0.055201
v -0.022584 0.096813 -0.048203
v -0.508911 0.053157 -0.059073
v -0.300786 -0.017045 -0.042484
v -0.346284 0.039149 -0.060436
v -0.246241 0.204701 -0.059119
v -0.235117 0.060750 -0.047678
v -0.499133 0.083609 -0.054250
v -0.125028 -0.010427 -0.040986
v -0.419732 0.142113 -0.039716
v -0.392380 0.010856 -0.056328
v -0.442927 0.031463 -0.043413
v -0.401739 0.145218 -0.054355
v -0.394120 0.124244 -0.058409
v -0.215966 0.147665 -0.059469
v -0.390794 0.092654 -0.055601
v -0.174604 0.145398 -0.056657
v -0.270008 -0.032758 -0.046436
v -0.424199 0.033300 -0.041349
v -0.060549 0.082673 -0.060192
v -0.311531 -0.026350 -0.057032
v -0.499903 0.135106 -0.046633
v -0.058696 0.098350 -0.049673
v -0.160054 0.004979 -0.056898
v -0.191868 0.099776 -0.057174
v -0.271003 0.067724 -0.043632
v -0.307465 0.058237 -0.040951
v 0.003163 0.039575 -0.043717
v -0.225994 0.183695 -0.044731
v -0.442079 0.044605 -0.041916
v -0.212302 0.005909 -0.057421
v -0.036531 0.161538 -0.040287
v -0.271991 -0.002496 -0.047355
v 0.015565 0.059342 -0.049827
v -0.144405 -0.016678 -0.040119
v -0.009298 0.035301 -0.054114
v -0.090049 0.164603 -0.051023
v -0.125567 0.035895 -0.049724
v -0.057701 0.044754 -0.051253
v -0.432554 0.081438 -0.060258
v -0.129538 0.180433 -0.055050
v -0.062936 0.108817 -0.050561
v -0.033736 0.146019 -0.042816
v -0.307128 0.108780 -0.047991
v -0.058336 0.137379 -0.058735
v -0.102841 0.179654 -0.046339
v -0.457448 0.027406 -0.047902
v -0.483498 0.137617 -0.057341
v -0.273603 0.010549 -0.040691
v -0.371307 -0.012071 -0.046544
v -0.192184 0.092558 -0.053053
v -0.279963 0.025432 -0.043900
v -0.202042 0.009226 -0.053053
v 0.007989 0.115934 -0.047011
v -0.181431 0.142210 -0.041731
v -0.323358 0.001303 -0.053501
v -0.313218 0.112191 -0.040949
v -0.474080 0.030641 -0.046669
v -0.322889 0.045197 -0.047060
v -0.045613 0.008352 -0.045758
v -0.292554 0.176550 -0.052442
v -0.246270 0.146605 -0.047652
v -0.061457 0.097799 -0.053940
v -0.219774 0.089971 -0.048723
v -0.162895 0.111970 -0.039894
v -0.397793 0.167286 -0.043164
v -0.419256 0.133787 -0.057874
v -0.459572 0.083406 -0.043924
v -0.211658 0.171240 -0.049313
v -0.466890 0.083784 -0.042013
v -0.154999 0.131239 -0.050430
v -0.004957 0.078704 -0.051151
v -0.409721 0.049012 -0.047412
v -0.106161 0.110348 -0.055997
v -0.144542 0.004236 -0.044610
v -0.273924 0.013978 -0.044635
v -0.452260 0.021352 -0.039530
v -0.082078 0.012280 -0.058233
v -0.193260 0.183968 -0.041717
v -0.398623 0.184508 -0.059580
v -0.253408 0.174319 -0.058518
v -0.373811 0.179836 -0.060039
v -0.112615 0.183400 -0.054653
v -0.281721 0.128069 -0.057884
v -0.118249 0.123708 -0.059837
v -0.194930 0.145321 -0.059907
v -0.409430 0.053663 -0.059173
v -0.240626 0.001400 -0.041357
v -0.251319 -0.020598 -0.057838
v -0.258700 0.172759 -0.044687
v -0.388747 0.019988 -0.040415
v -0.280986 -0.025911 -0.050804
v -0.330184 0.073053 -0.058828
v -0.273811 0.170393 -0.039599
v -0.187939 -0.022109 -0.047427
v -0.053858 0.038630 -0.040609
v -0.458245 0.058047 -0.049194
v -0.200354 0.028486 -0.040020
v -0.422190 0.142309 -0.051253
v -0.090929 0.053439 -0.053941
v -0.181816 0.062311 -0.053354
v -0.258530 0.151881 -0.046642
v -0.079045 0.145068 -0.045330
v -0.276528 0.058608 -0.046063
v -0.414153 0.094901 -0.045863
v -0.419108 0.152638 -0.053124
v -0.176536 0.099251 -0.046162
v -0.011068 0.126351 -0.049206
v -0.213926 -0.022017 -0.056150
v -0.318126 0.155556 -0.045604
v -0.106131 0.146018 -0.055042
v -0.293488 0.105225 -0.050304
v -0.041877 0.112966 -0.046822
v -0.280081 0.126825 -0.049363
v -0.351146 0.060297 -0.054340
v -0.369751 0.136380 -0.042331
v -0.194161 -0.015853 -0.048808
v -0.428694 0.118513 -0.059450
v -0.212554 0.025266 -0.060199
v -0.208193 0.020114 -0.051605
v -0.407581 0.163483 -0.053362
v -0.082363 0.028131 -0.044067
v -0.304330 0.148092 -0.055865
v -0.198454 -0.020761 -0.059893
v -0.071062 0.166243 -0.052740
v -0.168187 -0.022188 -0.044051
v -0.174234 0.044003 -0.051707
v -0.267396 0.058253 -0.052174
v -0.357467 0.165705 -0.055693
v -0.027255 0.117965 -0.046319
v -0.182824 0.128682 -0.056827
v -0.322684 0.198134 -0.043738
v -0.484041 0.133981 -0.045927
v -0.422478 0.097239 -0.044460
v -0.379923 0.035898 -0.058323
v -0.142927 0.175426 -0.058402
v -0.439648 0.169826 -0.049929
v -0.050565 0.061220 -0.049642
v -0.299835 0.103833 -0.044530
v -0.213465 0.082958 -0.050534
v -0.422785 0.077146 -0.045570
v -0.147508 0.082599 -0.042133
v -0.146846 0.166799 -0.040723
v -0.480505 0.121454 -0.060214
v -0.187561 0.008929 -0.039621
v -0.368049 0.118308 -0.057054
v -0.218150 0.054221 -0.045161
v -0.190843 0.071412 -0.049396
v -0.215086 0.188521 -0.050447
v -0.224778 0.154736 -0.048136
v -0.430564 0.153268 -0.059490
v -0.507968 0.045368 -0.047153
v -0.345109 0.130258 -0.049705
v -0.283560 0.124071 -0.048793
v -0.246016 -0.000291 -0.042048
v -0.404677 0.164204 -0.040550
v -0.027331 0.113652 -0.051486
v -0.305484 0.153213 -0.046804
v -0.303914 0.123743 -0.056367
v -0.179339 0.057445 -0.040666
v -0.113575 0.168354 -0.051104
v -0.220312 -0.008513 -0.045034
v -0.018604 0.070672 -0.047463
v -0.214811 0.052822 -0.051294
v -0.211396 -0.018900 -0.055399
v -0.307982 0.177404 -0.044913
v -0.296440 0.086267 -0.042280
v -0.409749 0.059773 -0.056936
v -0.074385 0.121356 -0.045501
v -0.286268 0.060379 -0.042717
v -0.383950 0.038455 -0.055314
v -0.092377 0.102681 -0.047158
v -0.033738 0.104244 -0.043851
v -0.217052 0.185779 -0.049936
v -0.111719 0.159698 -0.055682
v -0.095995 -0.007193 -0.060252
v -0.084401 -0.002010 -0.043955
v -0.259715 -0.001079 -0.045482
v -0.400825 0.134947 -0.054481
v -0.034913 0.022941 -0.053248
v -0.181246 0.138268 -0.041247
v -0.109821 0.067917 -0.051523
v -0.188587 0.035959 -0.049263
v -0.293890 0.108396 -0.047842
v -0.199744 0.183480 -0.048898
v -0.016645 0.094562 -0.044631
v -0.176069 -0.008444 -0.055441
v -0.336015 0.058804 -0.050914
v -0.475120 0.083419 -0.042143
v -0.270577 -0.022284 -0.048574
v -0.438877 0.126267 -0.049696
v -0.099291 0.178314 -0.045997
v 0.011366 0.129520 -0.053895
v -0.337294 0.064078 -0.050434
v -0.275967 0.164368 -0.057612
v -0.285711 0.100860 -0.058620
v -0.276115 -0.007146 -0.044798
v -0.350886 0.125770 -0.054876
v -0.036696 0.023091 -0.046877
v -0.341936 0.058303 -0.055555
v -0.329349 0.068876 -0.040008
v -0.021060 0.075883 -0.050001
v -0.444392 0.152987 -0.040682
v -0.501209 0.036509 -0.049641
v -0.309441 0.082396 -0.048360
v -0.145585 0.062297 -0.057956
v -0.233673 0.071453 -0.055670
v -0.220111 0.075017 -0.045975
v -0.386566 0.136780 -0.058093
v -0.078972 0.039046 -0.047241
v -0.346559 0.005897 -0.043657
v -0.420242 0.093806 -0.060265
v -0.115811 0.117566 -0.052674
v -0.203824 0.023144 -0.041237
v -0.228194 0.173708 -0.041000
v -0.379412 0.007161 -0.058714
v -0.308297 0.083158 -0.050366
v -0.460965 0.134300 -0.042519
v -0.325389 0.043705 -0.054004
v -0.104048 0.016309 -0.043027
v -0.234451 0.063153 -0.056330
v -0.242224 0.069416 -0.042959
v -0.346081 0.113850 -0.052729
v -0.138566 -0.021949 -0.040498
v -0.404900 0.043028 -0.058935
v -0.016816 0.097055 -0.051346
v -0.021987 0.067951 -0.051636
v -0.220709 0.092343 -0.046907
v -0.115127 0.051851 -0.058683
v -0.030976 0.143982 -0.039645
v -0.224030 0.147801 -0.043537
v -0.333260 0.075006 -0.047604
v -0.057242 0.041614 -0.044279
v -0.446218 0.101414 -0.060184
v -0.212321 -0.018684 -0.051472
v -0.392439 0.065427 -0.057543
v -0.453534 0.065524 -0.047442
v -0.129801 0.163567 -0.044017
v -0.450067 0.069445 -0.048781
v -0.468893 0.072842 -0.058015
v -0.474877 0.066809 -0.047042
v -0.232606 0.053144 -0.059857
v -0.187718 0.010570 -0.052877
v -0.129952 0.009612 -0.041667
v -0.033884 0.098395 -0.057843
v -0.151900 0.069599 -0.041995
v -0.232758 0.013280 -0.042665
v -0.392087 0.017973 -0.043048
v -0.234356 0.098266 -0.039967
v -0.267704 0.081838 -0.040684
v -0.111669 0.041048 -0.057577
v -0.076944 0.120853 -0.053452
v -0.355270 0.192797 -0.050828
v -0.474198 0.111815 -0.046410
v -0.148762 0.134689 -0.047855
v -0.229009 0.048412 -0.046368
v -0.141887 0.008091 -0.054613
v -0.414758 0.026639 -0.040761
v -0.355824 0.104688 -0.057541
v -0.095866 0.060543 -0.048160
v -0.486970 0.118716 -0.041986
v -0.124314 0.052919 -0.045140
v -0.257948 0.128202 -0.043211
v -0.334039 0.138263 -0.050292
v -0.166983 0.026520 -0.044130
v -0.067126 0.163542 -0.057528
v -0.152506 0.024601 -0.043059
v -0.256775 0.069224 -0.045079
v -0.084396 0.114253 -0.041068
v -0.103455 0.039095 -0.040537
v -0.372014 0.098785 -0.057644
v -0.136993 0.017580 -0.056770
v -0.138519 0.161553 -0.053610
v -0.292330 -0.019891 -0.060394
v -0.076277 0.130748 -0.040648
v -0.198689 0.038007 -0.046034
v -0.275683 0.027274 -0.057639
v -0.400451 0.121061 -0.040887
v -0.025640 0.035802 -0.052664
v -0.314991 0.088236 -0.053120
v -0.463636 0.046511 -0.040575
v -0.069374 0.134289 -0.040031
v -0.445240 0.014365 -0.041896
v -0.051766 0.153544 -0.058690
v -0.216292 0.116250 -0.042018
v -0.252631 0.027670 -0.043344
v -0.229874 0.058213 -0.048540
v -0.231692 0.105514 -0.059012
v -0.389513 0.113407 -0.060191
v -0.110848 0.068627 -0.045786
v -0.165313 0.082187 -0.049912
v -0.201440 -0.002897 -0.053628
v -0.314831 0.188975 -0.057542
v -0.422133 0.051065 -0.048045
v -0.480953 0.035379 -0.051845
v -0.151284 0.129599 -0.040412
v -0.229429 0.008085 -0.045113
v -0.006235 0.057846 -0.049692
v -0.125763 0.148931 -0.043600
v -0.217416 0.052854 -0.041564
v -0.258973 0.053322 -0.055086
v -0.088125 0.104883 -0.048709
v -0.348679 0.048619 -0.056653
v -0.397001 0.097799 -0.040113
v -0.197307 -0.015277 -0.051305
v -0.507358 0.067917 -0.055419
v -0.172237 0.051091 -0.049371
v -0.368815 0.119890 -0.049041
v -0.069493 0.103887 -0.056431
v -0.513497 0.049425 -0.039574
v -0.038252 0.011610 -0.049929
v -0.510919 0.050382 -0.053824
v -0.210210 0.198910 -0.043746
v -0.423445 0.003917 -0.051976
v -0.208000 0.104769 -0.053486
v -0.423301 0.111704 -0.054689
v -0.087726 0.107157 -0.047483
v -0.348896 0.142783 -0.052162
v -0.214806 0.134206 -0.043182
v -0.418474 0.035678 -0.053501
v -0.238484 0.045764 -0.050139
v -0.321678 -0.012666 -0.046512
v -0.461042 0.018279 -0.058406
v -0.170762 0.103838 -0.044143
v -0.167073 0.071558 -0.039788
v -0.088151 0.093086 -0.054306
v -0.031222 0.049783 -0.059366
v -0.281116 0.037797 -0.060000
v -0.282503 0.013323 -0.055590
v -0.136127 -0.020719 -0.045829
v -0.145368 0.110056 -0.060486
v -0.158109 0.106763 -0.051308
v -0.344763 0.183311 -0.048616
v -0.200127 0.063755 -0.057184
v -0.466856 0.138337 -0.041202
v -0.165444 0.103879 -0.055993
v -0.270326 0.034447 -0.042051
v -0.025900 0.064633 -0.046086
v -0.260966 0.180206 -0.047530
v -0.101657 0.097587 -0.040427
v -0.492099 0.089920 -0.045712
v -0.140788 0.017132 -0.048934
v -0.033795 0.042284 -0.048112
v -0.278755 0.099831 -0.055657
v -0.247038 0.054080 -0.060296
v -0.461485 0.158168 -0.047437
v -0.005740 0.064977 -0.060244
v -0.325881 -0.000050 -0.060437
v -0.404380 0.179624 -0.042056
v -0.426934 0.121986 -0.045827
v -0.242884 0.054462 -0.049102
v -0.434122 0.002974 -0.040436
v -0.085279 0.080692 -0.047577
v -0.034040 0.011004 -0.052957
v -0.238840 0.025738 -0.052650
v -0.345281 0.066061 -0.052912
v -0.185901 0.097407 -0.040261
v -0.440379 0.046336 -0.046973
v -0.394251 0.131904 -0.041306
v -0.216952 0.058866 -0.049019
v -0.287165 0.003693 -0.059574
v -0.293743 0.029296 -0.050441
v -0.272188 0.183255 -0.045450
v -0.028123 0.058445 -0.048524
v -0.299235 0.173596 -0.040273
v -0.341390 0.125112 -0.060442
v -0.419114 0.089120 -0.042691
v -0.159161 0.142225 -0.055923
v -0.418552 0.003892 -0.058970
v -0.207239 0.156735 -0.055143
v -0.150928 0.054325 -0.058279
v -0.364248 0.072926 -0.059216
v -0.142059 0.192536 -0.045748
v -0.100580 0.170885 -0.054038
v -0.201795 0.059936 -0.045018
v -0.192726 0.089628 -0.041704
v -0.450551 0.131454 -0.053020
v -0.002851 0.088556 -0.049139
v -0.076251 0.040528 -0.055398
v -0.093096 0.177713 -0.058644
v -0.350012 0.120017 -0.057642
v -0.114049 0.056845 -0.046255
v 0.012141 0.054554 -0.050913
v -0.240049 -0.034866 -0.048814
v -0.060617 0.075767 -0.042499
v -0.194342 0.057567 -0.048038
v -0.399091 0.041530 -0.056983
v 0.014341 0.118547 -0.055454
v -0.372688 -0.014274 -0.043756
v -0.168603 0.054951 -0.052729
v -0.324899 0.080522 -0.050799
v -0.290301 0.089152 -0.047987
v -0.060726 0.085405 -0.058592
v -0.310414 0.124940 -0.045512
v -0.360589 0.068857 -0.051440
v -0.162530 0.074876 -0.043800
v -0.265196 0.035826 -0.053096
v -0.037614 0.028077 -0.049533
v -0.046609 0.030112 -0.046086
v -0.416474 0.053219 -0.044271
v -0.376213 0.083767 -0.052700
v -0.323498 0.074214 -0.048141
v -0.340889 0.180729 -0.046004
v -0.478378 0.103442 -0.058522
v -0.302906 0.076131 -0.059443
v -0.084485 0.081521 -0.055537
v -0.493167 0.061333 -0.047819
v -0.203497 0.171619 -0.052616
v -0.060661 0.054658 -0.048280
v -0.045139 0.021190 -0.054702
v -0.095900 0.068800 -0.059378
v -0.082165 0.133641 -0.056969
v -0.244656 0.036492 -0.059367
v -0.455811 0.055097 -0.049230
v -0.428496 0.007012 -0.055699
v -0.305185 0.044510 -0.055209
v -0.281000 0.167378 -0.054646
v -0.223100 0.127125 -0.044765
v -0.339096 0.078660 -0.051649
v -0.086633 0.064112 -0.047849
v -0.238120 0.096293 -0.057843
v -0.269772 0.075022 -0.059742
v -0.230987 0.110933 -0.040821
v -0.291194 0.031910 -0.057745
v -0.288239 0.001988 -0.042640
v -0.064769 0.165348 -0.055382
v -0.258921 0.060924 -0.044186
v -0.189119 0.111708 -0.053455
v -0.112631 0.102448 -0.056362
v -0.352600 -0.014389 -0.053267
v -0.211545 0.029298 -0.043108
v -0.408436 0.103994 -0.041535
v -0.078435 0.134728 -0.057728
v -0.209252 0.092695 -0.057100
v -0.394722 0.040080 -0.041947
v -0.342198 -0.010234 -0.050637
v -0.404881 0.149713 -0.042427
v -0.116509 0.172235 -0.049351
v -0.065915 0.157315 -0.054963
v -0.115527 -0.001661 -0.043255
v -0.088436 0.115312 -0.057094
v -0.475954 0.040651 -0.056236
v -0.103829 0.141598 -0.049977
v -0.387559 0.151334 -0.052760
v -0.108180 -0.007625 -0.041444
v -0.483038 0.110432 -0.041791
v -0.421467 0.152132 -0.040973
v -0.074446 0.128155 -0.052232
v -0.347005 0.135320 -0.054474
v -0.235898 0.024491 -0.046723
v -0.418908 0.113421 -0.039926
v -0.334136 -0.000751 -0.056540
v -0.218894 0.161353 -0.060321
v -0.350941 0.026014 -0.050974
v -0.168429 0.120697 -0.057672
v -0.176684 0.057089 -0.054294
v -0.168854 0.129362 -0.051870
v -0.081877 0.167897 -0.053286
v -0.379283 0.002247 -0.054902
v -0.113389 0.165334 -0.042647
v -0.426842 -0.003708 -0.049290
v -0.525297 0.090099 -0.040542
v -0.425424 0.015288 -0.040964
v -0.165122 0.131879 -0.053966
v -0.212499 0.053327 -0.047884
v -0.306490 0.028662 -0.056279
v -0.320051 0.134658 -0.057686
v 0.024569 0.059324 -0.040608
v -0.128113 0.076456 -0.052822
v -0.056558 0.115833 -0.055777
v -0.255981 0.138704 -0.043380
v -0.197769 0.029946 -0.058848
v -0.116971 -0.010474 -0.049391
v -0.389489 0.125840 -0.045406
v -0.378279 0.144698 -0.045217
v -0.065776 0.039545 -0.054860
v -0.339185 0.155468 -0.048177
v -0.049995 0.019127 -0.054867
v -0.210709 -0.027988 -0.047150
v -0.088612 0.061296 -0.055461
v -0.379830 0.144707 -0.042498
v -0.458915 0.156955 -0.048012
v -0.522113 0.082790 -0.059165
v -0.209375 0.146256 -0.058839
v -0.341664 0.145665 -0.049255
v -0.069833 0.035358 -0.041069
v -0.000184 0.040441 -0.054067
v -0.107955 0.121518 -0.044531
v -0.378589 0.046179 -0.040761
v -0.404333 0.050221 -0.042771
v -0.139892 0.185666 -0.055470
v -0.512889 0.119298 -0.057629
v -0.407586 0.159838 -0.039767
v -0.264588 0.158930 -0.040904
v -0.310066 0.201676 -0.040473
v -0.372483 0.010469 -0.055296
v -0.030532 0.014822 -0.043352
v -0.297121 0.148950 -0.054012
v -0.260540 0.057054 -0.048602
v -0.201455 0.188310 -0.055754
v -0.023363 0.060865 -0.060120
v -0.474120 0.063681 -0.057938
v -0.011375 0.044896 -0.041185
v -0.186584 0.117261 -0.052764
v -0.328591 0.073804 -0.040917
v -0.268819 0.131424 -0.052882
v -0.102211 0.072757 -0.041679
v -0.490675 0.131561 -0.043752
v -0.263256 0.194898 -0.046840
v -0.274223 0.061006 -0.050058
v -0.318123 0.046913 -0.046890
v -0.229572 0.067372 -0.049390
v -0.171825 -0.022632 -0.043273
v -0.215459 0.163691 -0.050988
v -0.404153 0.049408 -0.053698
v -0.175073 0.160856 -0.058159
v -0.056743 0.033711 -0.059521
v -0.228088 -0.015221 -0.043379
v -0.142184 -0.021872 -0.059179
v -0.095024 0.052879 -0.046869
v -0.280078 0.063359 -0.059968
v -0.097811 0.175497 -0.056758
v -0.139507 0.132923 -0.053784
v -0.389635 -0.014656 -0.057982
v -0.095958 0.095754 -0.040179
v -0.282373 0.045436 -0.041212
v -0.230789 -0.002139 -0.047322
v -0.008932 0.146927 -0.041423
v -0.207830 0.135489 -0.047429
v -0.312703 0.122786 -0.044213
v -0.140908 0.175923 -0.047880
v -0.154771 0.179082 -0.042525
v -0.212578 0.016083 -0.045398
v -0.085004 0.069911 -0.041742
v -0.317261 0.038205 -0.055573
v -0.138319 0.168675 -0.044312
v -0.466622 0.120210 -0.056508
v -0.463679 0.071837 -0.060470
v -0.373643 0.147285 -0.045937
v -0.046321 0.017458 -0.044081
v -0.227050 0.141305 -0.051537
v -0.523250 0.079446 -0.050640
v -0.195524 0.099309 -0.040001
v -0.131197 0.099523 -0.047750
v -0.224525 0.044324 -0.049881
v -0.106682 0.177855 -0.052496
v -0.087737 0.133727 -0.057225
v -0.065403 0.141382 -0.040505
v -0.116474 0.077933 -0.040282
v -0.345085 -0.000897 -0.056659
v -0.028058 0.144236 -0.046509
v -0.146793 0.018536 -0.045644
v -0.267267 0.195782 -0.044134
v -0.405487 0.094067 -0.044671
v -0.160293 0.125164 -0.040133
v -0.199135 0.182417 -0.057292
v 0.009049 0.050866 -0.049824
v -0.408612 0.006784 -0.054367
v -0.082788 0.083583 -0.039702
v -0.115188 0.014592 -0.045436
v -0.365476 -0.000656 -0.042435
v -0.128660 0.190715 -0.051994
v -0.429160 0.160754 -0.047523
v -0.118973 0.082449 -0.046722
v -0.135885 0.050203 -0.041661
v -0.198886 0.004474 -0.043727
v -0.041619 0.124137 -0.049337
v -0.278748 0.183166 -0.050173
v -0.139696 0.120474 -0.050303
v -0.350799 0.186721 -0.040555
v -0.216066 -0.011193 -0.053697
v -0.020840 0.093144 -0.055885
v -0.483320 0.050140 -0.009296
v -0.300866 -0.095487 -0.005686
v -0.259123 -0.072814 -0.002827
v -0.129341 0.039700 0.006106
v -0.198282 0.018905 0.001442
v -0.267418 -0.110621 0.003353
v -0.473969 0.057811 0.004628
v -0.160512 0.039481 0.008785
v -0.450333 0.065712 -0.010145
v -0.272697 -0.014747 0.004639
v -0.457665 -0.030279 -0.003758
v -0.510188 -0.020942 -0.006618
v -0.356367 0.000394 -0.007621
v -0.354199 0.079088 -0.007176
v -0.130008 0.008858 0.003193
v -0.153205 0.058170 -0.008614
v -0.445968 0.108885 0.001503
v -0.347811 -0.078683 0.009379
v -0.517845 0.049861 0.003093
v -0.525016 0.050300 0.000488
v -0.325623 0.047608 -0.000198
v -0.428742 0.003431 0.002141
v -0.336946 -0.043213 0.003193
v -0.371405 -0.017990 0.009642
v -0.442379 -0.110958 0.000730
v -0.554137 0.013770 -0.003099
v -0.203904 -0.097763 0.009255
v -0.455597 -0.104468 0.004164
v -0.384313 0.037999 -0.008574
v -0.329913 -0.068270 -0.006544
v -0.130047 -0.028151 0.005998
v -0.427834 -0.038776 -0.007882
v -0.256566 0.011820 -0.009046
v -0.215138 -0.088394 -0.000288
v -0.551164 0.082881 0.001324
v -0.608645 0.031379 -0.000421
v -0.352346 -0.004017 -0.001662
v -0.513233 -0.028342 -0.004007
v -0.443653 -0.068240 -0.002081
v -0.543707 -0.040602 0.008891
v -0.287397 -0.023710 0.006641
v -0.474271 0.046565 0.004003
v -0.096474 0.023410 -0.009806
v -0.488587 0.039440 0.004180
v -0.403374 0.004325 0.005021
v -0.142106 -0.014082 0.002446
v -0.169013 -0.018423 -0.008192
v -0.499306 -0.072571 -0.007616
v -0.394024 -0.053399 -0.006176
v -0.423428 -0.086931 0.004599
v -0.278784 0.064071 -0.007108
v -0.254576 0.065439 -0.006166
v -0.435497 0.113475 0.007420
v -0.552054 -0.075460 0.002536
v -0.546735 -0.033132 -0.003457
v -0.560916 0.071517 -0.001807
v -0.490262 0.026181 -0.003561
v -0.369564 0.113604 0.008890
v -0.354555 -0.066503 -0.005095
v -0.112258 0.050308 0.002352
v -0.563671 0.070552 0.001871
v -0.347417 -0.059078 0.004319
v -0.257900 -0.049126 -0.001031
v -0.311198 0.111394 0.007919
v -0.367576 0.086690 0.003696
v -0.465307 -0.075110 -0.007432
v -0.196758 0.020315 -0.001677
v -0.502479 -0.050978 0.009139
v -0.121596 -0.007192 0.000697
v -0.323959 -0.086010 0.007521
v -0.367177 0.059447 -0.008324
v -0.085556 0.005684 0.001491
v -0.189669 0.072338 -0.008082
v -0.407780 0.003328 -0.003637
v -0.187445 -0.051127 -0.006453
v -0.519417 -0.077609 -0.002719
v -0.561106 0.015721 0.007542
v -0.252521 0.042125 -0.009599
v -0.382398 0.077718 -0.004108
v -0.252728 -0.019970 0.002330
v -0.582108 -0.044219 -0.007530
v -0.363316 -0.071348 -0.007636
v -0.169878 0.067883 -0.000809
v -0.186004 -0.086639 0.000604
v -0.451069 -0.029399 0.001729
v -0.527959 -0.079203 0.009741
v -0.522655 -0.026838 0.006429
v -0.156687 -0.043734 0.009332
v -0.361706 0.071875 -0.004235
v -0.359430 0.068529 -0.002354
v -0.236084 0.028725 0.000883
v -0.531504 0.081813 -0.004271
v -0.246661 0.099867 -0.007191
v -0.399271 -0.038841 0.007517
v -0.285737 0.076353 -0.006655
v -0.538825 0.053832 -0.010107
v -0.328773 0.080051 0.001668
v -0.583025 -0.002783 0.006321
v -0.551745 0.065990 0.006955
v -0.106129 0.021760 0.010260
v -0.487398 -0.082265 0.008341
v -0.484562 -0.026732 0.005319
v -0.244049 -0.011883 0.006399
v -0.157299 0.052171 -0.000267
v -0.295454 -0.019521 -0.004967
v -0.196229 -0.002673 0.007171
v -0.225112 0.020589 0.006173
v -0.211699 -0.100634 -0.007069
v -0.263100 -0.085964 -0.004613
v -0.442232 0.032349 0.005284
v -0.380724 -0.103357 0.005434
v -0.317760 0.041607 0.010374
v -0.446562 -0.040666 -0.007638
v -0.232238 0.056843 0.010322
v -0.293620 0.109803 -0.005676
v -0.323106 0.059326 -0.000663
v -0.137807 0.041213 0.003577
v -0.519996 0.035535 0.009089
v -0.091544 0.007462 -0.007518
v -0.566667 0.012687 0.005269
v -0.455704 0.104347 -0.009310
v -0.379811 0.071886 -0.009323
v -0.241289 -0.017920 -0.005653
v -0.563957 -0.051709 0.006637
v -0.327177 0.017960 -0.004812
v -0.133186 -0.052692 -0.009520
v -0.533575 -0.020297 0.009378
v -0.272822 -0.102775 0.006240
v -0.318892 -0.007630 -0.000961
v -0.291191 0.041447 0.006238
v -0.419630 0.108614 -0.009272
v -0.256426 -0.093763 0.008742
v -0.364778 0.112590 -0.000786
v -0.335381 -0.037731 0.008764
v -0.495876 -0.077728 -0.003757
v -0.355978 0.038961 0.006020
v -0.559653 -0.065904 0.008939
v -0.190291 0.022262 0.000874
v -0.611481 -0.026400 -0.007264
v -0.447517 -0.085498 -0.003371
v -0.300764 -0.021854 -0.007233
v -0.554056 -0.062534 0.001784
v -0.415911 -0.068921 0.005423
v -0.378002 0.059363 0.000150
v -0.367969 -0.116532 -0.000305
v -0.481165 -0.057790 0.005658
v -0.242770 0.023894 -0.007770
v -0.297856 0.013398 0.000649
v -0.293945 -0.005210 0.004135
v -0.143073 -0.009779 0.006454
v -0.352852 -0.026804 0.008743
v -0.274730 -0.004902 0.007456
v -0.222972 -0.063375 0.004065
v -0.269784 -0.110664 0.002064
v -0.478911 0.073562 0.002508
v -0.351907 0.071490 0.002062
v -0.374599 -0.113188 -0.008203
v -0.255986 0.030064 0.008512
v -0.121908 -0.034953 -0.005255
v -0.461661 -0.018102 -0.010049
v -0.282458 -0.036292 -0.008127
v -0.246729 0.088434 0.003887
v -0.367592 0.112258 -0.002467
v -0.092268 -0.029760 0.005041
v -0.144332 0.000835 -0.006394
v -0.199770 -0.009716 -0.001201
v -0.318504 -0.009193 0.000046
v -0.548323 -0.009960 0.001682
v -0.420692 0.054626 -0.010063
v -0.219511 0.096224 0.002391
v -0.493262 0.059482 -0.003163
v -0.549608 -0.072672 -0.006521
v -0.431928 -0.076952 0.002602
v -0.204805 -0.042994 0.002828
v -0.280894 0.112999 0.002052
v -0.404889 0.052956 -0.006615
v -0.180299 -0.039224 0.006191
v -0.260161 0.060685 -0.007274
v -0.579614 0.055427 -0.003165
v -0.132129 0.054208 -0.007690
v -0.470071 -0.074826 0.008976
v -0.262703 0.052118 -0.009002
v -0.106927 -0.053856 0.005641
v -0.328471 0.045808 -0.003827
v -0.339028 -0.100370 -0.002053
v -0.525327 0.032017 0.004624
v -0.248626 0.063217 0.006860
v -0.388919 -0.096356 0.009533
v -0.184246 0.019551 -0.003460
v -0.361613 0.085920 0.003072
v -0.432768 -0.011828 -0.006200
v -0.172716 0.060456 0.005466
v -0.208502 0.015752 0.000723
v -0.210692 -0.081108 -0.007202
v -0.316005 -0.031514 0.007361
v -0.138593 0.061044 0.005924
v -0.455760 0.047000 0.003418
v -0.174415 -0.067668 0.000805
v -0.208957 -0.064589 0.000751
v -0.197383 -0.003524 -0.010323
v -0.342098 -0.039607 -0.003639
v -0.413527 -0.010048 -0.004005
v -0.385023 0.041207 0.007073
v -0.100410 0.000645 -0.006769
v -0.108982 -0.050146 -0.000046
v -0.475318 -0.063512 0.006970
v -0.594545 -0.013763 0.009655
v -0.446310 -0.048516 0.007775
v -0.351651 -0.105643 -0.008006
v -0.442489 0.017051 -0.004280
v -0.257212 0.084912 0.004512
v -0.448090 0.017842 -0.008923
v -0.286762 0.060553 -0.009157
v -0.396862 0.091682 0.000670
v -0.323293 -0.038637 0.004888
v -0.102173 -0.043868 0.001435
v -0.181574 -0.085193 -0.008609
v -0.228308 -0.060908 0.006833
v -0.531745 0.052044 0.010012
v -0.390274 0.098222 -0.008473
v -0.225725 0.084964 -0.008171
v -0.413642 -0.008778 0.007879
v -0.385775 0.008149 0.003952
v -0.343638 0.004822 -0.010387
v -0.127008 -0.040471 0.000824
v -0.288640 0.070790 0.007832
v -0.127503 0.002306 -0.003641
v -0.290654 0.053578 0.000619
v -0.327717 0.100646 0.009142
v -0.456419 -0.015824 -0.001723
v -0.307173 -0.046090 0.005845
v -0.342406 -0.029810 -0.001027
v -0.529896 -0.016716 0.006775
v -0.339317 -0.115855 0.007514
v -0.257941 0.080293 0.008180
v -0.203734 -0.057390 0.008252
v -0.472114 -0.099864 -0.006219
v -0.279469 -0.070388 0.005187
v -0.572982 -0.003399 0.008049
v -0.089464 -0.026084 0.005251
v -0.336731 -0.050169 -0.000948
v -0.347166 0.089160 0.009768
v -0.135698 0.074686 -0.006513
v -0.478354 -0.091465 -0.006276
v -0.316650 0.092531 -0.008418
v -0.543140 -0.021566 0.009887
v -0.420724 0.042092 0.004981
v -0.359565 -0.029912 -0.000486
v -0.413482 -0.101317 0.009260
v -0.078816 0.014523 -0.000372
v -0.520018 0.063718 -0.001628
v -0.467289 -0.052959 0.001722
v -0.084744 0.004484 0.000803
v -0.167160 0.057272 -0.004906
v -0.321895 -0.093807 -0.000691
v -0.518482 0.026204 -0.000826
v -0.443129 -0.000795 0.009869
v -0.575857 0.054009 0.003008
v -0.498027 -0.016722 0.003376
v -0.249657 0.088762 0.010304
v -0.302547 -0.041906 -0.002293
v -0.535438 0.086094 -0.002116
v -0.436551 0.032921 0.007767
v -0.426633 -0.016668 -0.003703
v -0.287512 0.090354 0.001957
v -0.262530 -0.030575 -0.003651
v -0.533573 -0.058950 0.002694
v -0.163656 0.004537 -0.004245
v -0.179968 0.084247 -0.010028
v -0.371924 0.082185 0.005561
v -0.533070 0.048415 0.010437
v -0.179014 0.030585 0.002493
v -0.558984 0.008789 0.001118
v -0.478154 -0.037472 0.003774
v -0.355124 0.071156 0.002474
v -0.510887 -0.032965 -0.008919
v -0.600460 -0.006116 0.006342
v -0.296239 -0.033012 -0.000797
v -0.395959 0.078817 0.009318
v -0.447863 0.063101 0.001712
v -0.317154 -0.036606 -0.002503
v -0.316217 -0.086462 -0.004930
v -0.450472 0.097752 -0.007000
v -0.510242 -0.083024 0.007893
v -0.403628 0.043963 0.007050
v -0.237002 -0.004092 -0.007570
v -0.520447 0.019402 -0.004413
v -0.405570 -0.017725 0.007137
v -0.261831 0.079190 -0.005194
v -0.593773 -0.013254 -0.010489
v -0.197997 -0.063320 -0.006511
v -0.378690 -0.021009 -0.000368
v -0.452859 -0.076453 -0.005524
v -0.509390 -0.046426 0.007002
v -0.353714 -0.039034 -0.003200
v -0.214481 -0.005767 -0.007363
v -0.109157 -0.026411 0.008719
v -0.226468 0.016194 0.003773
v -0.395426 -0.102770 -0.002031
v -0.568508 -0.061240 0.002025
v -0.372555 -0.012470 0.009833
v -0.444681 0.050691 0.001217
v -0.336740 -0.052216 -0.001296
v -0.598695 -0.028341 0.010301
v -0.542301 0.037528 0.000056
v -0.585853 0.012865 -0.010090
v -0.208369 0.055803 -0.001797
v -0.382653 -0.017521 -0.008127
v -0.349862 -0.078481 0.008160
v -0.253595 0.040228 0.008798
v -0.440122 0.111628 -0.007738
v -0.398107 -0.014070 -0.000337
v -0.488873 -0.101021 0.001231
v -0.121386 -0.046764 -0.002641
v -0.367294 0.022387 -0.007523
v -0.333179 -0.040378 0.008613
v -0.491533 -0.051008 -0.000469
v -0.422983 0.071753 -0.006757
v -0.239597 -0.019099 0.002289
v -0.413886 0.048507 0.002839
v -0.449564 -0.067150 -0.009883
v -0.544066 0.000573 -0.002335
v -0.573982 -0.025409 -0.003661
v -0.527728 -0.053381 -0.003649
v -0.141026 0.062015 -0.005633
v -0.346608 0.009264 0.006939
v -0.202632 -0.012275 0.004802
v -0.327315 0.047949 0.006907
v -0.296354 -0.016821 0.005061
v -0.528984 0.059976 0.009377
v -0.283838 -0.013230 0.004560
v -0.614960 0.019964 0.002942
v -0.477552 -0.060692 -0.007202
v -0.321241 -0.086991 0.000957
v -0.346252 0.070619 -0.003759
v -0.444503 -0.079620 -0.006910
v -0.483429 -0.033555 0.003807
v -0.484437 0.083335 -0.003935
v -0.580013 0.066019 -0.003618
v -0.404907 0.025619 -0.009102
v -0.382914 0.023517 0.007385
v -0.201256 0.019464 -0.008552
v -0.497069 0.021254 -0.000596
v -0.329382 -0.095489 -0.003011
v -0.232863 0.061581 0.000607
v -0.360008 -0.102596 -0.008145
v -0.303321 -0.079005 -0.003015
v -0.428090 0.102387 0.001493
v -0.302950 0.061323 0.008427
v -0.303119 0.066309 -0.000245
v -0.478944 -0.012103 -0.007879
v -0.333763 0.033895 0.006038
v -0.401753 -0.054396 0.003031
v -0.108367 -0.058256 -0.001530
v -0.162449 0.019262 0.000734
v -0.228621 0.102225 -0.009065
v -0.296581 -0.079917 -0.000520
v -0.095804 0.006608 -0.001369
v -0.378213 0.027480 -0.006688
v -0.495723 0.022409 -0.003639
v -0.493139 -0.097875 0.004808
v -0.599847 0.011732 0.000249
v -0.180995 0.053693 -0.008245
v -0.522472 0.037747 -0.004357
v -0.215516 -0.061876 0.004940
v -0.511301 0.026026 -0.007086
v -0.272070 -0.085814 -0.009129
v -0.397517 0.051067 -0.002183
v -0.531014 -0.047647 0.008162
v -0.476441 -0.057059 0.009905
v -0.468822 0.078644 0.001577
v -0.291760 -0.096466 -0.008145
v -0.554158 -0.017985 -0.000426
v -0.530405 -0.040899 -0.005587
v -0.135989 -0.042371 -0.007062
v -0.408324 -0.084590 -0.001898
v -0.613754 -0.015774 -0.006926
v -0.390939 0.060663 0.009196
v -0.324707 -0.064553 0.005273
v -0.163787 -0.057262 0.004708
v -0.510776 -0.039497 0.001282
v -0.168221 -0.076123 0.008186
v -0.461828 0.089032 -0.003181
v -0.620130 -0.014551 0.005080
v -0.315138 -0.022718 -0.007487
v -0.549460 0.033159 0.004854
v -0.555197 -0.072013 0.007260
v -0.216040 -0.092260 -0.004216
v -0.566686 -0.024123 0.008553
v -0.426515 0.010234 -0.010198
v -0.450622 0.080629 -0.004216
v -0.086949 -0.024838 0.006529
v -0.288061 -0.103637 -0.006172
v -0.611674 0.002580 0.000485
v -0.507062 0.054823 -0.008757
v -0.383437 -0.094787 -0.006092
v -0.592771 -0.001816 0.007327
v -0.289581 0.022563 -0.005339
v -0.154415 -0.007355 0.000814
v -0.392102 0.113451 0.001605
v -0.317945 -0.011732 0.006193
v -0.494200 -0.093048 0.007218
v -0.581011 -0.048779 0.007001
v -0.550265 0.030720 -0.002721
v -0.194364 0.089195 0.008917
v -0.463217 -0.028778 0.006076
v -0.134253 0.058216 -0.003925
v -0.592525 -0.003000 0.005345
v -0.586383 0.022859 0.005645
v -0.410314 -0.046283 0.003640
v -0.110318 0.012960 -0.007941
v -0.338077 0.091600 -0.010281
v -0.152549 -0.022565 0.007409
v -0.195476 -0.006361 0.003073
v -0.388807 0.038335 0.004694
v -0.284333 0.007654 0.000653
v -0.234585 -0.095073 0.007467
v -0.361850 -0.024276 -0.003617
v -0.238777 -0.045147 0.004507
v -0.330087 0.030505 -0.003292
v -0.430963 -0.100643 -0.000080
v -0.478745 0.052395 0.008715
v -0.145360 0.047404 0.000203
v -0.521099 -0.052983 -0.006111
v -0.338927 0.094268 0.004291
v -0.494599 -0.063255 0.009984
v -0.095916 -0.016146 -0.001466
v -0.533218 0.087151 -0.001042
v -0.344764 0.096770 0.007576
v -0.291347 -0.053062 -0.000266
v -0.285414 0.065012 0.007922
v -0.228682 0.038409 -0.002249
v -0.374982 -0.022330 -0.007685
v -0.486991 -0.002975 -0.000291
v -0.599523 0.029663 0.000939
v -0.566046 0.049529 -0.002558
v -0.082410 0.003378 -0.004305
v -0.520553 -0.009813 -0.005147
v -0.136488 0.042141 -0.001844
v -0.261516 0.008467 0.010483
v -0.614929 0.027767 0.002827
v -0.292516 0.084279 0.006681
v -0.193487 -0.037401 -0.004922
v -0.078481 -0.018196 -0.009713
v -0.450573 -0.077569 -0.007657
v -0.324731 -0.001359 -0.007503
v -0.509269 0.037694 0.009106
v -0.439474 -0.002197 0.002809
v -0.434069 -0.072313 0.000606
v -0.539426 -0.043976 0.006179
v -0.159825 -0.040524 0.001578
v -0.160735 0.023512 -0.005037
v -0.339603 -0.114853 0.007566
v -0.512943 -0.071337 -0.010425
v -0.258162 0.075712 0.005534
v -0.388688 0.092530 -0.000959
v -0.369476 0.067357 0.009679
v -0.170398 0.065229 0.006954
v -0.328216 -0.087492 0.008248
v -0.220983 0.063344 -0.000976
v -0.318819 -0.011303 0.009825
v -0.255385 -0.110353 0.010188
v -0.291120 -0.101351 0.007122
v -0.243937 -0.095411 0.005579
v -0.199097 0.014505 -0.006126
v -0.552378 -0.002113 -0.009135
v -0.557170 0.003674 -0.001193
v -0.354464 -0.117670 -0.005829
v -0.332164 0.075956 0.005481
v -0.592274 0.034093 -0.008520
v -0.394220 -0.091397 0.002576
v -0.142554 0.076142 -0.006447
v -0.229882 -0.099630 0.009856
v -0.311005 0.039495 -0.007702
v -0.360411 0.048815 -0.009670
v -0.367024 0.096860 -0.006922
v -0.168858 -0.082784 0.002335
v -0.377008 -0.070667 -0.000802
v -0.106487 0.004805 -0.009108
v -0.131944 0.034708 0.003979
v -0.272618 -0.053090 0.001366
v -0.258191 0.061624 0.005896
v -0.229446 -0.081200 -0.009251
v -0.568488 0.010206 -0.008425
v -0.420729 -0.034076 0.005264
v -0.533810 -0.022343 0.001835
v -0.367697 -0.082327 0.005133
v -0.090993 -0.011928 0.001561
v -0.316869 0.048516 -0.008859
v -0.502942 0.001644 -0.007473
v -0.385507 0.059872 0.008192
v -0.428944 -0.044008 -0.001696
v -0.151489 0.068495 -0.009416
v -0.288700 0.069418 -0.001436
v -0.399665 -0.051425 -0.000527
v -0.245374 0.061157 0.004084
v -0.219373 0.101583 -0.007320
v -0.139342 0.020268 0.005868
v -0.327490 0.113004 -0.001804
v -0.210591 0.068236 -0.006372
v -0.143387 -0.023665 -0.010290
v -0.562483 0.020448 -0.009869
v -0.236130 0.033516 -0.003496
v -0.268364 -0.112614 -0.009954
v -0.563211 0.022610 -0.008621
v -0.349138 -0.022321 -0.001019
v -0.300553 0.033508 0.000851
v -0.391623 0.016610 0.000196
v -0.180384 -0.064413 -0.000092
v -0.332597 0.017426 0.006796
v -0.458657 0.105399 0.005743
v -0.360205 -0.106727 0.010475
v -0.262228 0.031503 0.006463
v -0.162033 -0.018319 -0.010368
v -0.355949 0.059327 -0.009370
v -0.098014 -0.014767 0.005451
v -0.416481 0.102538 0.008450
v -0.306953 0.041671 0.003107
v -0.186943 0.006782 -0.005992
v -0.557317 -0.054611 -0.007520
v -0.379619 -0.115433 0.004839
v -0.483934 -0.033144 0.006789
v -0.292900 -0.078952 -0.006714
v -0.444763 -0.036733 -0.006665
v -0.454804 -0.055385 -0.008518
v -0.180042 -0.038303 -0.008843
v -0.597407 0.023268 0.004624
v -0.077294 0.017839 -0.007687
v -0.108807 -0.035015 -0.002959
v -0.440733 -0.009997 -0.009722
v -0.182868 0.056116 -0.008181
v -0.152928 -0.024490 0.008866
v -0.138612 0.058230 0.000850
v -0.551208 0.058918 -0.004504
v -0.510644 -0.054556 -0.001814
v -0.531575 0.010343 0.007955
v -0.121743 -0.011943 -0.007835
v -0.622593 0.027188 0.008565
v -0.495286 -0.000078 -0.000920
v -0.110310 0.015368 -0.001295
v -0.502122 -0.099046 0.010011
v -0.310995 0.013747 -0.004377
v -0.292399 -0.035660 -0.001319
v -0.178741 0.020631 0.004977
v -0.326082 -0.115474 0.005639
v -0.232428 -0.019081 0.002267
v -0.362322 -0.042582 -0.006355
v -0.411802 0.051158 0.000847
v -0.495326 -0.003864 0.009336
v -0.242135 0.011583 -0.005796
v -0.174870 -0.016547 -0.004739
v -0.259421 0.093705 -0.010296
v -0.245408 0.019705 0.005113
v -0.620925 0.006084 -0.007384
v -0.085086 0.010405 -0.010469
v -0.316024 0.054077 -0.009220
v -0.149598 0.009850 -0.005278
v -0.411284 0.097961 -0.002031
v -0.343711 0.039931 -0.010399
v -0.560627 -0.009196 0.005841
v -0.252475 -0.000191 -0.007999
v -0.337265 -0.017420 0.009554
v -0.247601 -0.060089 0.005312
v -0.526177 -0.078185 -0.007584
v -0.620413 0.004027 0.005085
v -0.527722 -0.043110 0.005740
v -0.385053 -0.102130 0.002473
v -0.507307 0.057066 0.004894
v -0.436383 0.113450 0.009470
v -0.105996 -0.039288 0.001000
v -0.491108 0.007629 -0.005356
v -0.094737 0.036050 0.006635
v -0.152058 -0.014838 0.003870
v -0.349419 0.041350 -0.008468
v -0.210803 -0.100825 -0.008768
v -0.133510 0.064014 -0.003815
v -0.459408 -0.076143 -0.002743
v -0.361376 0.084819 0.005444
v -0.198563 -0.015429 0.009928
v -0.296726 0.056740 0.007305
v -0.181779 0.005464 -0.003697
v -0.337771 0.076928 -0.009871
v -0.468346 0.104944 0.002251
v -0.350514 0.091547 0.004285
v -0.229846 -0.059735 -0.007386
v -0.286058 0.009608 -0.007603
v -0.175426 -0.069174 0.006512
v -0.405691 -0.084812 -0.008576
v -0.618402 -0.005059 0.003205
v -0.565488 -0.007758 0.005608
v -0.243972 -0.009218 0.008204
v -0.220689 0.067627 0.000017
v -0.220311 0.026166 -0.003680
v -0.262295 0.043148 0.008668
v -0.430008 -0.039981 -0.003957
v -0.224191 -0.017132 0.010411
v -0.198916 0.007106 -0.007151
v -0.146318 0.059084 0.009459
v -0.502913 -0.022052 0.001028
v -0.455177 -0.107141 0.002695
v -0.287498 -0.115395 -0.003235
v -0.123014 0.010987 0.008237
v -0.312481 0.014073 -0.000742
v -0.319311 0.024990 -0.001544
v -0.269137 0.005162 0.001293
v -0.537681 -0.011381 -0.009878
v -0.390212 -0.102177 -0.006809
v -0.250685 -0.004399 0.004935
v -0.186814 -0.035507 -0.003132
v -0.189873 0.068706 -0.004946
v -0.517769 -0.014820 -0.000047
v -0.569216 0.044655 -0.005788
v -0.245179 -0.103996 0.008682
v -0.346148 -0.067014 0.004734
v -0.197873 -0.012163 -0.006768
v -0.235569 0.062675 0.010239
v -0.258227 -0.052639 0.006830
v -0.131918 0.014895 -0.003509
v -0.152347 0.003645 0.005114
v -0.439114 -0.038637 0.004870
v -0.457903 0.002379 -0.005568
v -0.519782 -0.027932 -0.000185
v -0.447145 0.026483 0.009244
v -0.339552 -0.103789 -0.007849
v -0.614214 0.029950 -0.002221
v -0.150840 -0.007060 0.007293
v -0.400101 -0.071539 -0.003127
v -0.406015 -0.072017 -0.007295
v -0.159936 0.086766 0.009584
v -0.484562 -0.055118 0.010454
v -0.238416 -0.063858 0.007481
v -0.377108 0.094043 -0.000561
v -0.240380 -0.085623 0.001642
v -0.458048 -0.055343 -0.009734
v -0.258760 -0.006202 0.000215
v -0.544669 -0.000314 -0.004172
v -0.267143 0.046122 0.007646
v -0.291298 -0.061616 -0.004048
v -0.560388 0.050105 -0.002554
v -0.296423 0.032610 -0.008676
v -0.303483 -0.076389 -0.005192
v -0.362323 -0.071432 -0.003005
v -0.453543 -0.022552 0.009868
v -0.428938 -0.053253 -0.004556
v -0.247921 -0.095512 -0.008377
v -0.398587 -0.081648 -0.006393
v -0.543913 -0.027252 -0.000764
v -0.121063 0.001555 -0.005596
v -0.314452 0.097566 0.006068
v -0.610263 -0.000310 0.006432
v -0.383077 -0.086056 -0.004678
v -0.284926 -0.083383 0.010355
v -0.565669 0.062687 -0.010116
v -0.205500 -0.089013 0.010352
v -0.303282 0.043789 0.007941
v -0.434843 0.090175 -0.004642
v -0.311087 -0.049064 0.007627
v -0.219509 0.051510 -0.003970
v -0.357701 -0.087125 -0.010412
v -0.163933 -0.028163 -0.008390
v -0.382807 -0.111191 -0.002414
v -0.224349 -0.004254 -0.009188
v -0.378655 -0.036901 -0.001119
v -0.245892 -0.083540 0.008661
v -0.270268 0.010984 -0.004704
v -0.231233 -0.020763 0.008799
v -0.444490 0.006455 -0.008254
v -0.439318 -0.096433 0.001884
v -0.571179 0.020168 -0.001786
v -0.332625 -0.038158 0.002737
v -0.555528 0.074797 0.005472
v -0.134780 -0.036582 0.002454
v -0.349501 -0.027080 0.000154
v -0.166427 0.056051 0.007253
v -0.516468 -0.082094 -0.003598
v -0.367933 0.008755 -0.007970
v -0.299483 0.076367 -0.005807
v -0.581097 -0.018964 -0.010025
v -0.165058 -0.041887 0.003696
v -0.244651 -0.074073 -0.010427
v -0.225694 0.062457 0.005470
v -0.391714 -0.080118 0.009355
v -0.313458 0.012272 0.003995
v -0.181675 0.060499 0.009995
v -0.200701 0.093680 0.003714
v -0.194294 -0.063366 0.010245
v -0.351619 0.084032 -0.007967
v -0.297656 0.066153 -0.005740
v -0.521485 0.025210 0.007629
v -0.331111 -0.005907 0.006264
v -0.569867 -0.028684 0.004543
v -0.460885 0.053000 0.007710
v -0.383983 -0.000046 0.003178
v -0.423761 -0.056764 0.006266
v -0.176602 0.084242 0.009744
v -0.216864 0.092808 -0.002295
v -0.078875 0.028322 0.002152
v -0.332490 -0.088798 0.007285
v -0.363752 0.097781 -0.010082
v -0.277363 -0.094102 -0.003013
v -0.564576 0.038477 -0.005336
v -0.193025 -0.092959 -0.002842
v -0.352360 -0.112404 -0.007517
v -0.454789 0.092621 0.007113
v -0.149578 -0.066931 -0.002344
v -0.080409 0.003204 -0.005931
v -0.531896 0.089576 0.009555
v -0.495641 -0.084538 0.008249
v -0.207097 0.092022 0.004259
v -0.424893 -0.088870 0.007680
v -0.482755 -0.030302 0.007461
v -0.481418 -0.001200 -0.010285
v -0.144529 -0.053678 0.002114
v -0.257755 -0.100794 -0.003856
v -0.335613 0.045651 -0.002766
v -0.175817 0.035857 -0.002841
v -0.276544 -0.083245 -0.002349
v -0.409947 0.098010 -0.005354
v -0.483831 -0.100919 0.007613
v -0.327438 0.088464 -0.008537
v -0.466330 0.096566 0.007990
v -0.382326 0.083600 -0.005049
v -0.154041 -0.003366 0.006726
v -0.506901 -0.039886 0.009642
v -0.409270 0.053930 -0.003424
v -0.359318 -0.114679 -0.008165
v -0.424163 -0.009453 -0.001070
v -0.601295 0.004957 -0.007686
v -0.554889 -0.057503 -0.000047
v -0.212705 0.041888 -0.007250
v -0.213786 -0.076163 0.005511
v -0.277624 -0.075423 -0.005731
v -0.431535 0.031456 0.006022
v -0.570857 0.040867 0.010306
v -0.325250 -0.077308 -0.000786
v -0.244291 0.055716 -0.001228
v -0.225522 0.009247 0.006865
v -0.514059 0.016253 0.006416
v -0.344270 -0.083161 0.010393
v -0.346780 -0.083227 0.004676
v -0.309203 0.081868 -0.004055
v -0.345188 0.015012 -0.006600
v -0.587263 0.038569 0.007151
v -0.509424 -0.001397 -0.000861
v -0.323773 0.024309 0.001315
v -0.471552 0.091556 -0.002217
v -0.623060 -0.020862 0.008264
v -0.271193 0.079325 -0.004195
v -0.176668 0.021933 -0.005236
v -0.124260 0.006261 -0.002578
v -0.298172 0.079958 -0.009080
v -0.285340 -0.046969 -0.003397
v -0.390285 -0.116727 -0.002081
v -0.440492 0.022099 0.002179
v -0.309188 0.085509 0.004663
v -0.237863 -0.080229 -0.001965
v -0.372956 -0.018391 -0.004972
v -0.173414 -0.042525 -0.002239
v -0.400452 -0.045521 0.004072
v -0.303477 -0.103910 -0.005046
v -0.375510 0.015691 0.000521
v -0.225774 -0.091008 -0.000540
v -0.563036 -0.048496 0.009597
v -0.470877 0.098032 -0.001490
v -0.351219 0.011267 -0.006471
v -0.438237 -0.056586 -0.001045
v -0.366473 -0.084575 0.008019
v -0.513026 0.000083 -0.005151
v -0.421551 0.012966 0.004294
v -0.098562 0.018892 0.000566
v -0.278288 0.040753 -0.006089
v -0.559564 0.063171 -0.000936
v -0.331436 0.028204 -0.006803
v -0.249218 -0.015952 -0.008331
v -0.331395 -0.109424 0.006933
v -0.463969 -0.068349 0.002242
v -0.260338 -0.007653 -0.007048
v -0.329556 -0.046828 0.008044
v -0.454368 0.046478 0.007080
v -0.521656 0.050574 -0.009820
v -0.309456 0.034488 -0.001579
v -0.462265 -0.025896 0.007486
v -0.329266 0.018631 -0.006716
v -0.584684 0.061020 0.001441
v -0.432429 -0.011379 0.010065
v -0.373353 0.098345 -0.004859
v -0.317254 -0.025980 0.000974
v -0.222765 -0.059286 0.008054
v -0.334010 -0.114995 0.006431
v -0.114476 0.055810 -0.001141
v -0.302946 -0.111279 0.003890
v -0.209042 -0.023322 -0.006336
v -0.248009 0.100575 -0.006646
v -0.201082 -0.036766 -0.005799
v -0.159225 0.070394 -0.007142
v -0.383375 0.078634 0.010057
v -0.332349 -0.004418 -0.005832
v -0.572559 -0.039735 0.005381
v -0.381398 0.026370 0.008001
v -0.513694 -0.062465 0.010219
v -0.456334 0.089370 -0.005901
v -0.429024 -0.026172 0.004215
v -0.153643 -0.004601 0.000859
v -0.123738 0.059010 -0.008025
v -0.475691 0.045939 -0.009497
v -0.142467 -0.014121 -0.001486
v -0.220460 0.055824 -0.001685
v -0.477394 0.042277 -0.006895
v -0.214268 -0.067667 -0.004122
v -0.137466 -0.013121 -0.004940
v -0.351457 -0.091889 -0.010009
v -0.383880 -0.084088 0.000969
v -0.354689 0.006011 0.005212
v -0.107131 -0.004111 0.007276
v -0.291420 0.003444 -0.010285
v -0.369702 -0.037629 0.009656
v -0.229225 -0.076741 -0.007016
v -0.313900 -0.113048 0.005809
v -0.102851 -0.038513 -0.005498
v -0.210464 0.012413 0.001521
v -0.220260 0.012280 0.008374
v -0.421253 0.042877 -0.006168
v -0.235409 0.002026 -0.002992
v -0.106272 0.027336 0.008523
v -0.294017 -0.066172 0.009942
v -0.150835 0.073855 -0.005749
v -0.433984 0.058616 0.004576
v -0.243564 -0.034266 -0.001999
v -0.558404 -0.002410 0.001266
v -0.393165 -0.051528 -0.006434
v -0.330186 -0.051995 -0.007094
v -0.246856 -0.061002 -0.007073
v -0.371350 0.004536 0.000785
v -0.488269 0.085087 0.000806
v -0.409999 -0.033197 0.006965
v -0.291572 -0.101051 -0.008600
v -0.301128 -0.019742 0.005882
v -0.348504 -0.075208 0.008561
v -0.517631 -0.060759 0.009479
v -0.248205 0.039900 -0.000075
v -0.287769 0.078847 -0.004011
v -0.427547 0.034644 0.008535
v -0.511087 0.061694 0.007706
v -0.483379 -0.069914 0.008435
v -0.501765 0.099838 -0.008446
v -0.231437 0.055800 -0.008904
v -0.324532 0.082560 -0.005625
v -0.570892 0.068072 0.007454
v -0.373807 0.066950 0.003523
v -0.617846 -0.006278 -0.005211
v -0.137295 0.068790 0.004226
v -0.208972 -0.049773 -0.001080
v -0.345301 -0.019412 0.001493
v -0.218661 0.086683 0.000694
v -0.380499 0.111458 -0.004820
v -0.264891 0.093935 -0.009181
v -0.443946 -0.103749 -0.003053
v -0.410219 0.056877 0.004616
v -0.213414 0.070375 -0.008294
v -0.330272 0.109743 0.000366
v -0.600334 0.041222 -0.000819
v -0.227828 0.063015 0.009950
v -0.519776 0.073347 0.007559
v -0.301153 0.030117 0.000950
v -0.386668 -0.058447 0.006256
v -0.467128 0.104392 0.006116
v -0.552244 -0.055543 0.009852
v -0.416830 0.083636 -0.000155
v -0.552577 0.039910 0.006920
v -0.309129 0.051984 -0.005576
v -0.246610 0.080786 0.001222
v -0.452086 0.056926 0.002468
v -0.197084 0.024604 0.004545
v -0.488894 -0.101396 -0.004726
v -0.229768 -0.046345 0.000073
v -0.298528 -0.100503 0.000639
v -0.251259 -0.077502 0.009926
v -0.429504 0.071661 0.006168
v -0.185544 0.079921 -0.010122
v -0.526403 -0.003763 -0.007868
v -0.449049 -0.024925 -0.004092
v -0.298642 0.103680 0.007873
v -0.356411 -0.033862 0.001798
v -0.295456 0.041755 -0.006645
v -0.493452 0.084214 0.000699
v -0.500187 0.085538 0.009110
v -0.552111 0.058283 0.010266
v -0.546781 0.029039 -0.006537
v -0.332710 -0.112378 0.003069
v -0.120677 0.062927 0.006151
v -0.346029 0.062737 -0.004463
v -0.543259 -0.041157 0.006049
v -0.528650 -0.059764 -0.002217
v -0.258669 -0.069661 -0.007678
v -0.465211 0.036589 0.006952
v -0.491078 0.091804 0.009720
v -0.429431 0.040469 -0.009098
v -0.234192 -0.082787 -0.010106
v -0.341162 0.032616 0.004984
v -0.236809 0.028444 -0.002715
v -0.282959 0.089949 -0.007676
v -0.406496 0.078043 -0.008676
v -0.495069 -0.040497 -0.010378
v -0.086726 0.034151 0.009067
v -0.228995 0.065627 -0.009717
v -0.493292 0.044633 0.008893
v -0.352626 -0.109382 -0.009347
v -0.091847 -0.017084 -0.002291
v -0.309941 0.085297 0.009227
v -0.138598 0.005885 -0.005706
v -0.282529 0.055423 -0.008607
v -0.245329 -0.086474 0.007505
v -0.408844 -0.048212 0.007714
v -0.292676 0.072840 -0.010239
v -0.147110 -0.036430 -0.004555
v -0.196019 0.043738 -0.007618
v -0.322782 0.035938 -0.003172
v -0.228536 -0.037857 0.008723
v -0.311049 0.047899 -0.000633
v -0.190132 -0.053311 -0.000491
v -0.585347 0.055266 -0.009835
v -0.269354 -0.042506 -0.005229
v -0.408104 0.091438 -0.009555
v -0.381451 0.077393 -0.009041
v -0.426684 0.061794 0.000244
v -0.610961 0.043163 0.007054
v -0.569535 0.003303 -0.006536
v -0.386831 0.048811 0.008026
v -0.380227 0.054668 -0.004039
v -0.339486 -0.033160 -0.000080
v -0.318177 0.069188 0.005899
v -0.293358 -0.081393 -0.002337
v -0.357343 0.090565 0.010446
v -0.217459 0.096753 0.005727
v -0.440830 0.041598 0.007183
v -0.213307 0.067997 -0.009629
v -0.394079 -0.046192 0.000330
v -0.364551 -0.061601 0.003210
v -0.334264 -0.000884 -0.003383
v -0.512595 -0.000376 0.008098
v -0.620196 0.013367 -0.006838
v -0.464341 0.040118 -0.003753
v -0.379911 -0.008131 0.006260
v -0.464562 -0.027618 0.000706
v -0.363616 0.078228 -0.004101
v -0.222924 -0.078608 0.004978
v -0.401130 0.077978 0.009580
v -0.495575 -0.008899 -0.000902
v -0.486290 0.044618 0.000887
v -0.565590 0.029143 0.007479
v -0.247583 -0.042020 -0.001804
v -0.575960 0.020147 -0.002358
v -0.328886 0.088813 0.006492
v -0.279226 -0.006845 0.003342
v -0.288951 -0.023877 -0.002672
v -0.567171 -0.010293 -0.009795
v -0.174733 0.029636 0.008915
v -0.221828 0.095517 -0.010267
v -0.511020 -0.007409 0.004148
v -0.500872 -0.088775 -0.002414
v -0.383887 0.056482 -0.001850
v -0.312270 -0.014750 0.008388
v -0.330695 0.059181 -0.004893
v -0.527914 0.038968 -0.006063
v -0.528801 0.058399 0.003483
v -0.173646 0.010637 0.004218
v -0.276105 -0.026992 0.009093
v -0.301022 0.046910 -0.001883
v -0.182724 -0.089343 0.002990
v -0.314170 -0.092791 0.005693
v -0.565114 0.028602 -0.001451
v -0.301299 0.102505 0.003701
v -0.328316 -0.024207 -0.000615
v -0.299962 0.074242 -0.004102
v -0.259626 -0.092345 0.004066
v -0.215374 -0.062646 -0.000387
v -0.544939 0.060856 -0.003887
v -0.191056 -0.002459 -0.010040
v -0.423579 -0.058002 -0.007601
v -0.239604 -0.088101 -0.009268
v -0.475490 -0.072017 0.005565
v -0.330750 -0.088209 -0.002069
v -0.358066 -0.020403 -0.002294
v -0.323220 0.027376 -0.009036
v -0.332625 -0.090918 0.009705
v -0.322886 -0.008861 -0.006475
v -0.271927 -0.085158 0.005601
v -0.569359 -0.005304 0.003631
v -0.537368 -0.035742 -0.007145
v -0.269921 0.032227 0.004251
v -0.110043 -0.022462 0.005725
v -0.341223 0.035891 0.004988
v -0.169458 -0.041245 0.006770
v -0.401089 0.057440 -0.001990
v -0.362675 0.020136 0.004577
v -0.544877 -0.054008 0.003462
v -0.268598 -0.006094 0.005693
v -0.201425 -0.017359 0.010281
v -0.381234 -0.009920 -0.004572
v -0.315657 -0.092599 -0.001711
v -0.179749 0.012396 -0.006728
v -0.538089 -0.072823 -0.001277
v -0.207661 0.000763 0.002252
v -0.203608 0.102246 -0.005628
v -0.144312 -0.054048 -0.004663
v -0.292884 -0.105307 0.004145
v -0.302262 -0.097833 0.006763
v -0.137856 0.046574 -0.008155
v -0.605507 0.019838 -0.010383
v -0.532107 -0.087432 -0.004807
v -0.333341 0.039864 0.008044
v -0.606287 -0.019315 0.005431
v -0.270962 -0.018308 0.003160
v -0.354016 0.105449 0.008841
v -0.495003 -0.095479 0.003235
v -0.341043 0.002544 0.009229
v -0.335353 -0.040106 -0.009358
v -0.439867 -0.027643 0.002747
v -0.096683 0.029723 -0.006225
v -0.554942 -0.007289 0.000369
v -0.129726 -0.070183 -0.009123
v -0.291467 0.039165 -0.007022
v -0.154194 -0.029695 0.003177
v -0.317344 -0.108620 0.007191
v -0.475573 0.103604 0.003371
v -0.140807 -0.079299 0.050160
v -0.390592 -0.118296 0.051364
v -0.367970 -0.148551 0.045288
v -0.064338 -0.044696 0.048383
v -0.325977 -0.106900 0.052097
v -0.043139 -0.153363 0.043101
v -0.420118 -0.071820 0.039827
v -0.147397 -0.075803 0.039852
v -0.381312 -0.142134 0.052848
v -0.153797 -0.197570 0.048347
v -0.370534 -0.184478 0.045393
v -0.197905 0.020564 0.047511
v -0.378251 -0.162975 0.046514
v -0.498839 -0.099784 0.049676
v -0.129223 -0.082983 0.054951
v -0.311366 0.008861 0.053313
v -0.315284 0.008021 0.047353
v -0.279419 -0.075903 0.041391
v -0.002648 -0.137462 0.049129
v -0.246468 -0.033571 0.058599
v -0.408792 -0.117318 0.056644
v -0.287202 -0.142379 0.047411
v -0.246949 -0.088173 0.058784
v -0.293947 -0.014073 0.042292
v -0.225815 -0.184077 0.040383
v -0.390743 -0.005558 0.048423
v -0.326264 -0.085114 0.050689
v -0.405096 -0.057920 0.059274
v -0.365476 -0.191736 0.057848
v -0.179508 -0.140239 0.057921
v -0.354581 -0.087746 0.046898
v -0.286404 -0.163766 0.049967
v -0.393789 -0.091883 0.054458
v -0.484832 -0.021294 0.059675
v -0.240888 -0.061496 0.047968
v -0.487633 -0.060890 0.059873
v -0.426716 -0.034571 0.042216
v -0.431287 -0.129115 0.049677
v -0.023565 -0.144602 0.058507
v -0.205844 -0.064638 0.044888
v -0.385225 -0.130542 0.042981
v -0.434160 -0.034594 0.039733
v -0.312924 -0.068729 0.049028
v -0.053172 -0.123139 0.043215
v -0.113296 -0.130904 0.060191
v -0.018525 -0.148273 0.053303
v -0.096012 0.009799 0.052167
v -0.049791 -0.111590 0.044022
v -0.245232 -0.187713 0.057668
v -0.409877 -0.034166 0.054412
v -0.362952 -0.069097 0.058744
v -0.388043 -0.058257 0.044688
v -0.308603 -0.089034 0.059398
v -0.153875 -0.191067 0.056575
v -0.144170 -0.054498 0.050585
v -0.156794 0.012600 0.041277
v -0.070139 -0.089135 0.040116
v -0.127388 -0.123851 0.040543
v -0.015547 -0.098116 0.059029
v -0.114660 -0.009731 0.055187
v -0.020218 -0.040993 0.055065
v -0.384210 -0.178919 0.057785
v -0.272415 -0.174339 0.044072
v -0.154301 -0.048186 0.056542
v -0.356721 -0.083589 0.052847
v -0.345576 -0.096656 0.051920
v -0.465148 -0.108895 0.056989
v -0.330853 -0.052850 0.056004
v -0.151723 -0.101156 0.058580
v -0.379564 0.018870 0.053128
v -0.135053 -0.067295 0.046574
v -0.223794 0.005193 0.049674
v -0.443123 -0.043206 0.056308
v -0.350289 -0.127486 0.058521
v -0.464885 -0.017766 0.051436
v -0.003333 -0.100238 0.058846
v -0.196341 -0.087762 0.060242
v -0.387567 -0.020941 0.057966
v -0.051985 -0.035177 0.044666
v -0.075267 -0.116659 0.048078
v -0.083547 -0.033465 0.051509
v -0.139016 -0.091269 0.055554
v -0.054135 -0.133612 0.055696
v -0.234038 -0.092831 0.044706
v -0.065396 -0.116105 0.042031
v -0.178627 -0.036100 0.041023
v -0.169292 0.006732 0.046131
v -0.273586 -0.077221 0.049920
v -0.471825 -0.082356 0.041039
v -0.082219 -0.089050 0.044241
v -0.065433 -0.037938 0.053428
v -0.142713 -0.094595 0.046504
v -0.431861 -0.160959 0.052050
v -0.135004 -0.061804 0.049670
v -0.233495 -0.061517 0.045764
v -0.186193 -0.025334 0.060422
v -0.276895 -0.005478 0.051049
v -0.101744 -0.084819 0.048556
v -0.504816 -0.044310 0.048236
v -0.155663 -0.043641 0.060215
v -0.014325 -0.137356 0.054028
v -0.403483 -0.072289 0.055825
v -0.440489 -0.151806 0.052727
v -0.017555 -0.098905 0.057420
v -0.164602 -0.090482 0.054097
v -0.136660 -0.096726 0.050802
v -0.330545 -0.033942 0.047554
v -0.194455 -0.088952 0.056593
v -0.403016 -0.110445 0.039531
v -0.384701 0.000156 0.054807
v -0.191173 -0.148409 0.057039
v -0.263239 0.016627 0.052502
v -0.315490 -0.137145 0.053495
v -0.194024 -0.097109 0.049830
v -0.309541 -0.080262 0.039737
v -0.240809 0.024361 0.039765
v -0.347167 0.020177 0.041962
v -0.253729 -0.068808 0.055484
v -0.444698 -0.149740 0.050965
v -0.138024 0.012001 0.040007
v -0.203368 -0.013074 0.055648
v -0.221565 -0.187370 0.040338
v -0.514375 -0.094753 0.050924
v -0.467438 -0.015767 0.052695
v -0.261636 -0.101170 0.048841
v -0.352983 -0.096608 0.046256
v -0.374148 -0.128668 0.059887
v -0.419412 -0.017499 0.054395
v -0.213486 -0.032687 0.044471
v -0.266037 -0.127745 0.040665
v -0.144959 0.025871 0.045800
v -0.130743 -0.153714 0.050152
v -0.015708 -0.050199 0.048572
v -0.018375 -0.057943 0.052208
v -0.521511 -0.072237 0.052028
v -0.024305 -0.059636 0.041967
v -0.274186 -0.119542 0.057121
v -0.149996 -0.170379 0.060061
v -0.195247 -0.110039 0.043694
v -0.181468 -0.120786 0.047686
v -0.116477 -0.043919 0.045289
v -0.279546 -0.062746 0.042923
v -0.345011 -0.054221 0.042005
v -0.395177 -0.127289 0.045701
v -0.469750 -0.057063 0.060244
v -0.152753 -0.031312 0.052113
v -0.270527 -0.082994 0.049526
v -0.280959 0.015322 0.045722
v -0.287973 -0.201053 0.040691
v -0.506625 -0.107359 0.055724
v -0.016494 -0.140471 0.041178
v -0.246811 -0.149393 0.055164
v -0.153852 -0.166282 0.054813
v -0.408579 -0.120897 0.056146
v -0.154555 -0.197911 0.042278
v -0.364051 -0.052013 0.054266
v -0.486211 -0.137972 0.047129
v -0.144680 -0.091485 0.047572
v -0.257268 -0.150578 0.042225
v -0.455393 -0.077086 0.048917
v -0.210586 -0.011772 0.047927
v -0.369978 0.009728 0.047761
v -0.077293 -0.065376 0.048613
v -0.188824 -0.083530 0.054850
v -0.184560 -0.108004 0.052799
v -0.250000 -0.074164 0.050945
v -0.059013 -0.008345 0.051819
v -0.480286 -0.150269 0.040733
v -0.260448 -0.180624 0.042506
v -0.103331 -0.014548 0.046618
v -0.339842 -0.182238 0.049161
v -0.379439 -0.025406 0.052047
v -0.236477 -0.044951 0.053135
v -0.179523 -0.015553 0.040540
v -0.285745 -0.161851 0.042294
v -0.085658 -0.099439 0.056609
v -0.399490 -0.081984 0.046255
v -0.143235 -0.195021 0.051901
v -0.144447 -0.033435 0.055190
v -0.102998 -0.099660 0.045492
v -0.343488 -0.009316 0.042111
v -0.038854 -0.075669 0.054586
v -0.383932 -0.124724 0.046858
v -0.184118 0.024807 0.057251
v -0.234080 -0.160352 0.048029
v -0.102419 -0.153650 0.053902
v -0.131300 -0.016850 0.049896
v -0.318359 -0.014539 0.039754
v -0.071827 -0.099455 0.056528
v -0.163713 -0.141148 0.048384
v -0.391737 -0.063750 0.057638
v -0.144602 -0.020613 0.058852
v -0.123922 -0.079499 0.056295
v -0.064030 -0.052061 0.040071
v -0.335519 -0.046867 0.039592
v -0.462715 -0.049147 0.052831
v -0.080923 -0.039446 0.041472
v -0.393586 -0.052076 0.048741
v -0.154436 -0.068528 0.044869
v -0.123947 -0.057853 0.046354
v -0.382358 -0.062944 0.054403
v -0.012579 -0.104958 0.047173
v -0.040716 -0.022926 0.054082
v -0.056621 -0.091283 0.040643
v -0.264268 -0.126338 0.059105
v -0.050705 -0.038522 0.050519
v -0.404558 -0.119461 0.059753
v -0.009806 -0.127625 0.047997
v -0.212205 -0.017586 0.058089
v -0.364096 -0.102395 0.046268
v -0.359860 -0.123323 0.053582
v -0.448059 -0.062786 0.039645
v -0.271550 -0.109384 0.043400
v -0.236683 0.018696 0.049544
v -0.483714 -0.068197 0.050883
v -0.246720 -0.075580 0.052990
v -0.351909 -0.103774 0.052173
v -0.372994 -0.060561 0.043483
v -0.151921 -0.175745 0.052178
v -0.493601 -0.070893 0.042298
v -0.485537 -0.129400 0.045571
v 0.005301 -0.057096 0.058853
v -0.354624 0.009382 0.056625
v -0.004428 -0.130108 0.049164
v -0.407237 -0.147002 0.043423
v -0.149772 -0.013697 0.044472
v -0.145426 -0.104420 0.054640
v -0.095396 -0.156518 0.040481
v -0.238704 -0.033747 0.051580
v -0.249874 0.034636 0.040870
v -0.346733 -0.123238 0.056266
v -0.398345 -0.091484 0.043961
v -0.313576 0.008418 0.052198
v -0.508236 -0.102747 0.039691
v -0.322762 -0.145938 0.046243
v -0.025507 -0.029311 0.053991
v -0.125435 -0.031322 0.058712
v -0.420546 -0.056862 0.053984
v -0.337892 -0.122322 0.059647
v -0.235262 -0.079658 0.056979
v -0.180755 -0.200445 0.043982
v -0.108723 0.002331 0.048582
v -0.421786 -0.159945 0.058686
v -0.438724 -0.081124 0.044085
v -0.080266 -0.113627 0.054746
v -0.263436 -0.105819 0.047867
v -0.031925 -0.129337 0.040094
v -0.242146 -0.091518 0.051229
v -0.084474 -0.061002 0.040226
v -0.334254 -0.117373 0.050072
v -0.321775 0.004930 0.041281
v -0.146910 -0.170658 0.056113
v -0.266561 -0.058288 0.058354
v -0.276685 0.012969 0.057739
v -0.487924 -0.067364 0.050133
v -0.410756 -0.050861 0.047296
v -0.017850 -0.134219 0.048524
v -0.109620 0.008124 0.044647
v -0.455104 -0.024250 0.053410
v -0.407754 0.001625 0.056501
v -0.472402 -0.018044 0.045010
v -0.310874 -0.067999 0.051547
v -0.270872 0.007168 0.053059
v -0.195747 -0.000975 0.044069
v -0.457333 -0.139634 0.053767
v -0.249805 -0.194741 0.054369
v -0.129034 -0.162547 0.041125
v -0.438918 -0.143475 0.048472
v -0.434206 -0.135128 0.046115
v -0.348882 0.018071 0.052042
v -0.207738 -0.136798 0.056794
v -0.218459 -0.163154 0.044046
v -0.158176 -0.043164 0.051900
v -0.177653 -0.108619 0.041618
v -0.289490 -0.174910 0.059126
v -0.468354 -0.105181 0.053371
v -0.111649 -0.121680 0.045555
v -0.125542 -0.108337 0.039842
v -0.284587 -0.133582 0.048959
v -0.262669 -0.203936 0.057889
v -0.167560 -0.044761 0.051923
v -0.510301 -0.107113 0.059220
v -0.326419 0.018879 0.059012
v -0.154391 -0.020550 0.049183
v -0.443764 -0.086976 0.057292
v -0.216527 -0.170896 0.058589
v -0.117817 -0.026584 0.053002
v -0.287423 -0.108080 0.053303
v -0.098911 -0.095953 0.047647
v -0.024845 -0.054197 0.060236
v -0.173797 0.012197 0.051586
v -0.353562 -0.036490 0.055199
v -0.430247 -0.124733 0.057767
v -0.253259 -0.066233 0.053768
v -0.478442 -0.094406 0.052594
v -0.475364 -0.128852 0.043549
v -0.307416 -0.137929 0.039578
v -0.442050 -0.164043 0.042737
v -0.323904 -0.059440 0.057128
v -0.002871 -0.043837 0.048261
v -0.323570 -0.055810 0.041578
v -0.364633 0.017382 0.054882
v -0.319007 -0.154938 0.045333
v -0.517040 -0.084317 0.059387
v -0.354245 0.008580 0.047028
v -0.335903 -0.083312 0.059787
v -0.252991 -0.006112 0.039620
v -0.055689 -0.056823 0.046589
v -0.206048 -0.160083 0.050650
v -0.092032 -0.011363 0.047006
v -0.390512 -0.048458 0.046327
v -0.097365 0.008432 0.057593
v -0.262932 0.020228 0.051863
v -0.397551 -0.073549 0.042518
v -0.174835 -0.128844 0.050615
v -0.009296 -0.147718 0.039857
v -0.206582 -0.193196 0.056732
v -0.086724 -0.160798 0.049005
v -0.074688 -0.104697 0.040457
v -0.428761 -0.159865 0.045123
v -0.074087 -0.127982 0.048135
v -0.131690 0.010113 0.046488
v -0.038631 -0.056692 0.050728
v -0.033003 -0.067080 0.057826
v -0.250158 -0.140170 0.053527
v -0.002475 -0.076844 0.052897
v -0.161258 -0.158903 0.049681
v -0.105344 -0.174937 0.051593
v -0.503360 -0.075861 0.046569
v -0.164292 -0.033879 0.043905
v -0.359210 -0.044856 0.039777
v -0.271258 -0.062393 0.043798
v -0.243692 -0.158578 0.054017
v -0.308235 -0.003255 0.060157
v -0.424685 -0.122374 0.052922
v -0.223595 -0.025585 0.039896
v -0.379662 0.008528 0.055487
v -0.029463 -0.057606 0.048576
v -0.139824 -0.002660 0.045176
v -0.394631 -0.172426 0.040430
v -0.238672 -0.049047 0.058638
v -0.444898 -0.146700 0.046475
v -0.296199 0.023232 0.039869
v -0.191004 -0.022328 0.040358
v -0.048896 -0.025935 0.053465
v -0.448483 -0.069073 0.049166
v -0.458764 -0.159437 0.041887
v -0.319896 -0.004658 0.048433
v -0.276457 0.028885 0.050476
v -0.238276 -0.078721 0.050462
v -0.289347 -0.193302 0.046220
v -0.412559 -0.171903 0.054123
v -0.196765 -0.144084 0.051482
v -0.125850 -0.003644 0.044115
v -0.067037 -0.099065 0.054973
v -0.380283 -0.016579 0.054545
v -0.242658 -0.133663 0.048320
v -0.515224 -0.070771 0.043906
v -0.138548 -0.149706 0.054196
v -0.336516 -0.050764 0.051897
v -0.371033 -0.165132 0.053809
v -0.439337 0.001034 0.050622
v -0.055461 -0.149921 0.049344
v -0.399540 -0.085120 0.042580
v -0.371332 -0.035934 0.046638
v -0.331936 0.002664 0.051968
v -0.067898 -0.073453 0.042708
v -0.088172 -0.008845 0.044121
v -0.432833 -0.071635 0.050054
v -0.491082 -0.141625 0.058062
v -0.215687 0.013108 0.051537
v -0.001489 -0.060652 0.055521
v -0.476365 -0.037495 0.057831
v -0.296603 -0.177565 0.048908
v -0.346463 -0.163289 0.056508
v -0.035096 -0.093786 0.054269
v -0.022555 -0.039045 0.048335
v -0.296775 -0.035152 0.050521
v 0.014310 -0.092738 0.050938
v -0.287152 -0.101706 0.049001
v -0.197716 -0.001490 0.046908
v -0.066757 -0.051449 0.040720
v -0.396121 -0.120412 0.060239
v -0.230637 -0.179612 0.043021
v -0.187950 -0.133580 0.045035
v -0.426512 -0.090516 0.050528
v -0.071014 -0.174833 0.053890
v -0.334925 -0.057118 0.051967
v -0.297272 -0.131141 0.059149
v -0.198272 -0.175588 0.052773
v -0.289253 -0.054032 0.057948
v -0.352880 -0.098538 0.051409
v -0.198225 -0.169028 0.047626
v -0.384065 -0.171759 0.050226
v -0.079598 -0.004453 0.053126
v -0.514678 -0.076531 0.047649
v -0.229476 -0.202525 0.040270
v -0.108580 -0.030050 0.042271
v -0.353984 -0.079392 0.051152
v -0.413436 -0.024204 0.044350
v -0.284158 0.014775 0.053418
v -0.114181 -0.163970 0.052257
v -0.305200 -0.077519 0.054491
v -0.058851 -0.061784 0.049165
v -0.443397 -0.158112 0.055942
v -0.062599 -0.174695 0.043511
v -0.361470 -0.021312 0.056308
v -0.472634 -0.048225 0.055585
v -0.125931 -0.167097 0.057977
v -0.117592 -0.044326 0.052775
v -0.350060 -0.180359 0.048740
v -0.108985 -0.125155 0.053018
v -0.464914 -0.099490 0.053686
v -0.261195 -0.170901 0.054429
v -0.258639 -0.059933 0.047221
v -0.375357 -0.087990 0.059909
v -0.305981 -0.023088 0.049651
v 0.007156 -0.048324 0.041650
v -0.170730 -0.038119 0.053112
v -0.274888 -0.060960 0.047913
v -0.153188 -0.087273 0.052683
v -0.459824 -0.012922 0.050710
v -0.199138 -0.074352 0.052916
v -0.111862 -0.140587 0.048875
v 0.000859 -0.047711 0.044375
v 0.000157 -0.102674 0.052679
v -0.372468 -0.017702 0.045031
v -0.037602 -0.098332 0.045662
v -0.007745 -0.145635 0.056707
v -0.477038 -0.033363 0.059529
v -0.219082 -0.113276 0.044077
v -0.142642 -0.034071 0.044091
v -0.475280 -0.084000 0.057741
v -0.414398 0.007286 0.047187
v -0.277790 -0.131089 0.058610
v -0.358087 -0.170257 0.044404
v -0.521634 -0.091536 0.055754
v -0.233422 -0.062332 0.051364
v -0.069807 -0.037377 0.058857
v -0.365492 -0.166674 0.060415
v -0.230448 -0.035180 0.041400
v -0.100774 -0.166403 0.040948
v -0.385210 -0.000261 0.050788
v -0.464181 -0.138272 0.040003
v -0.372170 -0.073459 0.045624
v -0.391062 -0.030123 0.044847
v -0.203954 -0.047257 0.055103
v -0.433190 -0.123719 0.053156
v -0.075323 -0.124469 0.055055
v -0.053715 -0.128258 0.048419
v -0.399266 -0.060018 0.059414
v -0.185368 -0.104826 0.053452
v -0.419140 -0.034512 0.053056
v -0.000045 -0.124702 0.041577
v -0.211474 -0.148725 0.045243
v -0.479656 -0.071973 0.040730
v -0.460531 -0.143441 0.043771
v -0.434624 -0.078213 0.040042
v -0.032204 -0.087042 0.054598
v -0.121774 -0.030721 0.053453
v 0.028384 -0.087141 0.055684
v -0.140245 -0.076482 0.059697
v -0.430544 -0.173183 0.055231
v -0.447888 -0.128708 0.047574
v -0.207234 -0.122016 0.058205
v -0.409964 -0.044035 0.042085
v -0.254042 -0.204215 0.048191
v -0.237136 -0.086216 0.060445
v -0.253200 -0.199630 0.045336
v -0.146479 -0.191618 0.042323
v -0.189099 -0.119740 0.053781
v -0.103635 -0.093095 0.051856
v 0.009906 -0.056812 0.043884
v -0.415903 -0.055071 0.044135
v -0.394807 -0.050646 0.055048
v -0.031089 -0.022853 0.052400
v -0.351821 -0.000270 0.045298
v -0.368059 -0.049070 0.040065
v -0.176297 -0.033847 0.057525
v -0.104909 -0.059467 0.047805
v -0.415706 0.001742 0.042442
v -0.155988 -0.185736 0.041811
v -0.393413 -0.028824 0.042193
v -0.205599 0.003755 0.055928
v -0.412954 0.004575 0.047509
v -0.370799 -0.129898 0.051736
v -0.182062 -0.041902 0.053891
v -0.434036 -0.005533 0.056550
v -0.265352 -0.060581 0.044043
v -0.090613 -0.167897 0.056601
v -0.370347 0.021147 0.055102
v -0.283235 -0.058769 0.054662
v -0.177268 0.027326 0.059839
v -0.197869 -0.198312 0.044872
v -0.432448 -0.110239 0.043292
v -0.134159 -0.115418 0.039517
v -0.382371 -0.073381 0.044402
v -0.250332 -0.012744 0.047437
v -0.253113 -0.119484 0.053919
v -0.314639 0.020579 0.042625
v -0.128139 -0.051118 0.055915
v -0.441853 -0.062339 0.051883
v -0.276252 -0.057234 0.057872
v -0.214443 -0.084133 0.046267
v -0.239885 -0.000442 0.048644
v -0.145297 -0.055186 0.054166
v -0.180998 -0.164962 0.040755
v -0.281984 -0.171447 0.059766
v -0.138382 -0.056892 0.041270
v -0.187759 -0.068130 0.044306
v -0.426103 -0.075857 0.052757
v -0.215436 -0.089770 0.056267
v -0.080432 -0.046878 0.040452
v -0.352923 -0.168773 0.046222
v -0.298388 -0.019387 0.049037
v -0.035355 -0.053484 0.053186
v 0.012708 -0.083241 0.056761
v -0.324176 -0.134239 0.056481
v -0.003134 -0.033874 0.043263
v -0.248840 -0.098115 0.040198
v -0.221474 -0.059228 0.059638
v -0.394923 -0.055958 0.053088
v 0.002295 -0.125395 0.039896
v -0.365417 0.012158 0.043032
v -0.252441 -0.121941 0.056053
v -0.071079 -0.071752 0.040270
v -0.303792 -0.029126 0.055009
v -0.282860 -0.091571 0.060145
v -0.463271 -0.019244 0.043822
v -0.253957 -0.129771 0.042349
v -0.212115 -0.067299 0.060315
v -0.216433 0.033029 0.042240
v -0.278503 -0.107278 0.047433
v -0.296144 -0.115543 0.053428
v -0.292971 -0.101811 0.041086
v -0.240222 -0.145492 0.045942
v -0.232807 -0.047233 0.044284
v -0.192866 -0.039398 0.047455
v -0.001205 -0.103030 0.042825
v -0.262592 -0.145003 0.056980
v -0.374177 -0.051213 0.042151
v -0.313749 -0.004839 0.045766
v -0.174536 -0.173159 0.048492
v -0.103770 -0.082926 0.050252
v -0.378318 -0.058209 0.055154
v -0.274714 -0.175759 0.046989
v -0.421647 -0.053807 0.053570
v -0.431720 -0.163911 0.044593
v -0.356699 -0.160559 0.052627
v -0.162701 -0.010860 0.044373
v -0.451076 -0.025368 0.046527
v -0.171251 -0.018092 0.059656
v -0.358697 -0.034687 0.057288
v -0.274361 0.019404 0.047692
v -0.111335 0.004229 0.057819
v -0.467370 -0.091315 0.048248
v -0.292289 -0.025943 0.055938
v -0.342836 -0.041048 0.057329
v -0.283370 -0.130204 0.057941
v -0.200668 -0.200016 0.058900
v -0.434080 -0.021857 0.053505
v -0.357717 -0.008371 0.054174
v -0.303046 -0.157683 0.055500
v -0.091864 -0.146938 0.058153
v -0.248912 -0.131955 0.043754
v -0.041431 -0.140288 0.047653
v -0.151009 -0.106322 0.041668
v -0.356926 -0.077370 0.049111
v -0.413529 -0.176428 0.059469
v -0.254062 -0.173564 0.044217
v -0.283973 0.030448 0.045519
v -0.436384 -0.110332 0.048512
v -0.269603 -0.101779 0.055981
v -0.408469 -0.030144 0.045717
v -0.467435 -0.067110 0.052434
v -0.244344 -0.189383 0.056034
v -0.170658 -0.067508 0.057569
v -0.338697 -0.160174 0.041632
v -0.087186 -0.136815 0.043631
v -0.293991 -0.079989 0.039986
v -0.180592 -0.162335 0.047470
v -0.359763 -0.076152 0.056932
v -0.161024 -0.083906 0.050762
v -0.419912 -0.046385 0.051132
v -0.297398 -0.171731 0.042439
v -0.271537 -0.175169 0.041974
v 0.027204 -0.100317 0.047863
v -0.166477 0.014429 0.055943
v -0.359695 -0.066516 0.052991
v -0.119827 -0.173099 0.060321
v -0.364687 -0.140287 0.054253
v -0.347213 -0.021513 0.058760
v -0.214153 -0.047922 0.042413
v -0.011943 -0.131777 0.051861
v -0.223436 -0.092413 0.047804
v -0.426199 -0.122468 0.053464
v -0.154769 -0.086483 0.052983
v -0.298441 -0.155861 0.045635
v -0.461162 -0.061441 0.048981
v -0.331819 -0.152839 0.058169
v -0.221577 -0.016963 0.052102
v 0.020459 -0.060800 0.041756
v -0.392100 0.000559 0.040078
v -0.440667 -0.025770 0.051421
v -0.277144 0.006053 0.055490
v -0.131263 -0.056935 0.045216
v -0.273988 -0.002823 0.053484
v -0.134154 -0.169106 0.043807
v -0.327940 -0.165434 0.041608
v -0.045892 -0.059404 0.056240
v -0.270428 0.017088 0.059555
v -0.117415 -0.148103 0.044047
v -0.122054 -0.057923 0.050932
v -0.224762 -0.077422 0.045441
v -0.369019 -0.160930 0.053312
v -0.239203 -0.110781 0.046043
v -0.156875 -0.113458 0.058649
v -0.124685 -0.011912 0.058016
v -0.084757 -0.176875 0.047988
v -0.296380 -0.090840 0.059761
v -0.092715 -0.150215 0.044675
v -0.078957 0.007516 0.055664
v -0.260495 0.028556 0.059125
v -0.293718 -0.026820 0.042775
v -0.100359 -0.059927 0.041068
v -0.068112 -0.053640 0.060172
v -0.036639 -0.022467 0.058991
v -0.029812 -0.017352 0.047525
v -0.029666 -0.033656 0.041577
v -0.271990 -0.118528 0.049906
v -0.217693 -0.042612 0.054314
v -0.382555 -0.118096 0.057300
v -0.145007 -0.080360 0.058530
v -0.256441 -0.091731 0.059884
v -0.496266 -0.098836 0.041354
v -0.162124 -0.060981 0.050706
v -0.156641 -0.137681 0.042371
v -0.480187 -0.075159 0.055725
v -0.462600 -0.158780 0.049505
v -0.443266 -0.090172 0.045686
v -0.443818 -0.044418 0.044516
v -0.228496 -0.117736 0.058777
v -0.467007 -0.084449 0.041835
v -0.150027 -0.088570 0.051630
v -0.279084 -0.026462 0.042687
v -0.399406 0.006741 0.041099
v -0.226362 0.029896 0.044074
v -0.042360 -0.055432 0.048600
v -0.339250 -0.148479 0.048037
v -0.250864 -0.014446 0.043012
v -0.355638 0.008753 0.049934
v -0.276569 -0.054432 0.042418
v -0.375062 -0.021472 0.056483
v -0.072332 -0.117765 0.050899
v -0.288710 -0.145360 0.050540
v -0.093309 -0.126890 0.052195
v -0.524708 -0.089845 0.052056
v -0.198830 -0.087333 0.041725
v -0.013522 -0.090903 0.046655
v -0.506281 -0.049905 0.058757
v -0.203632 -0.014930 0.050102
v -0.052035 -0.157299 0.043369
v -0.300689 -0.111771 0.042777
v -0.448746 -0.025605 0.047094
v -0.343029 -0.039544 0.057853
v -0.473035 -0.070420 0.041243
v -0.104237 -0.160000 0.045264
v -0.236904 -0.092117 0.056687
v -0.520757 -0.091663 0.048341
v -0.223498 -0.062993 0.054209
v -0.484343 -0.048365 0.057916
v -0.023860 -0.082787 0.056567
v -0.429933 -0.034663 0.053619
v 0.002929 -0.092773 0.041606
v -0.178312 -0.050979 0.049406
v -0.150329 -0.010773 0.041838
v -0.395507 0.001120 0.042888
v -0.220590 0.003572 0.043301
v -0.387518 -0.106914 0.050757
v -0.503800 -0.064643 0.050546
v -0.384214 -0.012102 0.052005
v -0.104148 -0.072352 0.040319
v -0.246295 -0.146970 0.052212
v -0.119795 -0.036101 0.055917
v -0.323830 -0.196244 0.046788
v 0.006624 -0.064290 0.055760
v -0.152974 0.025993 0.059317
v -0.145386 -0.106240 0.053006
v -0.472806 -0.147893 0.039661
v -0.111435 -0.112523 0.052931
v -0.093017 -0.113004 0.049777
v -0.032435 -0.096176 0.049252
v -0.241372 -0.042063 0.050849
v -0.221810 -0.099706 0.045802
v -0.439818 -0.164290 0.054458
v -0.321044 -0.027020 0.052379
v -0.178664 -0.115642 0.055504
v -0.241535 -0.121869 0.053272
v -0.296737 0.002073 0.056297
v -0.309479 0.024786 0.042207
v -0.167980 -0.076918 0.050209
v -0.453069 -0.116865 0.039974
v -0.218743 -0.015521 0.060108
v -0.467318 -0.121639 0.040024
v -0.056703 -0.087223 0.051789
v -0.167442 -0.054452 0.044160
v -0.374441 -0.171370 0.054593
v -0.248467 0.030103 0.044531
v -0.287338 -0.175927 0.039789
v -0.165643 -0.166867 0.059614
v -0.034083 -0.138968 0.051939
v -0.332153 0.013863 0.050939
v -0.285016 0.004782 0.054968
v -0.137872 -0.165305 0.048528
v -0.398334 -0.160675 0.047045
v -0.122791 -0.008071 0.050908
v -0.175497 -0.081981 0.040518
v -0.340571 -0.013943 0.044404
v -0.240901 -0.157915 0.058267
v -0.110503 -0.051124 0.048827
v -0.137391 -0.053546 0.053442
v -0.052750 -0.046147 0.051089
v -0.163791 -0.041486 0.039930
v -0.284218 -0.003314 0.047868
v -0.416662 -0.147792 0.057326
v -0.291071 -0.021688 0.055751
v -0.514496 -0.084060 0.046285
v -0.228378 -0.092896 0.045422
v -0.150441 0.009926 0.058420
v -0.176925 -0.026314 0.039600
v -0.169870 -0.078093 0.054398
v -0.331916 0.010336 0.046682
v -0.082260 -0.111714 0.041768
v -0.401022 -0.099378 0.045418
v 0.012341 -0.115928 0.047568
v -0.141560 -0.162620 0.047455
v -0.187931 -0.043405 0.048996
v -0.230846 0.019716 0.044154
v -0.093744 -0.000567 0.053689
v -0.277945 -0.035456 0.044167
v -0.052955 -0.037252 0.058854
v -0.135885 -0.027552 0.040468
v 0.005258 -0.070992 0.052207
v -0.455150 -0.013377 0.053993
v -0.398129 -0.131817 0.041583
v -0.278766 -0.039238 0.042416
v -0.142871 -0.036489 0.048053
v -0.484712 -0.112031 0.058509
v -0.334513 -0.039294 0.043198
v -0.428342 -0.032971 0.049472
v -0.227814 -0.085356 0.044147
v -0.130424 -0.033919 0.040193
v -0.192246 0.022484 0.051814
v -0.401378 -0.084899 0.055885
v -0.236918 -0.094275 0.042676
v -0.447127 -0.036397 0.040524
v -0.446598 -0.129319 0.043945
v -0.391123 -0.141933 0.049731
v -0.257596 -0.088157 0.053069
v -0.161203 -0.001127 0.046673
v -0.160649 -0.058009 0.057175
v -0.416897 -0.013670 0.045396
v -0.448015 -0.080654 0.047238
v -0.094604 -0.097425 0.054769
v -0.441367 -0.130103 0.058369
v -0.225847 -0.021391 0.055872
v -0.287428 -0.202249 0.042371
v -0.220491 0.032298 0.053169
v -0.510318 -0.062427 0.050724
v -0.104062 -0.053305 0.045582
v -0.273343 -0.194135 0.048823
v -0.228037 -0.125271 0.045710
v -0.242089 -0.137903 0.052400
v -0.018552 -0.145031 0.053572
v -0.066758 -0.097602 0.048335
v -0.308355 -0.072177 0.043213
v -0.508167 -0.064218 0.048280
v -0.072231 -0.009723 0.042863
v -0.046968 -0.032901 0.046244
v -0.418195 -0.107330 0.041058
v -0.259749 -0.113742 0.042273
v -0.161803 -0.067784 0.049548
v -0.505407 -0.118550 0.040005
v -0.380689 -0.145034 0.048479
v -0.300117 -0.046877 0.043667
v -0.452321 -0.077274 0.051801
v -0.153805 -0.065461 0.056693
v -0.395998 -0.091603 0.050265
v -0.476812 -0.025964 0.041260
v -0.272032 -0.039231 0.046043
v -0.200309 -0.082095 0.055176
v -0.403080 -0.064822 0.058575
v -0.433406 -0.122223 0.058565
v -0.165262 -0.037297 0.054143
v -0.209561 -0.025905 0.046736
v -0.355168 -0.156281 0.047482
v -0.323264 -0.112627 0.049554
v -0.016836 -0.107313 0.041669
v -0.315461 -0.130195 0.053843
v -0.427914 -0.037624 0.058030
v -0.316854 -0.038542 0.050500
v -0.162604 -0.075209 0.045271
v -0.073579 -0.163428 0.056380
v -0.152927 -0.017619 0.045650
v -0.483976 -0.037999 0.057913
v -0.129920 -0.137502 0.056415
v -0.525753 -0.075732 0.046134
v -0.402478 0.012327 0.058601
v -0.502649 -0.077289 0.053625
v -0.342499 0.010864 0.052385
v -0.106100 -0.093505 0.048767
v -0.296815 -0.009451 0.042958
v -0.164012 -0.168757 0.054371
v -0.227521 -0.100312 0.048043
v -0.233683 -0.077873 0.048179
v -0.102725 -0.019106 0.046367
v -0.405618 -0.099480 0.041807
v -0.220309 -0.110256 0.048356
v -0.116217 -0.027615 0.048276
v -0.463621 -0.080304 0.044360
v -0.264984 -0.068807 0.048758
v -0.222953 -0.144820 0.057924
v -0.196953 -0.108965 0.051586
v -0.329940 0.021261 0.053292
v -0.149321 -0.115004 0.056036
v -0.299634 -0.003576 0.051052
v -0.078836 -0.175619 0.054184
v -0.250273 -0.094266 0.058625
v -0.012953 -0.102418 0.049236
v -0.124797 -0.135987 0.057644
v -0.305663 0.009045 0.049138
v -0.182632 0.007795 0.050624
v -0.090737 -0.040052 0.053793
v 0.015049 -0.123902 0.042524
v -0.239296 -0.004906 0.054854
v -0.210576 -0.061239 0.051415
v -0.293192 -0.149476 0.054573
v -0.387249 -0.038215 0.054827
v -0.123508 -0.080923 0.052733
v -0.370472 -0.182029 0.055960
v -0.182314 -0.158059 0.039591
v -0.152541 -0.066522 0.056169
v -0.100304 0.003768 0.057161
v -0.063148 -0.149096 0.050378
v -0.392521 -0.086173 0.047642
v -0.252891 0.032987 0.050906
v -0.179116 0.015051 0.048380
v -0.450190 -0.057444 0.039982
v -0.219095 -0.132265 0.060024
v -0.420109 -0.103975 0.054699
v -0.398624 -0.161310 0.047505
v -0.113746 -0.161875 0.044817
v -0.018073 -0.141053 0.057911
v -0.282697 -0.095729 0.060193
v -0.118931 -0.116404 0.054519
v -0.000551 -0.048991 0.042557
v -0.424122 -0.157415 0.041465
v -0.367027 -0.106613 0.040548
v -0.398582 -0.177712 0.039519
v -0.122111 -0.041370 0.047722
v -0.492886 -0.068326 0.050643
v -0.332974 -0.178980 0.040760
v -0.153720 -0.123661 0.050502
v -0.470894 -0.090618 0.054793
v -0.109565 -0.071358 0.040931
v -0.276509 -0.023524 0.040841
v -0.467028 -0.021485 0.046639
v -0.345909 -0.185972 0.043510
v -0.307216 -0.113634 0.050316
v -0.215610 -0.019419 0.046214
v -0.371712 -0.086756 0.052614
v 0.020630 -0.076156 0.050343
v -0.308880 -0.026835 0.041810
v -0.145962 -0.152664 0.045008
v -0.020956 -0.022200 0.040281
v -0.057119 -0.153585 0.053298
v -0.427656 -0.032234 0.054072
v -0.324511 -0.127875 0.054236
v -0.331639 -0.069496 0.050335
v -0.460345 -0.008670 0.050365
v -0.319686 -0.068444 0.051497
v -0.167020 -0.150884 0.046981
v -0.265446 -0.171153 0.053444
v -0.208975 -0.058905 0.057765
v -0.297216 -0.194395 0.046490
v -0.121082 -0.092028 0.043481
v -0.375057 -0.015757 0.051849
v -0.411296 -0.047389 0.042649
v -0.362950 -0.031903 0.044528
v -0.243875 0.012337 0.055680
v -0.396006 -0.088528 0.047646
v -0.293798 -0.115893 0.058514
v -0.297192 -0.150977 0.040410
v -0.333502 -0.164908 0.045121
v -0.432371 -0.044682 0.052200
v -0.181588 0.019719 0.055804
v 0.000971 -0.080528 0.046660
v -0.107917 0.006321 0.043254
v -0.242931 -0.163518 0.051264
v -0.332498 -0.133281 0.040962
v -0.413293 -0.010106 0.040786
v -0.358896 0.016721 0.047283
v -0.275628 -0.047596 0.044510
v -0.184032 -0.162228 0.043499
v -0.071003 -0.129413 0.051350
v -0.506948 -0.065014 0.057190
v -0.404937 -0.165291 0.044199
v -0.077278 -0.167564 0.059453
v -0.195884 -0.164014 0.058817
v -0.156785 -0.097449 0.057955
v -0.352328 -0.085209 0.042194
v -0.272324 -0.181198 0.058852
v -0.168727 0.015626 0.040791
v -0.322937 -0.072654 0.041037
v -0.136886 -0.174677 0.045352
v -0.167467 0.007591 0.049766
v -0.037348 -0.160848 0.046825
v -0.387556 -0.177690 0.054027
v -0.428847 -0.057988 0.055405
v -0.122357 -0.176556 0.058469
v -0.036105 -0.124275 0.051734
v -0.417066 -0.073219 0.054405
v -0.472947 -0.042680 0.047955
v -0.393843 -0.066740 0.052252
v -0.276080 -0.157569 0.057449
v -0.163442 0.014746 0.039838
v -0.374669 -0.132902 0.042891
v -0.180770 -0.141745 0.042407
v -0.353170 -0.173009 0.047155
v -0.205585 -0.177940 0.059601
v -0.141727 0.015196 0.051669
v -0.238598 -0.143991 0.052599
v -0.206812 -0.083394 0.054059
v -0.384295 -0.076787 0.040551
v -0.099240 -0.029533 0.052951
v -0.046579 -0.009623 0.046404
v -0.250094 -0.122052 0.040954
v -0.315781 -0.195490 0.048300
v -0.197798 -0.080689 0.047928
v -0.467759 -0.122590 0.053558
v -0.097798 -0.179640 0.052055
v -0.071908 -0.171826 0.043769
v -0.330885 -0.007187 0.054488
v -0.413908 0.003424 0.052103
v -0.082689 -0.028053 0.049412
v -0.129389 -0.052154 0.044592
v -0.089258 -0.136608 0.048177
v -0.420246 -0.167329 0.053754
v -0.240594 -0.037584 0.057909
v -0.013212 -0.019692 0.049892
v -0.101362 -0.010390 0.048389
v -0.125177 -0.016166 0.046018
v -0.387082 -0.099704 0.058168
v -0.020593 -0.153981 0.049959
v -0.237593 -0.080419 0.056528
v -0.336946 -0.180293 0.053314
v -0.073868 -0.075077 0.040542
v -0.328270 0.012860 0.056088
v -0.338548 -0.001415 0.051249
v -0.314574 -0.038212 0.042508
v -0.120282 -0.137742 0.053186
v -0.280991 -0.196446 0.054118
v -0.204092 -0.029803 0.058371
v -0.097366 -0.179503 0.047509
v -0.306712 -0.191367 0.043716
v 0.018315 -0.075626 0.040694
v -0.185175 -0.078403 0.056736
v -0.308533 -0.101145 0.048811
v -0.234899 -0.080159 0.059251
v -0.123767 -0.154458 0.040442
v -0.521108 -0.104733 0.044343
v -0.294028 -0.144979 0.046537
v -0.088639 -0.148156 0.043274
v -0.337774 -0.171191 0.044332
v -0.038864 -0.131503 0.052801
v -0.319762 -0.067097 0.055677
v -0.408266 -0.030643 0.052997
v -0.498910 -0.092887 0.042447
v -0.102138 -0.012283 0.050418
v -0.409044 0.011986 0.055482
v -0.309601 -0.008048 0.054146
v -0.255146 -0.003708 0.039579
v -0.383872 -0.001667 0.041047
v -0.115507 -0.190541 0.040263
v -0.368161 -0.012579 0.043954
v -0.221753 -0.143156 0.057602
v -0.493674 -0.037334 0.052198
v -0.358263 -0.128730 0.042430
v -0.507638 -0.127142 0.055187
v -0.131458 -0.024796 0.044388
v -0.007699 -0.085693 0.046976
v -0.012403 -0.066432 0.048016
v -0.440494 -0.077464 0.057702
v -0.440902 -0.089591 0.057764
v -0.103484 -0.022931 0.056520
v -0.191570 0.028161 0.048581
v -0.472755 -0.100744 0.047008
v -0.054519 -0.033972 0.057961
v -0.224798 -0.132081 0.058911
v -0.194884 -0.042661 0.048427
v -0.431840 -0.050652 0.054014
v -0.013929 -0.077802 0.043589
v -0.298280 -0.112406 0.047799
v -0.200433 -0.129875 0.051056
v -0.393309 -0.161197 0.054497
v -0.240360 -0.085486 0.045620
v -0.465197 -0.139034 0.051378
v -0.122381 -0.042627 0.052572
v -0.355919 -0.079063 0.046277
v -0.404615 -0.135919 0.045724
v -0.363162 -0.100632 0.051198
v -0.049770 -0.106841 0.046159
v -0.008949 -0.137528 0.059265
v -0.310078 0.017199 0.041797
v -0.082677 -0.109173 0.049640
v -0.431239 -0.129911 0.059521
v -0.071640 0.005175 0.057622
v -0.135932 -0.137460 0.041449
v -0.325135 -0.091826 0.041897
v -0.046612 -0.097384 0.040327
v -0.129995 -0.136464 0.040415
v -0.271155 -0.135266 0.045165
v -0.281431 -0.133782 0.059406
v -0.492224 -0.127281 0.046841
v -0.308290 -0.078693 0.044391
v 0.104674 -0.115287 -0.006380
v 0.170886 -0.048139 -0.007352
v -0.047232 -0.142563 0.000151
v 0.027268 -0.139588 -0.004720
v -0.248191 -0.171382 -0.002068
v -0.102267 -0.175152 0.010405
v 0.135580 -0.025778 -0.001930
v 0.023545 -0.079841 0.001277
v -0.197133 -0.044988 -0.010214
v 0.213806 -0.148362 -0.010084
v 0.093976 -0.073674 -0.006872
v -0.176945 -0.053054 -0.007583
v -0.063345 -0.206786 -0.002867
v -0.244738 -0.099700 0.002836
v 0.233652 -0.123687 -0.003641
v 0.173669 -0.186345 0.006442
v 0.012270 -0.186071 0.009367
v 0.164673 -0.137634 -0.001932
v 0.033261 -0.203305 -0.009456
v -0.194474 -0.042155 0.006069
v -0.099798 -0.069530 0.009235
v 0.031276 -0.052348 -0.009123
v -0.134353 -0.066483 0.001028
v -0.247336 -0.144717 -0.003067
v 0.087682 -0.158054 0.005198
v -0.013813 -0.066892 -0.004270
v -0.007223 -0.177296 0.009235
v -0.125043 -0.049251 -0.001492
v 0.096804 -0.054607 -0.000115
v -0.160453 -0.089819 -0.004206
v -0.042524 -0.076535 0.007574
v 0.072448 -0.196444 0.000515
v 0.199464 -0.117542 0.002288
v 0.009738 -0.014569 0.003159
v 0.029391 -0.212879 -0.005913
v 0.067010 -0.172929 -0.005379
v 0.181550 -0.132125 0.002038
v -0.106755 -0.045040 -0.003023
v 0.020559 -0.226324 -0.003798
v 0.259899 -0.076245 -0.009830
v 0.066054 -0.064554 -0.000767
v -0.002731 -0.130797 -0.000884
v -0.050866 -0.007126 0.005421
v 0.011239 -0.210242 0.004136
v -0.252987 -0.082373 -0.000210
v 0.173449 -0.027953 -0.003891
v -0.177888 -0.206405 0.003506
v 0.019018 -0.121582 0.001307
v 0.178907 -0.106083 -0.003463
v 0.092745 -0.121798 -0.009693
v 0.157179 -0.045824 -0.010398
v 0.042563 -0.120865 -0.006615
v -0.144479 -0.145569 -0.003288
v 0.078259 -0.149675 -0.000756
v -0.021533 -0.021201 0.003619
v 0.014502 -0.063573 -0.000179
v 0.153623 -0.201159 -0.006550
v 0.070079 -0.217654 -0.008388
v 0.142176 -0.044201 0.001598
v -0.040460 -0.009492 -0.002077
v 0.075862 -0.045319 -0.004952
v -0.243449 -0.154889 -0.002514
v 0.093273 -0.030451 -0.008169
v 0.160179 -0.097163 -0.005808
v 0.083769 -0.025101 -0.003148
v -0.072278 -0.006924 -0.005050
v 0.011471 -0.238498 0.006262
v 0.099066 -0.204906 0.001777
v -0.035230 -0.089985 0.003477
v 0.145457 -0.152677 -0.002993
v 0.004783 -0.176237 -0.000971
v 0.240174 -0.099525 -0.007650
v 0.100036 -0.018349 -0.001770
v 0.057768 -0.044134 -0.002409
v 0.104904 -0.120653 -0.008676
v -0.079421 -0.044565 0.009730
v -0.047109 -0.222822 0.005190
v 0.009854 -0.180726 -0.008368
v 0.000972 -0.140342 -0.005092
v 0.203359 -0.039661 0.003255
v -0.025930 -0.111069 0.002550
v 0.197110 -0.087037 -0.008739
v 0.067852 -0.171162 0.006092
v 0.020900 -0.026055 -0.003443
v 0.216150 -0.073710 0.009262
v -0.018803 -0.099929 -0.003571
v -0.160863 -0.181201 -0.007500
v 0.115352 -0.223552 0.004282
v -0.116549 -0.092036 0.006380
v 0.258584 -0.157832 -0.005978
v 0.050319 -0.227028 0.000651
v -0.257137 -0.160501 -0.004020
v -0.151055 -0.023647 0.003309
v -0.039284 -0.143238 -0.002745
v 0.071324 -0.189543 -0.002808
v 0.067399 -0.155357 -0.006810
v -0.015836 -0.158674 -0.005138
v -0.241283 -0.101202 -0.001227
v -0.213241 -0.100510 -0.009158
v -0.029945 -0.183653 -0.009990
v -0.031278 -0.060448 0.008301
v -0.233361 -0.133489 0.003085
v 0.002097 -0.007246 -0.002677
v 0.070173 -0.137696 -0.009699
v -0.063365 -0.158990 0.010108
v -0.095970 -0.115801 0.002993
v -0.076855 -0.050788 0.003850
v 0.172614 -0.055034 -0.000678
v 0.186378 -0.038596 0.009659
v 0.096589 -0.226706 -0.006014
v 0.049249 -0.085931 -0.001525
v -0.031966 -0.151828 -0.009375
v -0.133840 -0.121233 0.002490
v 0.119320 -0.042965 -0.005330
v -0.070187 -0.133514 -0.003732
v 0.038144 -0.040225 0.005838
v 0.034658 -0.107085 -0.007625
v -0.187373 -0.127003 -0.010479
v -0.102231 -0.175376 0.001992
v -0.175552 -0.189548 -0.002664
v 0.046578 -0.062874 -0.003826
v 0.277753 -0.112246 -0.010377
v 0.028093 -0.192718 0.006445
v 0.007376 -0.035686 0.002371
v 0.183305 -0.187477 -0.003997
v -0.037423 -0.096785 0.001983
v -0.188336 -0.121521 -0.002171
v 0.019020 -0.014393 -0.004784
v -0.187955 -0.182149 -0.006180
v -0.194834 -0.065590 0.003768
v -0.021639 -0.089920 0.004431
v 0.150938 -0.035299 0.000876
v 0.063296 -0.101249 -0.005385
v -0.096916 -0.133340 -0.006877
v 0.231382 -0.088832 -0.008397
v 0.005854 -0.046529 -0.008388
v -0.040092 -0.077001 -0.008431
v -0.201962 -0.139586 -0.002905
v 0.004353 -0.098775 0.001054
v 0.078285 -0.023027 0.008011
v -0.095179 -0.196596 0.004697
v -0.085936 -0.162944 0.007163
v 0.016440 -0.030049 0.003519
v 0.232637 -0.060227 -0.000443
v 0.004846 -0.046020 -0.010235
v -0.001238 -0.212368 -0.004069
v -0.193680 -0.112728 -0.009530
v 0.099661 -0.113747 -0.005103
v -0.050513 -0.223784 0.009797
v 0.161858 -0.162016 -0.001392
v -0.020146 -0.047999 0.006180
v 0.063250 -0.214508 0.007097
v -0.051055 -0.073983 -0.000866
v -0.078327 -0.126204 -0.008187
v 0.047163 -0.222184 0.002567
v 0.046359 -0.183102 -0.005050
v -0.142404 -0.049327 -0.007523
v -0.128976 -0.077362 0.006777
v -0.152523 -0.167517 -0.000031
v 0.016047 -0.040142 0.003871
v 0.181178 -0.050384 0.000022
v -0.090708 -0.097100 -0.001561
v -0.152773 -0.158530 -0.007676
v -0.207884 -0.056734 0.008897
v -0.121951 -0.099542 -0.009970
v -0.083410 -0.078651 -0.008433
v -0.248438 -0.150550 -0.000466
v -0.063414 -0.003565 -0.007017
v 0.148211 -0.043425 0.008980
v 0.010790 -0.184310 -0.002504
v 0.138565 -0.092579 -0.002289
v -0.144560 -0.062740 -0.006199
v 0.030080 -0.055902 0.003780
v 0.170456 -0.084712 0.005862
v -0.046941 -0.165854 0.003590
v -0.107356 -0.073755 -0.005738
v -0.224431 -0.190778 0.004980
v 0.071460 -0.008850 -0.004999
v 0.138028 -0.109786 -0.003923
v -0.204359 -0.141696 0.001956
v 0.220456 -0.186496 -0.005955
v -0.234511 -0.153500 -0.005642
v 0.202752 -0.104380 -0.000285
v -0.178504 -0.178082 -0.002067
v 0.037000 -0.010973 0.005576
v -0.105609 -0.143657 0.009494
v 0.043336 -0.219172 0.009409
v 0.169816 -0.056954 -0.000366
v 0.150371 -0.095578 -0.005816
v 0.245233 -0.074978 -0.009453
v -0.010446 -0.219260 0.001659
v 0.163774 -0.080282 -0.007806
v 0.107117 -0.050705 0.000390
v 0.203398 -0.108753 -0.001127
v -0.241089 -0.179702 -0.002090
v 0.240473 -0.084042 -0.003472
v -0.207685 -0.089962 0.006091
v -0.032411 -0.216208 0.006985
v -0.147893 -0.110802 0.002400
v -0.047432 -0.140146 -0.007114
v 0.061802 -0.148835 -0.007891
v -0.047133 -0.010983 0.006101
v 0.166564 -0.125463 0.004993
v -0.193513 -0.148623 -0.008358
v 0.256433 -0.163125 -0.001414
v -0.222322 -0.115516 0.003879
v 0.227046 -0.146575 -0.001966
v 0.011824 -0.000519 -0.006298
v 0.179511 -0.068337 0.010102
v -0.111110 -0.067019 0.006677
v -0.007868 -0.224096 -0.008330
v -0.179385 -0.173445 -0.005924
v 0.170893 -0.164028 -0.008638
v 0.068398 -0.166721 0.007412
v -0.055341 -0.213662 0.008128
v 0.192485 -0.091146 0.009403
v -0.030488 -0.158320 -0.006149
v 0.087958 -0.195981 -0.001554
v -0.121481 -0.117955 0.003849
v 0.082455 -0.054022 0.006352
v -0.065807 -0.192633 -0.007969
v 0.040598 -0.148361 0.002392
v -0.142826 -0.130439 -0.009731
v 0.090018 -0.174612 0.002143
v 0.181268 -0.091322 -0.007070
v -0.095042 -0.068998 0.000334
v -0.066087 -0.070639 0.004092
v 0.208673 -0.181764 -0.005577
v -0.175207 -0.172916 0.005429
v 0.138583 -0.061597 -0.004653
v -0.023850 -0.212680 -0.007263
v 0.209060 -0.176249 0.008231
v 0.198143 -0.053408 -0.009035
v -0.194656 -0.180771 -0.003724
v 0.052923 -0.141143 0.005020
v 0.270871 -0.133588 -0.005165
v -0.181521 -0.116836 -0.006730
v 0.232578 -0.163090 0.010321
v -0.047965 -0.193629 -0.009716
v -0.058358 -0.191168 0.001500
v -0.009933 -0.059172 0.006821
v -0.034790 -0.208134 -0.003815
v 0.145278 -0.078360 0.005796
v -0.020797 -0.126746 0.005708
v -0.173999 -0.105917 0.003391
v -0.143446 -0.019926 -0.009531
v -0.199411 -0.172108 -0.004077
v 0.157109 -0.181711 -0.000739
v -0.183757 -0.203482 -0.009826
v 0.217979 -0.128670 0.007691
v -0.055760 -0.197884 0.002857
v 0.124975 -0.163167 0.009360
v 0.161776 -0.154927 0.000173
v 0.116193 -0.097876 0.009723
v -0.266001 -0.098601 -0.000991
v -0.102326 -0.113961 -0.000445
v 0.022455 -0.055679 -0.010265
v 0.135592 -0.152003 0.003160
v -0.145525 -0.201816 0.009347
v 0.182595 -0.067493 0.007971
v 0.071513 -0.168641 0.006497
v -0.227417 -0.059678 -0.006619
v 0.015039 -0.053210 0.008438
v 0.171472 -0.070633 0.003125
v -0.053409 -0.062191 -0.004273
v 0.257528 -0.139603 -0.004814
v -0.111014 -0.205778 -0.007196
v -0.046416 -0.013949 0.005333
v 0.216824 -0.115721 -0.001276
v -0.157045 -0.028621 -0.008592
v -0.098646 -0.195001 0.003305
v 0.179266 -0.129767 -0.004747
v -0.161421 -0.179227 -0.008336
v -0.122759 -0.118344 0.000822
v -0.071301 -0.229484 -0.000683
v -0.108549 -0.021007 -0.007681
v 0.147467 -0.221309 0.003872
v -0.142441 -0.179973 0.006818
v -0.058111 -0.098194 0.008438
v 0.008619 -0.139429 -0.006308
v -0.163378 -0.056953 -0.006694
v -0.245889 -0.176142 -0.009760
v 0.132663 -0.135819 -0.002473
v -0.157327 -0.057950 0.009167
v -0.103320 -0.096884 -0.006974
v -0.077136 -0.072631 -0.002442
v -0.077504 -0.135295 -0.009126
v 0.109270 -0.215258 -0.006471
v -0.113614 -0.218307 0.006154
v 0.032282 -0.184872 -0.004611
v -0.073477 -0.153927 -0.010454
v -0.105039 -0.096934 0.005138
v -0.015471 -0.067933 0.006425
v -0.093830 -0.198368 -0.005668
v 0.009531 -0.065334 -0.002711
v 0.223063 -0.158497 -0.002494
v 0.115560 -0.154793 -0.009717
v -0.230826 -0.076938 0.006551
v 0.062873 -0.066513 0.001302
v -0.164229 -0.056934 -0.007695
v -0.019414 -0.104813 -0.004851
v -0.136956 -0.027544 0.001630
v -0.158754 -0.023058 0.007404
v -0.180917 -0.206405 0.006446
v 0.217917 -0.126644 0.007962
v 0.226253 -0.172388 0.007678
v 0.001450 -0.041596 0.008490
v 0.127493 -0.175593 -0.003638
v -0.038298 -0.086611 0.007600
v -0.048988 -0.105704 -0.000884
v 0.065675 -0.202094 -0.010405
v 0.018878 -0.226903 -0.003355
v 0.130764 -0.055316 -0.000938
v 0.254855 -0.167623 0.005031
v -0.136412 -0.168687 -0.002577
v 0.178572 -0.138185 0.001870
v -0.108891 -0.159248 -0.010156
v -0.057627 -0.197325 0.007420
v -0.163526 -0.207452 0.007697
v -0.058026 -0.108909 0.007272
v -0.193103 -0.198923 -0.008803
v 0.126376 -0.132689 0.000496
v 0.078023 -0.232150 0.009079
v -0.153893 -0.097664 -0.000411
v -0.115982 -0.058746 -0.003658
v -0.044505 -0.147182 0.004787
v -0.034984 -0.112047 -0.008486
v -0.151220 -0.116493 0.001322
v -0.019945 -0.170290 -0.004534
v 0.072622 -0.006267 0.002325
v -0.118009 -0.180871 0.000360
v 0.274780 -0.106139 0.008953
v -0.120028 -0.017783 0.003060
v 0.035234 -0.195198 0.004356
v 0.034151 -0.175570 -0.003294
v 0.243947 -0.089226 0.005237
v -0.010593 -0.069583 0.001281
v 0.229559 -0.072108 0.000778
v 0.079550 -0.059950 -0.001140
v -0.015990 -0.099205 -0.007769
v 0.244235 -0.081797 0.007545
v -0.253586 -0.147117 0.010479
v -0.104519 -0.098172 -0.002596
v 0.097741 -0.195162 0.006081
v -0.168071 -0.195922 -0.005263
v -0.127974 -0.192406 0.005434
v -0.174803 -0.070590 -0.009413
v -0.119621 -0.075010 -0.003133
v 0.254793 -0.106940 -0.010044
v 0.214879 -0.069774 -0.001275
v -0.191462 -0.163847 -0.008735
v 0.078394 -0.210609 -0.010468
v -0.073244 -0.009220 0.007553
v 0.156742 -0.030613 0.004370
v -0.196246 -0.098217 0.005439
v 0.124137 -0.103166 -0.003621
v 0.164578 -0.027058 0.005195
v 0.033081 -0.055368 -0.004594
v -0.098124 -0.164149 0.000182
v -0.197803 -0.179778 0.004593
v 0.022355 -0.032569 0.003660
v 0.077244 -0.074109 -0.001265
v -0.170396 -0.080851 0.007186
v 0.153196 -0.166343 -0.005883
v 0.133101 -0.063647 -0.004621
v -0.118776 -0.056320 -0.001512
v -0.119636 -0.220945 -0.002349
v 0.174915 -0.147950 -0.003924
v 0.212157 -0.095959 0.008599
v 0.187412 -0.167617 0.006588
v -0.018512 -0.035878 0.005741
v -0.102942 -0.075511 -0.004476
v 0.009927 -0.056050 0.000051
v -0.108408 -0.040625 0.007317
v -0.179069 -0.092982 -0.005171
v 0.021293 -0.137682 0.005318
v 0.010941 -0.045275 -0.001682
v -0.043760 -0.117068 0.007815
v 0.258046 -0.104241 -0.001654
v -0.095023 -0.067288 -0.001152
v 0.025845 -0.086113 -0.003841
v -0.125521 -0.110152 0.005816
v 0.199990 -0.086441 0.006064
v -0.037504 -0.140283 0.007373
v -0.018078 -0.226803 -0.002675
v -0.124140 -0.053222 -0.005414
v -0.036178 -0.060398 -0.005373
v 0.249120 -0.131318 0.003249
v -0.122802 -0.092205 0.009530
v 0.223124 -0.177539 -0.007767
v -0.235996 -0.057247 0.002757
v 0.197745 -0.169817 -0.010217
v 0.137885 -0.135976 -0.009893
v 0.240353 -0.120298 -0.009027
v -0.022819 -0.227886 0.001783
v 0.003665 -0.192150 -0.001650
v 0.204665 -0.072733 0.002055
v -0.218749 -0.162469 0.007005
v 0.082410 -0.121417 -0.008362
v 0.150287 -0.175550 0.005226
v -0.255524 -0.082754 -0.002062
v 0.212148 -0.072588 -0.000622
v -0.076098 -0.103396 0.003000
v -0.119779 -0.188738 0.003548
v -0.036424 -0.039983 0.001755
v -0.182669 -0.063043 0.005921
v -0.195873 -0.044479 0.004372
v 0.170131 -0.112727 -0.007703
v -0.228147 -0.052754 0.001810
v 0.223088 -0.109885 -0.009076
v -0.046356 -0.218515 0.004025
v 0.118922 -0.118844 0.004292
v -0.266780 -0.117399 0.007463
v -0.102613 -0.019324 0.003789
v -0.130161 -0.174496 0.008707
v 0.059807 -0.108507 -0.009088
v 0.145009 -0.181625 -0.002602
v -0.055640 -0.057873 0.007720
v 0.049301 -0.030218 -0.008604
v -0.230882 -0.090430 -0.003369
v -0.010722 -0.054518 -0.004149
v 0.084097 -0.082478 0.002220
v -0.007229 -0.104811 0.008341
v 0.080153 -0.154890 0.004662
v 0.040079 -0.201420 -0.005761
v -0.050099 -0.093148 0.008731
v -0.100858 -0.214871 -0.001968
v -0.096122 -0.016131 -0.000065
v -0.040903 -0.068743 0.009857
v 0.067487 -0.136216 0.003661
v 0.166662 -0.116108 -0.002648
v -0.029924 -0.004074 -0.001713
v -0.105130 -0.021502 -0.003166
v 0.258039 -0.155268 0.005792
v -0.075675 -0.083064 -0.008003
v -0.152363 -0.141388 0.007913
v 0.023508 -0.147057 0.001624
v -0.087084 -0.013378 0.006167
v 0.102784 -0.097214 0.010457
v 0.159547 -0.128985 0.006461
v 0.147264 -0.220140 -0.008177
v -0.236373 -0.094475 -0.006766
v -0.264099 -0.147578 -0.008461
v 0.037858 -0.033950 0.009546
v 0.221696 -0.058270 0.005574
v -0.030894 -0.238829 0.009671
v 0.130565 -0.095773 -0.002411
v -0.013445 -0.019510 0.010123
v 0.124492 -0.018386 -0.008341
v -0.132402 -0.165911 -0.000770
v 0.150113 -0.219727 0.007287
v 0.129200 -0.206749 -0.008366
v 0.144739 -0.093933 -0.000584
v 0.029460 -0.086142 -0.008670
v -0.013658 -0.155138 -0.005261
v -0.110884 -0.036491 -0.002889
v 0.159177 -0.215178 -0.003765
v 0.065917 -0.112937 -0.004046
v 0.185545 -0.114865 -0.008653
v -0.062262 -0.230260 0.002449
v 0.136240 -0.169552 0.002392
v -0.080330 -0.020628 -0.003785
v -0.213771 -0.059222 -0.001425
v -0.000669 -0.186318 0.010247
v -0.081842 -0.019769 0.005082
v 0.087023 -0.035622 -0.007531
v 0.240351 -0.161715 0.002057
v -0.035642 -0.096341 -0.004057
v 0.191538 -0.073496 0.004909
v 0.144671 -0.073155 -0.008303
v -0.058886 -0.189788 0.002955
v -0.031471 -0.154079 -0.009264
v 0.006055 -0.229964 0.004249
v -0.100486 -0.127220 0.003447
v 0.160427 -0.042996 -0.002006
v 0.160312 -0.035451 0.008926
v 0.046815 -0.091663 0.006522
v -0.138011 -0.044573 -0.006920
v 0.051376 -0.227465 0.001438
v -0.078662 -0.088919 0.000611
v -0.133772 -0.182159 0.006292
v -0.062460 -0.220111 -0.010266
v -0.094867 -0.138729 0.006293
v -0.181333 -0.206331 0.002805
v -0.243821 -0.114925 0.001077
v -0.225871 -0.092446 -0.007184
v 0.269342 -0.097600 0.003381
v 0.123613 -0.152296 -0.003368
v -0.100408 -0.118200 0.006406
v -0.254444 -0.160425 -0.007460
v -0.089154 -0.067165 -0.006588
v -0.012107 -0.144833 0.003715
v -0.268639 -0.128493 0.002993
v -0.029021 -0.164364 0.002767
v -0.035168 -0.121521 -0.002518
v -0.011225 -0.100255 0.006117
v 0.070445 -0.173511 -0.001711
v -0.096793 -0.068956 -0.000481
v -0.239430 -0.087481 0.004044
v -0.127947 -0.163641 0.004578
v 0.258467 -0.103671 0.002826
v 0.210762 -0.136026 -0.003560
v -0.180902 -0.057601 -0.006211
v 0.145180 -0.078416 0.002667
v -0.153274 -0.034673 -0.005868
v -0.190210 -0.151604 0.008962
v -0.245890 -0.080405 -0.003201
v -0.086968 -0.228323 0.002380
v 0.036538 -0.148660 -0.002324
v 0.174775 -0.139744 -0.007812
v 0.230899 -0.168495 -0.010016
v 0.074420 -0.100266 0.004765
v 0.060138 -0.050435 0.008864
v -0.213538 -0.109602 0.003474
v -0.248661 -0.083301 0.005327
v -0.097018 -0.156842 -0.010150
v -0.116609 -0.028101 0.004836
v 0.125714 -0.187826 0.006250
v 0.022955 -0.222045 0.001263
v 0.201268 -0.147585 -0.004031
v -0.205930 -0.175328 -0.005048
v 0.086562 -0.215662 0.009598
v 0.019396 -0.040791 0.001277
v -0.223412 -0.179525 0.009604
v -0.109123 -0.089840 -0.009318
v -0.219719 -0.160328 -0.007852
v -0.024463 -0.203638 0.006464
v -0.007349 -0.034316 0.000358
v 0.080497 -0.200146 0.005675
v 0.081842 -0.179554 0.003964
v 0.156351 -0.028681 -0.002781
v -0.117809 -0.203605 0.003435
v 0.077731 -0.154317 0.008531
v -0.054873 -0.231456 0.005463
v 0.100397 -0.084047 -0.005345
v 0.046394 -0.043225 0.000209
v -0.112834 -0.046733 -0.004241
v 0.170078 -0.147741 0.008540
v -0.127330 -0.185241 0.002327
v -0.128471 -0.079585 0.001085
v -0.143981 -0.112059 -0.004605
v -0.096917 -0.039053 -0.003471
v 0.147018 -0.085696 -0.006286
v 0.146927 -0.146023 -0.003263
v 0.037330 -0.187026 0.002699
v 0.207903 -0.166273 -0.000241
v -0.184140 -0.138920 -0.004695
v 0.069515 -0.126274 0.002858
v 0.170977 -0.133629 0.008134
v 0.165131 -0.154096 -0.003712
v 0.176239 -0.048803 -0.008026
v -0.145749 -0.176549 -0.005099
v 0.035631 -0.027286 -0.003033
v -0.102058 -0.024402 0.005852
v -0.242522 -0.075664 0.002339
v -0.201763 -0.086141 -0.005511
v -0.045803 -0.233001 -0.009454
v 0.159411 -0.139656 0.000091
v 0.103554 -0.019723 -0.002184
v 0.019466 -0.098265 0.005431
v -0.090103 -0.046825 0.002925
v 0.069383 -0.063795 -0.007849
v -0.039578 -0.033345 0.005147
v -0.077635 -0.028144 -0.006985
v -0.153225 -0.059542 0.001422
v -0.140025 -0.127543 0.003253
v 0.076739 -0.109470 0.002809
v -0.051276 -0.120850 -0.010330
v 0.076159 -0.010280 0.001125
v 0.232777 -0.071523 0.007780
v -0.127632 -0.097798 0.006186
v -0.174602 -0.132810 0.005184
v 0.130550 -0.076978 -0.005014
v -0.030472 -0.112478 -0.005354
v 0.099348 -0.057987 0.002416
v -0.239257 -0.077465 0.009059
v 0.080384 -0.187933 0.004211
v -0.061373 -0.119301 -0.003512
v 0.073170 -0.008918 0.007404
v -0.064139 -0.033391 -0.008251
v -0.085683 -0.214256 0.006741
v -0.108792 -0.054991 0.002657
v -0.102822 -0.218090 -0.002847
v 0.267480 -0.088583 0.007969
v 0.261847 -0.157047 0.004676
v 0.132348 -0.198285 0.003284
v -0.243265 -0.159083 0.003645
v -0.251011 -0.088004 0.001029
v 0.094431 -0.094551 -0.006670
v -0.016763 -0.003729 -0.002714
v -0.198387 -0.108004 -0.004440
v -0.148027 -0.071061 0.002300
v 0.126054 -0.215135 0.006933
v 0.215220 -0.067630 0.001314
v -0.080253 -0.136058 0.000102
v -0.164900 -0.099989 -0.009061
v -0.208508 -0.163838 -0.004222
v 0.058694 -0.209806 -0.007031
v 0.024201 -0.083436 0.008771
v -0.086121 -0.154622 0.005446
v 0.012588 -0.206144 0.003026
v -0.100442 -0.190707 -0.001261
v -0.157977 -0.090384 -0.003796
v 0.155644 -0.169828 -0.002905
v -0.071638 -0.031224 0.003121
v -0.057874 -0.212635 -0.004076
v 0.183085 -0.127920 -0.000614
v -0.162198 -0.116778 -0.001879
v -0.251456 -0.165575 0.004744
v 0.069576 -0.174184 0.002362
v 0.156308 -0.170234 0.009379
v -0.052779 -0.181532 -0.008136
v 0.052987 -0.030366 -0.000701
v 0.228003 -0.123618 -0.008194
v 0.213499 -0.149891 -0.000791
v 0.154839 -0.201449 0.002406
v -0.018363 -0.022592 0.006692
v -0.125918 -0.204171 -0.000341
v 0.126525 -0.016884 -0.000666
v -0.177372 -0.120230 -0.008319
v -0.123891 -0.039289 0.004856
v -0.086153 -0.117164 0.000713
v 0.121504 -0.171723 -0.006006
v -0.055392 -0.160251 0.007575
v -0.268132 -0.146755 -0.003160
v 0.245020 -0.108305 0.005247
v 0.057057 -0.227005 -0.000294
v -0.208782 -0.183142 -0.002895
v -0.226360 -0.120966 -0.002049
v 0.148605 -0.025798 0.000649
v 0.186670 -0.171419 -0.008031
v 0.039905 -0.073939 -0.006018
v -0.021727 -0.226054 0.002900
v -0.144119 -0.097341 -0.000735
v -0.002564 -0.012215 0.010439
v -0.222761 -0.085350 -0.005156
v 0.227117 -0.132873 -0.000228
v 0.092415 -0.221226 -0.005343
v -0.052995 -0.033454 0.004487
v -0.251237 -0.172251 0.000382
v 0.056264 -0.006256 -0.002670
v 0.005608 -0.142982 -0.000809
v 0.092169 -0.018439 -0.008384
v 0.145801 -0.086748 0.003734
v -0.030026 -0.140013 -0.008298
v -0.000504 -0.236351 -0.000840
v 0.036674 -0.180306 -0.009798
v -0.225886 -0.146808 -0.006760
v -0.154257 -0.132182 -0.008445
v 0.091050 -0.146928 0.005234
v -0.166890 -0.039041 -0.005537
v -0.237063 -0.152784 0.001793
v -0.216824 -0.086657 -0.003088
v 0.058884 -0.045618 0.010497
v -0.155234 -0.047359 -0.003023
v -0.176143 -0.133023 -0.000230
v -0.097902 -0.107654 0.000805
v -0.010300 -0.085216 -0.006014
v 0.079645 -0.223184 0.005319
v -0.058206 -0.141195 -0.006519
v -0.212574 -0.189393 -0.003992
v -0.155663 -0.116853 0.002404
v -0.235232 -0.074262 0.008881
v -0.092004 -0.026716 0.004771
v -0.210542 -0.065904 0.008073
v 0.138060 -0.138940 0.009729
v 0.081623 -0.020852 0.009941
v -0.112986 -0.204969 0.008698
v -0.061829 -0.170850 -0.002852
v -0.177338 -0.199811 0.001275
v 0.145044 -0.030520 0.000287
v 0.161784 -0.131290 0.009420
v -0.066167 -0.171115 0.004819
v 0.099899 -0.228577 0.004358
v 0.032496 -0.162936 0.000138
v 0.014916 -0.194700 0.009218
v 0.200418 -0.054503 0.003617
v 0.240830 -0.148645 -0.007009
v -0.019741 -0.023052 -0.003732
v 0.093045 -0.057972 0.008889
v -0.213710 -0.174618 0.000978
v 0.036985 -0.163150 -0.003504
v -0.113798 -0.165053 0.010012
v 0.010373 -0.200510 -0.004954
v -0.118468 -0.173468 -0.002682
v 0.037635 -0.048329 0.006698
v -0.050721 -0.006683 -0.008203
v 0.201291 -0.059325 0.000679
v 0.156577 -0.212359 -0.003305
v 0.060557 -0.007777 -0.006561
v 0.226942 -0.140862 -0.007468
v 0.069321 -0.015095 0.003013
v 0.174242 -0.065553 -0.001164
v 0.174815 -0.143710 -0.004181
v 0.200139 -0.057914 -0.004631
v -0.079313 -0.119286 -0.002478
v 0.031022 -0.105000 -0.008935
v -0.072703 -0.170401 -0.005398
v -0.007276 -0.090855 -0.008454
v 0.045988 -0.074779 -0.006152
v -0.095001 -0.085958 0.000171
v 0.127085 -0.172154 -0.004387
v 0.050398 -0.134103 0.001533
v 0.227381 -0.125280 -0.000353
v 0.160355 -0.064296 0.005785
v -0.172727 -0.048008 -0.002663
v -0.225209 -0.109763 0.003970
v 0.165441 -0.088957 0.009628
v -0.057243 -0.119844 0.000958
v 0.099390 -0.182210 -0.009464
v -0.061012 -0.039187 0.006592
v 0.023002 -0.063787 0.006869
v 0.135396 -0.026191 0.003241
v 0.040302 -0.178294 -0.001483
v -0.064479 -0.032163 -0.008750
v 0.230861 -0.096572 0.003878
v 0.027979 -0.021648 -0.002375
v 0.212372 -0.176388 0.001452
v 0.231839 -0.142042 0.005264
v -0.082093 -0.165459 -0.007756
v 0.110045 -0.230216 0.004309
v -0.190372 -0.176338 -0.007909
v 0.235997 -0.073064 0.001232
v 0.142851 -0.075613 0.000941
v -0.167479 -0.159212 -0.010274
v -0.016392 -0.079405 -0.003526
v 0.004623 -0.027197 0.002890
v -0.083530 -0.093288 0.007867
v 0.169615 -0.142313 -0.010428
v 0.083501 -0.050596 0.004934
v 0.008783 -0.208947 0.000211
v -0.098608 -0.073166 -0.010280
v 0.178178 -0.206792 -0.005630
v 0.024149 -0.192062 -0.005653
v -0.152825 -0.121435 0.003831
v -0.058149 -0.143866 -0.001927
v -0.249864 -0.084188 -0.003648
v 0.134780 -0.086103 0.008784
v -0.093745 -0.081008 0.003996
v -0.025414 -0.104008 -0.007079
v 0.052966 -0.107243 0.006464
v 0.227036 -0.059591 -0.005365
v 0.137611 -0.084225 0.000278
v -0.155881 -0.195571 0.001391
v 0.131125 -0.115778 0.006469
v 0.122339 -0.181528 -0.000152
v -0.258956 -0.115077 0.004184
v 0.058413 -0.054068 0.000007
v 0.221233 -0.182235 -0.004127
v 0.183378 -0.036762 0.004172
v 0.085452 -0.118892 -0.002265
v -0.130404 -0.134676 0.002826
v -0.149110 -0.143134 -0.005480
v -0.106971 -0.079677 0.005377
v -0.244704 -0.088489 -0.000892
v 0.122790 -0.179187 -0.009227
v -0.101016 -0.083153 -0.003683
v 0.246466 -0.151287 0.009056
v 0.057280 -0.197136 0.002835
v 0.140496 -0.212251 0.002920
v -0.134081 -0.109941 -0.005719
v 0.094370 -0.038034 -0.001676
v 0.113191 -0.209950 -0.003500
v 0.006131 -0.204801 0.010081
v 0.163239 -0.122399 0.005869
v -0.047800 -0.059789 0.000700
v 0.148602 -0.102281 0.007838
v -0.232434 -0.079681 0.007218
v -0.269336 -0.150723 -0.002373
v 0.159607 -0.206550 -0.007094
v 0.204676 -0.090604 0.007323
v 0.130095 -0.165537 0.001674
v 0.193068 -0.188652 -0.001815
v 0.067954 -0.093545 -0.000334
v 0.192326 -0.123509 -0.004060
v -0.143262 -0.099869 0.005107
v -0.165685 -0.079986 0.000246
v 0.027286 -0.165252 -0.002365
v -0.135034 -0.150231 -0.003405
v 0.216430 -0.154535 0.005422
v -0.191477 -0.165094 -0.005086
v -0.080505 -0.200118 -0.003174
v -0.222778 -0.065033 -0.002542
v -0.182639 -0.169766 0.008866
v 0.227329 -0.149065 -0.001938
v 0.020030 -0.077219 -0.001895
v -0.049145 -0.126532 0.005618
v -0.174028 -0.092009 -0.000919
v -0.157715 -0.166649 0.005394
v 0.058565 -0.033363 0.006834
v 0.081457 -0.075392 -0.000663
v 0.097766 -0.025245 0.005435
v -0.215181 -0.086168 -0.008707
v 0.230254 -0.154583 0.010255
v 0.149007 -0.057566 -0.001692
v 0.095517 -0.021293 -0.001956
v 0.221396 -0.140063 -0.006974
v 0.040275 -0.064860 0.003873
v 0.010498 -0.146961 -0.007495
v -0.200434 -0.197458 -0.005203
v -0.180150 -0.046658 0.006602
v 0.196673 -0.190090 0.009491
v -0.199972 -0.037309 -0.005070
v 0.039340 -0.006323 -0.002125
v -0.056220 -0.083960 -0.003339
v -0.170370 -0.137620 0.005849
v -0.068463 -0.140977 0.000123
v 0.011245 -0.018617 -0.009480
v 0.057441 -0.228625 -0.004937
v -0.249952 -0.141177 -0.003437
v -0.242378 -0.140973 -0.003347
v 0.215243 -0.046917 0.002767
v 0.018588 -0.206189 -0.010294
v 0.082786 -0.058501 -0.003969
v 0.155968 -0.035839 -0.003696
v 0.177020 -0.132296 0.010361
v 0.166326 -0.133309 0.006315
v -0.257492 -0.105827 0.009475
v -0.212344 -0.149980 -0.001121
v -0.183936 -0.060337 -0.009617
v -0.047609 -0.235228 -0.006956
v 0.000431 -0.087102 -0.000409
v 0.069706 -0.141146 0.009846
v 0.172261 -0.171150 0.009754
v 0.241372 -0.174768 0.005789
v -0.108236 -0.194990 -0.000589
v -0.192503 -0.132793 0.008813
v -0.125215 -0.126572 0.006249
v 0.222415 -0.070455 0.006417
v -0.227927 -0.164020 -0.006853
v 0.079247 -0.195303 0.003497
v -0.119652 -0.078812 -0.001531
v 0.023808 -0.015868 0.000880
v -0.192001 -0.123393 -0.010093
v 0.050123 -0.108439 0.000568
v -0.088291 -0.028191 -0.007349
v 0.229034 -0.106846 0.004843
v -0.009382 -0.126004 0.004686
v -0.152379 -0.115520 0.009389
v 0.134184 -0.094328 -0.000036
v 0.169129 -0.035144 -0.009069
v 0.098383 -0.165789 -0.001784
v 0.111529 -0.168132 0.005034
v 0.031200 -0.190289 -0.001979
v -0.079153 -0.192736 -0.004709
v 0.061116 -0.171218 0.004648
v 0.192438 -0.090072 0.005607
v -0.054255 -0.034698 0.009216
v 0.012188 -0.107130 0.009820
v -0.196452 -0.124070 0.008444
v -0.048839 -0.171718 0.000733
v -0.112709 -0.181682 0.006208
v 0.106827 -0.172308 0.010034
v 0.058519 -0.083820 -0.000306
v -0.025588 -0.022859 -0.003313
v -0.063293 -0.210587 -0.000834
v 0.048598 -0.105720 -0.008256
v -0.199077 -0.081339 0.007287
v -0.101265 -0.115453 0.002466
v -0.124841 -0.046744 -0.009529
v 0.063833 -0.158468 0.004700
v -0.082292 -0.073231 0.004306
v 0.184391 -0.135316 -0.010421
v -0.026344 -0.024106 -0.006348
v -0.161618 -0.109750 -0.007108
v 0.138311 -0.157884 0.009758
v -0.115614 -0.173861 -0.003723
v 0.129821 -0.064437 -0.006069
v -0.147821 -0.168733 -0.004569
v 0.019878 -0.105621 0.006039
v -0.136814 -0.019775 -0.004143
v 0.176956 -0.212603 0.009727
v 0.131664 -0.153495 0.006525
v 0.099105 -0.201171 -0.007173
v 0.148344 -0.052054 0.000360
v -0.223682 -0.148121 -0.006766
v -0.156235 -0.216084 0.009825
v 0.205530 -0.172142 -0.005552
v 0.163874 -0.156340 0.006077
v -0.260872 -0.105888 -0.005084
v 0.055842 -0.058117 0.002723
v -0.084888 -0.064697 0.008331
v -0.112865 -0.125769 0.009964
v -0.137868 -0.061938 -0.003411
v -0.196186 -0.063706 -0.004045
v 0.205275 -0.188838 0.003099
v 0.111532 -0.200919 0.001498
v 0.010786 -0.176910 0.008990
v -0.134823 -0.196730 -0.007867
v -0.255948 -0.099718 0.009681
v -0.166541 -0.192718 0.001420
v 0.071705 -0.118167 0.004179
v -0.192449 -0.111119 -0.007824
v 0.129195 -0.172666 0.004085
v 0.250766 -0.141198 -0.007856
v -0.008064 -0.073068 -0.009806
v -0.184929 -0.071495 -0.009386
v 0.015602 -0.221450 -0.004863
v 0.133443 -0.223744 0.008660
v -0.046665 -0.161661 -0.005424
v 0.088656 -0.133889 -0.000838
v 0.074614 -0.188410 0.008640
v -0.014859 -0.002597 -0.003607
v -0.223833 -0.166308 0.007955
v -0.134568 -0.184703 -0.007857
v -0.101629 -0.156206 0.010057
v -0.213210 -0.196389 -0.004769
v 0.035757 -0.166052 0.001579
v -0.166231 -0.203277 0.009719
v -0.095648 -0.174511 -0.001738
v -0.201035 -0.069366 0.006038
v 0.023516 -0.152944 -0.003089
v 0.025742 -0.132828 -0.006955
v -0.242956 -0.072019 0.005077
v -0.241228 -0.096873 -0.002044
v 0.237012 -0.113226 -0.007492
v -0.195962 -0.154953 0.004267
v -0.120745 -0.179562 0.007191
v -0.216784 -0.058199 0.003043
v -0.059389 -0.043480 -0.000233
v 0.128561 -0.204415 -0.003820
v -0.034831 -0.143090 0.008843
v 0.062567 -0.066515 -0.002088
v -0.105997 -0.117918 0.004312
v 0.170782 -0.090399 0.009458
v 0.054528 -0.177514 0.001489
v -0.111545 -0.166020 -0.005645
v -0.191485 -0.161534 -0.004679
v 0.145969 -0.202055 0.003609
v 0.164852 -0.200009 0.003967
v 0.087554 -0.046905 0.004072
v -0.063021 -0.073918 0.006872
v 0.040406 -0.153468 -0.005852
v 0.192787 -0.109724 -0.004678
v 0.002414 -0.006280 0.003763
v 0.264136 -0.082846 -0.001615
v 0.095115 -0.089804 -0.004344
v -0.139330 -0.110793 0.002804
v -0.118726 -0.132634 0.006698
v 0.075738 -0.070733 -0.003216
v -0.033917 -0.091113 -0.009488
v 0.000935 -0.076392 -0.008487
v 0.231990 -0.102108 -0.002822
v -0.126958 -0.051198 -0.000028
v 0.091072 -0.230650 -0.004898
v 0.064044 -0.120402 -0.007310
v 0.200429 -0.186318 0.003677
v 0.165692 -0.144911 -0.009005
v -0.092040 -0.146350 0.006573
v 0.062683 -0.154253 -0.005616
v 0.016571 -0.141497 -0.000287
v -0.213208 -0.129723 0.007234
v 0.105170 -0.212305 0.008104
v 0.135937 -0.160445 0.005101
v -0.020293 -0.186251 0.009681
v 0.251221 -0.169347 0.002446
v 0.065476 -0.148243 0.004032
v 0.098741 -0.172266 -0.000080
v 0.195540 -0.040029 -0.001423
v 0.033313 -0.003369 0.002768
v 0.100009 -0.073510 -0.005333
v 0.098347 -0.186512 0.005145
v 0.171984 -0.037313 0.003598
v 0.158068 -0.189811 0.008227
v -0.028827 -0.177154 -0.007740
v 0.005480 -0.122378 -0.001348
v 0.051142 -0.109150 -0.007269
v -0.082656 -0.037275 -0.002406
v 0.082449 -0.211463 -0.001679
v -0.246969 -0.082189 -0.004072
v -0.091425 -0.211870 -0.001628
v 0.169951 -0.164380 0.005148
v -0.077256 -0.141857 -0.008848
v -0.052347 -0.018222 0.004887
v 0.140362 -0.203258 0.002098
v -0.199813 -0.112227 0.000018
v 0.176023 -0.066510 -0.009696
v 0.080704 -0.228184 0.003285
v -0.104050 -0.081119 0.000483
v -0.166933 -0.073090 0.004362
v -0.008438 -0.155534 0.006663
v -0.109670 -0.057987 0.002014
v 0.221625 -0.124174 0.003378
v -0.205581 -0.039128 0.005434
v -0.109205 -0.130865 -0.000449
v -0.030364 -0.121978 0.009434
v -0.024486 -0.166312 -0.010463
v -0.134530 -0.188213 0.003638
v 0.141522 -0.142424 -0.007259
v 0.044943 -0.068384 -0.001681
v 0.199839 -0.110413 0.004770
v -0.011257 -0.139777 0.000703
v 0.168589 -0.096666 -0.001188
v 0.182425 -0.189534 0.001764
v 0.170166 -0.125212 0.002972
v -0.085178 -0.067485 0.001021
v -0.224705 -0.060281 -0.005036
v -0.208808 -0.109155 0.009320
v -0.145553 -0.060618 -0.001725
v -0.181669 -0.039732 -0.003410
v -0.088846 -0.117946 -0.001575
v -0.036379 -0.099723 0.003546
v 0.071709 -0.224299 -0.006148
v -0.089155 -0.011022 -0.008622
v 0.211167 -0.091338 -0.001283
v -0.091015 -0.144266 0.004615
v 0.134994 -0.054623 0.009688
v -0.219664 -0.074628 -0.006008
v 0.030211 -0.219814 -0.000376
v 0.011642 -0.021390 -0.008412
v -0.208912 -0.117259 -0.008226
v 0.052447 -0.227637 -0.008238
v -0.040160 -0.038620 -0.007272
v 0.063496 -0.156428 0.003461
v 0.110532 -0.063828 0.006679
v -0.022446 -0.104194 -0.009286
v -0.117614 -0.042844 -0.009842
v 0.237378 -0.124139 0.003482
v -0.178059 -0.165877 -0.006116
v 0.101223 -0.182443 -0.000877
v -0.192055 -0.130623 -0.003993
v 0.106159 -0.088068 -0.006254
v 0.040192 -0.181364 0.000549
v 0.009596 -0.148966 -0.009872
v 0.116186 -0.092842 -0.007195
v 0.152148 0.023871 -0.039796
v -0.028426 -0.078694 -0.054662
v 0.052410 -0.050335 -0.040303
v 0.009648 -0.022633 -0.051820
v 0.095153 -0.029083 -0.050073
v 0.277629 -0.049217 -0.047782
v 0.170805 -0.053043 -0.057241
v 0.286427 -0.178767 -0.059331
v 0.318019 -0.033050 -0.057778
v 0.366947 -0.123727 -0.052682
v 0.239873 -0.165429 -0.042692
v 0.362635 -0.099711 -0.058845
v 0.104561 -0.018766 -0.059587
v 0.226559 0.030087 -0.042632
v 0.378413 0.011403 -0.041966
v 0.321068 -0.082476 -0.052047
v 0.446041 -0.061030 -0.058090
v 0.338584 -0.002300 -0.050256
v 0.015252 -0.119507 -0.050296
v 0.086324 -0.145141 -0.052486
v 0.275414 -0.052442 -0.057549
v 0.124305 -0.041684 -0.048915
v 0.346001 -0.187661 -0.054142
v 0.307203 -0.047045 -0.043716
v 0.235012 0.004411 -0.055228
v 0.078712 -0.105483 -0.045292
v 0.254279 -0.003385 -0.050798
v 0.229780 -0.061598 -0.040697
v 0.384201 -0.180333 -0.041319
v 0.354687 -0.075619 -0.046240
v 0.076257 -0.164288 -0.041178
v 0.298945 -0.175491 -0.055281
v 0.227448 -0.089144 -0.058709
v 0.224274 0.030485 -0.043953
v 0.395138 -0.149451 -0.044868
v 0.370371 -0.179491 -0.043611
v 0.068228 -0.153133 -0.042713
v 0.083552 -0.017505 -0.047916
v 0.429802 -0.150833 -0.051907
v 0.013827 -0.118936 -0.054421
v 0.376437 -0.095819 -0.058852
v 0.450297 -0.027181 -0.049671
v 0.446411 -0.013542 -0.042547
v 0.142940 -0.134712 -0.040576
v 0.202725 -0.055369 -0.045719
v 0.371187 -0.005163 -0.051156
v 0.236211 -0.087804 -0.053952
v 0.410845 -0.067554 -0.060471
v 0.239408 -0.191616 -0.043560
v 0.401871 -0.131208 -0.054286
v 0.325562 -0.158925 -0.056034
v 0.337184 -0.079559 -0.043504
v 0.085486 0.006195 -0.054793
v -0.021218 -0.065723 -0.057298
v 0.117046 0.019739 -0.047907
v 0.295100 -0.163182 -0.054878
v 0.292100 0.024635 -0.040815
v 0.226046 0.009052 -0.048307
v 0.425992 -0.126220 -0.060422
v 0.377665 -0.105907 -0.058263
v 0.279706 0.017995 -0.039524
v 0.218257 -0.034664 -0.047268
v 0.320041 -0.092117 -0.042997
v 0.361547 -0.079636 -0.044559
v 0.118502 -0.067244 -0.059127
v 0.211160 -0.105161 -0.050233
v 0.377777 -0.103794 -0.046106
v 0.292113 -0.080425 -0.049290
v 0.113399 -0.046349 -0.051953
v 0.379136 -0.046705 -0.052181
v 0.132493 -0.043292 -0.059210
v -0.006846 -0.042339 -0.052100
v 0.034839 -0.150584 -0.052550
v 0.106581 -0.153853 -0.049605
v 0.228436 -0.025130 -0.059044
v 0.472513 -0.077496 -0.051989
v 0.465781 -0.010839 -0.041152
v 0.063108 -0.062430 -0.044677
v -0.008964 -0.044906 -0.044430
v 0.281549 -0.002964 -0.048443
v 0.201748 -0.035290 -0.056258
v 0.301225 -0.086268 -0.049416
v 0.449758 -0.012542 -0.051211
v 0.029279 -0.131570 -0.043025
v 0.394973 -0.087754 -0.060004
v 0.375352 -0.114127 -0.054332
v 0.484511 -0.121559 -0.053482
v 0.090518 -0.128691 -0.055724
v 0.271357 0.012244 -0.054136
v 0.083359 -0.115106 -0.045772
v 0.098515 0.012418 -0.055695
v 0.440697 -0.092345 -0.046226
v 0.347149 -0.177820 -0.052936
v 0.466008 -0.146901 -0.044600
v 0.160053 0.007883 -0.048201
v 0.341710 0.001119 -0.039921
v 0.286026 -0.012159 -0.058155
v 0.234972 -0.167611 -0.043039
v 0.273139 0.034308 -0.055954
v 0.107084 -0.112216 -0.051521
v 0.372496 -0.117435 -0.050098
v 0.201544 -0.198832 -0.056382
v 0.242548 -0.174640 -0.053171
v -0.008378 -0.102965 -0.040135
v 0.256361 0.009691 -0.042319
v 0.152972 -0.147676 -0.050982
v 0.443478 -0.029686 -0.039688
v 0.389073 -0.100856 -0.056284
v 0.421356 -0.010927 -0.041234
v 0.038065 -0.011093 -0.051461
v 0.108731 -0.017649 -0.058373
v 0.424693 -0.163012 -0.050787
v 0.432961 -0.005068 -0.057950
v 0.276211 -0.070667 -0.045853
v 0.060629 -0.133891 -0.040876
v 0.148543 -0.040258 -0.054153
v 0.302889 0.004415 -0.045927
v 0.162975 -0.072544 -0.054285
v 0.470206 -0.098633 -0.052927
v 0.509119 -0.081398 -0.047915
v 0.265586 0.012431 -0.050516
v 0.294673 -0.116750 -0.049139
v 0.031293 -0.013094 -0.048253
v 0.340160 -0.029521 -0.047809
v 0.286744 -0.107336 -0.059999
v 0.402631 -0.119303 -0.059374
v 0.323219 -0.074776 -0.040373
v 0.343589 -0.173800 -0.044753
v 0.386173 -0.050621 -0.058950
v 0.441096 -0.045544 -0.056457
v 0.240488 -0.024643 -0.044302
v 0.104160 -0.145122 -0.057574
v 0.362131 -0.054651 -0.059516
v 0.234740 -0.170543 -0.046742
v 0.337842 0.019040 -0.046514
v 0.097181 -0.020813 -0.059424
v 0.131901 -0.190814 -0.041323
v 0.357456 -0.185141 -0.050461
v 0.336431 0.024555 -0.058955
v 0.235160 -0.023610 -0.057878
v 0.125921 -0.189152 -0.050710
v 0.093654 -0.153398 -0.051833
v 0.384578 -0.126953 -0.053843
v 0.057164 -0.039335 -0.057845
v 0.498361 -0.032748 -0.049014
v 0.276847 -0.096851 -0.056020
v 0.455555 -0.034648 -0.052150
v 0.202255 -0.003944 -0.059174
v 0.057862 -0.171061 -0.055810
v 0.367377 -0.075367 -0.055002
v 0.412634 -0.021364 -0.047741
v 0.139453 -0.060732 -0.041326
v 0.191865 -0.104445 -0.042700
v 0.216106 -0.078987 -0.055380
v 0.280338 0.005238 -0.059078
v 0.127049 -0.109765 -0.056727
v 0.109962 0.003911 -0.049293
v 0.415336 -0.147863 -0.052051
v 0.161864 -0.073995 -0.052509
v 0.095444 -0.133779 -0.055039
v 0.366848 -0.159403 -0.042741
v 0.308768 -0.040178 -0.056615
v 0.064092 -0.154059 -0.055079
v 0.187786 -0.142772 -0.040310
v 0.324341 -0.183198 -0.051487
v 0.188075 -0.169460 -0.049847
v 0.430206 -0.166059 -0.058938
v 0.274805 -0.140241 -0.059527
v 0.237223 0.008382 -0.049586
v 0.162681 -0.008208 -0.058711
v 0.129369 0.002056 -0.048030
v 0.122387 -0.169249 -0.044311
v 0.444965 -0.138677 -0.056995
v 0.055028 -0.075212 -0.047695
v 0.326411 -0.021710 -0.058443
v 0.384134 -0.002142 -0.054905
v 0.142723 -0.047791 -0.056966
v 0.022765 -0.025798 -0.040201
v 0.214267 -0.073848 -0.057439
v 0.179071 -0.026402 -0.049261
v 0.468205 -0.080860 -0.053261
v 0.092990 -0.146430 -0.050216
v 0.276646 -0.186012 -0.040126
v 0.283268 -0.135656 -0.043058
v 0.503292 -0.100986 -0.053867
v 0.127889 -0.010697 -0.046987
v 0.391848 -0.003998 -0.054842
v 0.308567 -0.069297 -0.046316
v 0.521455 -0.093990 -0.050923
v 0.287585 0.000609 -0.057383
v 0.079331 0.007879 -0.050777
v 0.165756 -0.068662 -0.052840
v 0.022668 -0.119960 -0.057132
v 0.312677 0.018534 -0.049096
v 0.070985 0.004857 -0.059826
v 0.469142 -0.117221 -0.048361
v 0.318283 -0.032709 -0.047113
v 0.370001 -0.021937 -0.040307
v 0.308693 -0.127024 -0.058177
v 0.423890 -0.149032 -0.049544
v 0.281454 -0.037298 -0.051231
v 0.189133 -0.201083 -0.044488
v 0.205743 -0.016263 -0.056638
v 0.225121 -0.083145 -0.047539
v 0.364200 -0.158501 -0.057608
v -0.003015 -0.064345 -0.059044
v 0.200975 -0.128545 -0.047625
v 0.008825 -0.036629 -0.047286
v 0.196345 -0.042656 -0.045141
v 0.172227 -0.023692 -0.046127
v 0.519350 -0.070517 -0.041915
v 0.340413 -0.076642 -0.054125
v 0.109805 -0.099123 -0.057793
v 0.142362 -0.063401 -0.046008
v 0.427998 -0.078586 -0.039583
v 0.338551 -0.040786 -0.059696
v 0.242142 -0.172097 -0.060441
v 0.436524 -0.140348 -0.046161
v 0.407978 -0.151796 -0.056353
v 0.005141 -0.056016 -0.048439
v 0.490972 -0.097629 -0.057528
v 0.294307 -0.090450 -0.047771
v 0.410225 -0.158010 -0.055857
v 0.013121 -0.031288 -0.051548
v 0.090134 -0.025780 -0.045235
v 0.199732 -0.028614 -0.042479
v 0.243552 -0.021553 -0.055193
v 0.411104 -0.111165 -0.051346
v 0.230842 -0.003396 -0.059857
v 0.103082 -0.103508 -0.045078
v 0.163747 -0.097095 -0.045194
v 0.395279 -0.041817 -0.057503
v 0.487719 -0.121649 -0.056931
v 0.348259 -0.083878 -0.058486
v 0.147888 -0.032365 -0.060119
v 0.053630 -0.153443 -0.047579
v 0.426330 -0.095405 -0.045153
v 0.261482 -0.126365 -0.042934
v 0.203274 -0.155596 -0.045839
v 0.213672 -0.126174 -0.043843
v 0.189475 -0.093396 -0.049932
v -0.017613 -0.120391 -0.046894
v 0.158338 -0.128721 -0.041154
v 0.230601 -0.201876 -0.042633
v 0.151123 0.027500 -0.056839
v 0.107709 0.009723 -0.056332
v 0.085844 -0.005406 -0.058674
v 0.459545 -0.138882 -0.043342
v 0.149627 0.005241 -0.042969
v 0.018852 -0.061658 -0.048905
v 0.272345 -0.063221 -0.058768
v 0.055358 -0.055291 -0.060108
v 0.258168 -0.024461 -0.040259
v 0.313550 -0.167816 -0.043752
v 0.491227 -0.080260 -0.050611
v 0.342899 -0.152272 -0.043715
v 0.338687 -0.138974 -0.041577
v 0.369225 0.022654 -0.055876
v 0.402217 -0.103093 -0.045965
v 0.180681 0.013658 -0.047979
v 0.314602 -0.022669 -0.043838
v 0.075785 -0.115893 -0.051157
v 0.022522 -0.154518 -0.058646
v 0.142717 -0.181245 -0.039722
v 0.286395 -0.139078 -0.045619
v 0.257825 -0.166803 -0.040097
v 0.116604 -0.063517 -0.044392
v 0.213509 -0.117283 -0.052330
v -0.016257 -0.121181 -0.042674
v 0.454699 -0.102964 -0.041357
v 0.483759 -0.059547 -0.042058
v 0.099138 -0.184066 -0.056688
v 0.268382 -0.137959 -0.045604
v 0.105559 -0.126253 -0.060337
v 0.101945 -0.090361 -0.051415
v 0.246431 -0.128101 -0.049841
v 0.069854 -0.125324 -0.047534
v 0.280500 0.013588 -0.041166
v 0.196391 0.027024 -0.044950
v 0.244031 -0.187407 -0.048483
v 0.253699 -0.167876 -0.041939
v 0.303827 -0.120076 -0.058292
v 0.380958 -0.123015 -0.052227
v 0.483794 -0.052902 -0.042672
v 0.303026 0.010953 -0.044788
v 0.417281 -0.151547 -0.041967
v 0.350789 -0.027380 -0.047003
v 0.491003 -0.123627 -0.049746
v 0.157075 -0.087910 -0.044268
v 0.240497 -0.026776 -0.048417
v 0.138000 -0.048891 -0.045553
v 0.268102 -0.091569 -0.060414
v 0.264712 0.006820 -0.047575
v 0.503591 -0.098566 -0.040705
v 0.160483 -0.138604 -0.054689
v -0.010920 -0.058305 -0.046652
v 0.353833 -0.133664 -0.058183
v 0.430652 -0.103433 -0.048288
v 0.361609 -0.176061 -0.057656
v 0.076042 -0.173955 -0.054519
v 0.274793 0.019698 -0.043063
v 0.339906 -0.086468 -0.052289
v 0.468583 -0.124673 -0.055261
v 0.011980 -0.140125 -0.056105
v 0.124458 -0.129160 -0.047340
v 0.195842 -0.172516 -0.059362
v 0.337225 -0.177907 -0.048482
v 0.067651 -0.048107 -0.053901
v 0.115415 -0.087480 -0.046389
v 0.137574 0.001004 -0.043755
v 0.421385 -0.048607 -0.054002
v 0.372172 -0.191693 -0.046279
v -0.025499 -0.076610 -0.056079
v 0.473536 -0.087240 -0.058445
v 0.173466 -0.160375 -0.040397
v 0.470780 -0.020763 -0.047127
v 0.326671 0.006348 -0.047020
v 0.447001 -0.083448 -0.055924
v 0.154190 -0.108117 -0.056355
v 0.209549 -0.150928 -0.060213
v 0.395041 -0.128301 -0.048155
v 0.100854 0.014079 -0.053506
v 0.271207 -0.186738 -0.055792
v 0.273297 -0.202030 -0.040976
v 0.176174 -0.153549 -0.056393
v 0.095971 -0.067570 -0.046410
v 0.200440 -0.048723 -0.047416
v 0.367825 -0.008060 -0.059374
v 0.311499 -0.051838 -0.054875
v 0.096660 -0.079683 -0.043864
v 0.222916 -0.065623 -0.055396
v 0.141736 -0.027868 -0.045908
v 0.304603 -0.086904 -0.039879
v 0.422245 -0.067246 -0.050624
v 0.409498 -0.050217 -0.054007
v 0.477554 -0.126045 -0.048664
v 0.323822 -0.187020 -0.058166
v 0.358727 -0.009608 -0.055265
v 0.202892 -0.116117 -0.047168
v 0.010227 -0.070452 -0.044000
v 0.335315 -0.141968 -0.051310
v 0.026834 -0.020778 -0.056954
v 0.411088 0.010924 -0.046869
v 0.123748 -0.164182 -0.052842
v 0.195771 -0.010382 -0.045906
v 0.247681 -0.076920 -0.055110
v 0.075173 -0.005931 -0.053358
v 0.197977 -0.047905 -0.051934
v 0.197106 -0.160398 -0.050006
v 0.042589 -0.077824 -0.043658
v 0.153318 0.014136 -0.055626
v 0.364432 -0.026618 -0.039791
v 0.055116 -0.127883 -0.054980
v 0.270944 -0.105057 -0.049589
v 0.160268 -0.187225 -0.052094
v 0.084516 -0.016767 -0.043288
v 0.419523 0.006724 -0.041814
v 0.136690 -0.104629 -0.046101
v 0.371468 -0.012040 -0.052635
v 0.225203 -0.069193 -0.058312
v 0.255344 -0.107728 -0.046990
v 0.284773 -0.094167 -0.045353
v 0.469395 -0.111716 -0.056874
v 0.448442 -0.053346 -0.056116
v 0.228913 -0.064501 -0.051335
v 0.135564 -0.077448 -0.058095
v 0.278885 -0.055139 -0.046870
v 0.152087 -0.180764 -0.043324
v 0.057704 -0.135165 -0.042879
v 0.240950 -0.132402 -0.041183
v 0.292749 -0.176499 -0.058138
v 0.325506 -0.130813 -0.050412
v 0.391912 0.012161 -0.059615
v 0.444204 -0.054109 -0.041926
v 0.021864 -0.091490 -0.051166
v 0.212451 -0.005401 -0.059363
v 0.200417 0.002624 -0.050189
v -0.007622 -0.114006 -0.043925
v 0.456656 -0.158384 -0.059195
v 0.286258 -0.040016 -0.046635
v 0.364887 -0.175569 -0.059958
v 0.493179 -0.027695 -0.051651
v 0.190401 -0.097693 -0.054386
v 0.090914 -0.045711 -0.049931
v 0.139380 0.007444 -0.054814
v 0.031654 -0.024798 -0.051744
v 0.233709 -0.100513 -0.051542
v 0.317212 -0.138954 -0.057232
v 0.061066 -0.167430 -0.039514
v 0.331788 -0.011822 -0.050986
v 0.110545 -0.072034 -0.050109
v 0.366342 -0.118939 -0.051228
v 0.334303 -0.178032 -0.054776
v 0.168017 -0.010149 -0.044216
v 0.421863 -0.059078 -0.057512
v 0.098808 -0.140903 -0.050971
v 0.429548 -0.126934 -0.057244
v 0.000224 -0.099902 -0.057637
v 0.278465 -0.128843 -0.052078
v 0.202708 -0.183943 -0.044626
v 0.239161 -0.005556 -0.060472
v 0.313044 -0.005446 -0.046945
v 0.295153 -0.092718 -0.052369
v 0.205321 -0.171392 -0.060278
v 0.317599 0.010188 -0.040262
v 0.121453 -0.046340 -0.050589
v 0.422897 -0.164962 -0.047144
v 0.379175 -0.012709 -0.056491
v 0.331047 -0.049838 -0.044503
v 0.231086 0.004401 -0.052920
v 0.475751 -0.095353 -0.054829
v 0.378942 -0.175561 -0.058720
v 0.027656 -0.156923 -0.048816
v 0.244602 -0.068047 -0.051260
v 0.334947 -0.102215 -0.060475
v 0.010231 -0.094101 -0.052092
v 0.309842 -0.112525 -0.056918
v 0.023803 -0.072460 -0.045285
v 0.487167 -0.048007 -0.059277
v 0.274797 -0.007536 -0.048993
v 0.117437 -0.027691 -0.052535
v 0.177006 -0.176616 -0.054333
v 0.303704 -0.070962 -0.040037
v 0.473575 -0.021994 -0.048516
v 0.477749 -0.084540 -0.059429
v 0.411433 -0.029544 -0.052895
v 0.243011 -0.097758 -0.059491
v 0.160528 -0.032189 -0.050555
v 0.141912 -0.191384 -0.055677
v 0.199319 -0.130710 -0.058780
v 0.363421 -0.088055 -0.041574
v -0.014293 -0.063939 -0.043898
v 0.025167 -0.068761 -0.046337
v 0.100118 -0.176485 -0.053491
v 0.274559 0.007305 -0.053753
v 0.434215 -0.173281 -0.044789
v 0.240732 0.019726 -0.053222
v 0.075890 -0.018840 -0.047574
v 0.235975 -0.182876 -0.057019
v 0.212713 -0.010005 -0.058127
v 0.270454 -0.139114 -0.054374
v 0.479086 -0.123318 -0.042633
v 0.468885 -0.022170 -0.056559
v 0.008373 -0.057568 -0.047635
v 0.271143 -0.005526 -0.051601
v 0.249903 -0.188184 -0.044300
v 0.174986 -0.158849 -0.049295
v 0.236709 -0.198633 -0.044390
v 0.451275 -0.082219 -0.053286
v 0.274045 -0.192140 -0.050886
v 0.198393 -0.099881 -0.052873
v 0.176346 0.012564 -0.049660
v 0.376169 -0.055055 -0.047642
v 0.119347 -0.090221 -0.043291
v 0.154957 -0.020057 -0.054552
v 0.407763 -0.064835 -0.055135
v 0.145289 -0.006007 -0.048371
v 0.137152 -0.064997 -0.052648
v 0.251855 -0.039140 -0.051231
v 0.174136 -0.105127 -0.058052
v 0.223507 -0.111529 -0.045776
v 0.085864 -0.012874 -0.059013
v 0.072255 -0.101260 -0.051590
v 0.039659 -0.091400 -0.039595
v 0.190140 -0.033881 -0.057015
v 0.259060 0.024146 -0.051847
v 0.119284 -0.084880 -0.043307
v 0.023849 -0.056327 -0.046832
v 0.157196 -0.188598 -0.060325
v 0.262967 -0.197531 -0.057396
v 0.338210 -0.132810 -0.053231
v 0.440534 -0.101821 -0.040919
v 0.505490 -0.078836 -0.054273
v 0.364533 -0.181443 -0.049642
v 0.393136 -0.140324 -0.043875
v 0.403816 -0.161366 -0.057541
v 0.471779 -0.043801 -0.054580
v 0.386763 -0.095563 -0.045194
v 0.218470 -0.019753 -0.060397
v 0.311165 -0.031701 -0.050931
v 0.436546 -0.023062 -0.041204
v 0.132545 -0.193395 -0.042029
v 0.408007 -0.046692 -0.050882
v 0.042625 -0.084321 -0.043518
v 0.188230 -0.047045 -0.043024
v 0.326117 -0.012141 -0.040702
v 0.006110 -0.034462 -0.049612
v 0.089515 -0.147365 -0.049123
v 0.061130 -0.064893 -0.054343
v 0.179452 -0.031329 -0.051010
v 0.226967 -0.054519 -0.054670
v 0.411080 -0.022612 -0.039603
v 0.210183 -0.174932 -0.045970
v 0.311777 0.031615 -0.041244
v 0.148379 -0.194656 -0.051366
v 0.193128 -0.150049 -0.039688
v 0.460371 -0.091819 -0.055225
v 0.407030 -0.137333 -0.059928
v 0.331972 -0.032856 -0.039973
v 0.213084 -0.021410 -0.047815
v 0.028195 -0.034662 -0.053161
v 0.441054 -0.008092 -0.039895
v 0.035944 -0.026989 -0.057642
v 0.428626 0.000261 -0.042276
v 0.498804 -0.040554 -0.050728
v 0.158245 -0.142864 -0.055201
v 0.402068 -0.072105 -0.055627
v 0.174062 -0.054840 -0.057759
v 0.146632 -0.134296 -0.055290
v 0.290073 -0.007375 -0.046321
v 0.343543 -0.191909 -0.045475
v 0.308481 -0.101804 -0.051809
v 0.158755 -0.136305 -0.050912
v 0.375016 -0.139965 -0.042407
v 0.275435 -0.121874 -0.047364
v 0.306103 0.012244 -0.050178
v 0.367643 -0.158186 -0.050246
v 0.250666 -0.110967 -0.052203
v 0.454021 -0.037934 -0.054225
v 0.103871 -0.144561 -0.049714
v 0.128490 -0.034938 -0.053652
v 0.287082 -0.114224 -0.040968
v 0.378897 0.010715 -0.046206
v 0.294368 -0.044787 -0.040799
v 0.421749 -0.129103 -0.049154
v 0.195455 -0.074833 -0.041068
v 0.358150 -0.165997 -0.052308
v 0.439975 -0.128636 -0.044515
v 0.336838 -0.008989 -0.057217
v 0.175471 -0.166811 -0.054482
v 0.366783 -0.130832 -0.059566
v 0.362932 -0.057959 -0.046335
v 0.328629 -0.165923 -0.042292
v 0.005924 -0.058460 -0.044653
v 0.367177 0.005192 -0.041223
v 0.295541 -0.008661 -0.052486
v 0.107842 -0.059612 -0.043959
v 0.466399 -0.129385 -0.049052
v 0.425942 0.003210 -0.045749
v 0.268479 -0.135840 -0.057475
v 0.079868 -0.067734 -0.059890
v 0.248436 -0.075343 -0.039627
v 0.038939 -0.075336 -0.043046
v 0.174298 -0.071891 -0.044889
v 0.057158 -0.030682 -0.055721
v 0.286811 0.009483 -0.053214
v 0.414322 -0.160911 -0.040425
v 0.192449 -0.164606 -0.053315
v 0.137821 -0.061010 -0.046842
v 0.410636 -0.170706 -0.050989
v 0.096350 -0.167622 -0.059325
v 0.168342 -0.023693 -0.053014
v 0.134465 -0.113094 -0.040728
v 0.268836 -0.140470 -0.047143
v 0.299877 -0.128977 -0.053268
v 0.414217 -0.121563 -0.041356
v 0.204413 -0.040025 -0.055154
v 0.270521 -0.202685 -0.053548
v 0.107702 0.012562 -0.049555
v 0.212934 -0.184180 -0.055818
v 0.082264 -0.123116 -0.041274
v 0.194313 -0.078719 -0.058311
v 0.009491 -0.025022 -0.049214
v 0.408551 -0.105218 -0.048241
v 0.078601 -0.169741 -0.052106
v 0.164625 -0.130590 -0.052290
v 0.307420 -0.194042 -0.052518
v 0.521828 -0.077338 -0.054651
v 0.121438 -0.184901 -0.044831
v 0.027856 -0.041448 -0.056148
v 0.194757 -0.176881 -0.059018
v 0.192424 -0.144220 -0.047852
v 0.133057 -0.019321 -0.046021
v 0.471063 -0.067193 -0.051612
v 0.368907 -0.000909 -0.055003
v 0.148838 0.016700 -0.046273
v 0.227181 -0.037700 -0.054734
v 0.204203 -0.083474 -0.048842
v 0.217323 -0.058685 -0.057796
v 0.221276 -0.140705 -0.040440
v 0.205175 -0.094225 -0.058036
v 0.211866 -0.168713 -0.058587
v 0.253626 -0.130279 -0.055799
v 0.119369 -0.014845 -0.059380
v 0.408116 -0.141011 -0.039538
v 0.470717 -0.061445 -0.040620
v 0.160341 -0.043009 -0.050902
v 0.312679 -0.130314 -0.052022
v 0.468793 -0.072158 -0.051053
v 0.371380 0.005838 -0.059012
v 0.175113 -0.017593 -0.047729
v 0.156508 -0.146336 -0.045866
v 0.016081 -0.140488 -0.053077
v 0.036519 -0.081805 -0.047656
v 0.130575 -0.032066 -0.041788
v 0.146116 0.001469 -0.046045
v 0.088379 -0.026035 -0.047238
v 0.103732 -0.061842 -0.052844
v 0.445295 -0.154902 -0.041651
v 0.041362 -0.119285 -0.040717
v 0.209993 -0.125200 -0.042582
v 0.332035 -0.112278 -0.040906
v 0.495115 -0.125028 -0.044254
v 0.126296 -0.152019 -0.044228
v 0.449088 -0.041303 -0.058478
v 0.450133 -0.045901 -0.056616
v 0.166059 0.024017 -0.050180
v 0.208631 -0.150625 -0.059239
v 0.317633 0.017445 -0.046539
v 0.075980 -0.072540 -0.047418
v 0.237936 -0.031011 -0.049729
v 0.263709 -0.129453 -0.040528
v 0.337498 0.010049 -0.046153
v 0.259495 0.017088 -0.058577
v 0.384088 0.019348 -0.042061
v 0.193982 0.015566 -0.056870
v 0.323151 0.015538 -0.055595
v 0.093286 -0.168939 -0.060037
v 0.247108 -0.034506 -0.045452
v 0.364786 -0.187077 -0.052904
v 0.302525 -0.127470 -0.050458
v 0.161257 -0.002293 -0.045645
v 0.196446 0.021404 -0.047737
v 0.245616 -0.040558 -0.041371
v 0.256678 -0.037947 -0.054148
v 0.455562 -0.080276 -0.048019
v 0.485139 -0.114574 -0.056217
v 0.158303 0.026546 -0.039975
v 0.232556 -0.000043 -0.052795
v 0.365242 -0.061623 -0.044390
v 0.081164 -0.154727 -0.041758
v 0.085297 -0.050810 -0.056602
v 0.264647 0.023522 -0.058065
v 0.281020 -0.071941 -0.057026
v 0.447537 -0.033190 -0.056220
v 0.362095 -0.056392 -0.058562
v 0.117943 -0.121104 -0.059778
v 0.046209 -0.163911 -0.059434
v 0.052067 -0.109205 -0.059025
v 0.116566 -0.032061 -0.043499
v 0.299931 -0.050503 -0.048482
v 0.130609 -0.184865 -0.059742
v 0.377473 -0.003892 -0.056464
v 0.083685 -0.028651 -0.043351
v 0.297303 -0.007958 -0.057316
v 0.264608 -0.197248 -0.047353
v -0.030689 -0.076642 -0.040050
v 0.191574 -0.182038 -0.059047
v 0.217809 -0.083590 -0.046741
v 0.150814 -0.191018 -0.058563
v 0.396791 -0.028332 -0.044483
v 0.207489 -0.019055 -0.042297
v 0.428894 -0.018861 -0.044084
v 0.508514 -0.068626 -0.055271
v 0.384912 -0.102897 -0.052775
v 0.441110 -0.070201 -0.055122
v 0.003590 -0.097550 -0.053256
v 0.338522 -0.159814 -0.053218
v 0.199081 -0.153601 -0.042447
v 0.118694 -0.070396 -0.043164
v 0.252233 -0.139671 -0.052218
v 0.363773 -0.168823 -0.040347
v 0.169899 -0.085653 -0.046801
v 0.392868 -0.167537 -0.044347
v 0.141955 0.018845 -0.044644
v 0.520415 -0.102210 -0.040464
v 0.260390 -0.175547 -0.052539
v 0.256751 -0.114083 -0.052122
v 0.215702 -0.081506 -0.048030
v 0.195783 0.027711 -0.042384
v 0.420368 -0.100028 -0.047803
v 0.314179 -0.118835 -0.044417
v 0.285229 -0.004979 -0.059885
v 0.427300 -0.022640 -0.049519
v 0.292935 -0.083762 -0.050095
v 0.372809 -0.117501 -0.059480
v 0.124530 -0.056251 -0.055960
v 0.258028 -0.064346 -0.044695
v 0.140368 -0.010090 -0.050191
v 0.196086 0.012794 -0.045937
v 0.038192 -0.115286 -0.046827
v 0.254201 -0.015452 -0.045124
v 0.353578 -0.155777 -0.057515
v 0.342059 -0.139967 -0.049123
v 0.165454 -0.177809 -0.048941
v 0.170729 -0.031295 -0.053856
v 0.335809 -0.125026 -0.044345
v 0.462792 -0.157206 -0.044084
v 0.509064 -0.110759 -0.049593
v 0.370883 0.004688 -0.051504
v -0.009918 -0.115152 -0.048996
v 0.071621 -0.079654 -0.048686
v 0.176840 -0.119155 -0.055449
v 0.388927 -0.078356 -0.055557
v 0.241824 -0.012485 -0.053965
v 0.027263 -0.033806 -0.049638
v 0.227090 -0.201100 -0.054919
v 0.094049 -0.032437 -0.058645
v 0.377270 -0.071095 -0.050895
v 0.182730 -0.044129 -0.051212
v 0.168553 -0.060156 -0.052975
v 0.183239 -0.003445 -0.058171
v 0.270616 -0.144400 -0.058831
v 0.055745 -0.051966 -0.045659
v 0.191017 -0.182516 -0.041776
v 0.431985 -0.045998 -0.058016
v 0.153610 0.022815 -0.042445
v 0.302950 -0.107902 -0.049656
v 0.368981 0.004966 -0.060035
v 0.166312 -0.024168 -0.047258
v 0.127280 -0.035913 -0.055078
v 0.236933 -0.169651 -0.055317
v 0.106079 -0.087351 -0.042665
v 0.293902 -0.193395 -0.055639
v -0.018392 -0.049466 -0.043554
v 0.331026 0.021689 -0.046290
v 0.141314 -0.134472 -0.039671
v 0.343388 -0.143255 -0.051884
v 0.224072 -0.079659 -0.039658
v 0.298131 -0.114247 -0.040439
v 0.183057 -0.119780 -0.050073
v 0.324888 -0.039295 -0.049524
v 0.306746 -0.163247 -0.054892
v 0.309501 -0.058038 -0.042498
v 0.430005 -0.101871 -0.042182
v 0.313241 0.018563 -0.055633
v 0.080235 -0.006228 -0.059338
v 0.023635 -0.138327 -0.047249
v 0.494093 -0.070504 -0.056433
v 0.480412 -0.066215 -0.048455
v 0.024209 -0.021034 -0.052925
v 0.176355 -0.093419 -0.051851
v 0.197623 -0.142140 -0.041777
v 0.253239 -0.101323 -0.054723
v 0.109084 -0.095278 -0.054788
v 0.437415 -0.169799 -0.043428
v 0.474978 -0.063750 -0.056873
v 0.036719 -0.077466 -0.045537
v 0.015006 -0.136730 -0.057894
v 0.328561 -0.170557 -0.053037
v 0.194507 0.016477 -0.051517
v 0.197743 -0.045668 -0.058725
v 0.235567 -0.184885 -0.042806
v 0.194203 -0.152471 -0.051362
v 0.133987 -0.077039 -0.060337
v 0.427334 -0.079040 -0.040965
v 0.449716 -0.157480 -0.045413
v 0.502239 -0.036103 -0.056201
v 0.173956 0.000928 -0.044054
v 0.195909 -0.148914 -0.056633
v 0.210448 -0.046897 -0.051905
v 0.278402 -0.029113 -0.057092
v 0.204813 0.016194 -0.047773
v 0.201761 -0.182355 -0.046146
v 0.328198 -0.074524 -0.060232
v -0.008045 -0.125204 -0.057866
v 0.212300 -0.146984 -0.046722
v -0.011521 -0.047603 -0.045009
v 0.264720 0.025954 -0.042147
v 0.295311 -0.199372 -0.054164
v 0.200969 0.013463 -0.042583
v 0.355936 0.004594 -0.047121
v 0.354072 -0.122861 -0.045514
v 0.284604 -0.190125 -0.041873
v 0.345420 -0.118722 -0.056021
v 0.347286 -0.008218 -0.050591
v 0.134542 -0.025739 -0.050169
v 0.346280 -0.086571 -0.056130
v 0.404534 -0.122794 -0.053660
v 0.219168 -0.004703 -0.045570
v 0.313876 -0.065292 -0.049629
v 0.411229 -0.010223 -0.039823
v 0.381187 -0.180650 -0.040337
v 0.470249 -0.109502 -0.049543
v 0.184795 -0.102993 -0.045348
v 0.486326 -0.083548 -0.057963
v 0.343945 -0.087755 -0.054185
v 0.132503 -0.049674 -0.045536
v 0.325787 -0.065928 -0.048267
v 0.178733 -0.085749 -0.048392
v 0.146774 -0.034789 -0.045139
v 0.161414 0.024064 -0.056029
v 0.219258 -0.189429 -0.049660
v 0.031105 -0.112822 -0.053434
v 0.213666 -0.141974 -0.039500
v 0.113245 -0.188125 -0.048749
v 0.373952 -0.171719 -0.050872
v 0.444008 -0.053627 -0.041866
v 0.137521 -0.136661 -0.056876
v 0.348235 -0.104702 -0.044730
v 0.217545 -0.173319 -0.059853
v 0.486147 -0.105090 -0.051970
v 0.054634 -0.124862 -0.047595
v 0.156829 -0.151353 -0.060090
v 0.084937 -0.103274 -0.045403
v 0.328231 0.029594 -0.043092
v 0.145706 -0.142261 -0.059173
v 0.161407 0.012891 -0.046459
v 0.309064 -0.055446 -0.045437
v 0.305518 -0.130698 -0.039646
v -0.004072 -0.065958 -0.044765
v 0.269917 -0.099431 -0.059520
v 0.252604 0.001668 -0.059224
v 0.082984 -0.161375 -0.051745
v 0.192002 -0.186990 -0.044719
v 0.370679 -0.106056 -0.059732
v 0.325427 -0.186463 -0.045668
v 0.009023 -0.133446 -0.049688
v 0.226518 -0.022996 -0.057254
v 0.185185 -0.159377 -0.045327
v -0.004441 -0.113172 -0.040889
v 0.327859 -0.016185 -0.059255
v 0.099521 -0.074716 -0.042367
v 0.314393 -0.154605 -0.051226
v 0.089631 -0.051483 -0.046283
v 0.430455 -0.035219 -0.057137
v 0.470678 -0.012598 -0.054800
v 0.083614 -0.074465 -0.042459
v 0.290311 -0.134394 -0.053489
v 0.320330 -0.050598 -0.056596
v 0.421776 -0.096699 -0.039674
v 0.267256 -0.029637 -0.042752
v 0.038146 -0.009620 -0.055131
v 0.374595 0.016994 -0.040499
v 0.252296 -0.072965 -0.041379
v 0.263194 -0.204609 -0.050810
v 0.269975 -0.145028 -0.044527
v 0.232796 -0.141691 -0.058683
v 0.140738 -0.089160 -0.057382
v 0.011694 -0.062254 -0.052770
v 0.413941 -0.013386 -0.056298
v 0.260891 -0.175646 -0.039848
v 0.479044 -0.044222 -0.042848
v 0.376291 -0.136860 -0.041093
v 0.021070 -0.021717 -0.056423
v 0.113191 -0.082163 -0.039649
v 0.387845 -0.021183 -0.053046
v 0.048059 -0.022958 -0.044314
v 0.260036 -0.040306 -0.043983
v 0.327729 -0.129267 -0.046342
v 0.342114 0.010900 -0.056134
v 0.493285 -0.061066 -0.045433
v 0.355744 -0.176546 -0.045498
v 0.442432 -0.055833 -0.048235
v 0.327210 -0.042164 -0.040852
v 0.483354 -0.062904 -0.060266
v 0.291277 -0.030024 -0.044505
v 0.156250 -0.171890 -0.049214
v 0.295306 -0.135959 -0.054600
v 0.050477 -0.022386 -0.058768
v 0.122908 -0.020353 -0.049004
v 0.375673 -0.114197 -0.055898
v 0.410654 -0.033353 -0.045572
v 0.077118 -0.159070 -0.046071
v 0.453643 -0.008261 -0.048501
v 0.220361 -0.074687 -0.039978
v 0.141741 -0.131816 -0.042773
v 0.151933 -0.033101 -0.043028
v 0.352318 -0.027619 -0.046521
v 0.119446 -0.098714 -0.047465
v 0.330306 -0.030936 -0.053713
v 0.196708 -0.177521 -0.051044
v 0.080414 -0.180460 -0.047847
v 0.080534 -0.094988 -0.056212
v 0.232050 -0.128077 -0.039667
v 0.304696 0.019833 -0.059702
v 0.072696 -0.141637 -0.047749
v 0.444819 -0.135801 -0.049624
v 0.273431 -0.030834 -0.045939
v 0.360046 -0.077877 -0.048029
v 0.097315 -0.019786 -0.046342
v 0.491205 -0.108923 -0.044133
v 0.147075 -0.177717 -0.057817
v 0.431856 -0.079042 -0.042084
v 0.230241 -0.171404 -0.047104
v 0.266903 -0.160602 -0.050887
v 0.443975 -0.089903 -0.050608
v 0.422957 -0.164099 -0.048383
v 0.111221 -0.096714 -0.048750
v 0.109184 -0.011696 -0.041798
v 0.450891 -0.084322 -0.056611
v 0.363538 -0.019354 -0.056953
v 0.380005 -0.041840 -0.044553
v 0.259043 0.013759 -0.054306
v -0.001966 -0.137444 -0.055715
v 0.072893 -0.141934 -0.041244
v 0.217005 -0.032655 -0.048679
v 0.144120 0.008702 -0.051790
v 0.038052 -0.046332 -0.052772
v 0.307777 -0.071792 -0.050197
v 0.353703 -0.075780 -0.042604
v 0.354127 -0.080330 -0.043560
v 0.123603 -0.073942 -0.046399
v 0.290552 0.016918 -0.056977
v 0.227311 -0.181720 -0.050815
v 0.199491 -0.192013 -0.056930
v 0.228483 -0.148405 -0.049895
v 0.232955 -0.029714 -0.039927
v 0.090861 -0.051225 -0.043764
v 0.202695 -0.095447 -0.060282
v 0.072252 -0.108586 -0.045380
v 0.213005 -0.187565 -0.056135
v 0.316975 -0.121382 -0.054000
v 0.413786 -0.121747 -0.044355
v 0.415361 -0.147032 -0.056348
v 0.083254 -0.070980 -0.052876
v 0.326070 -0.098323 -0.039674
v 0.316722 -0.187082 -0.047556
v 0.370703 -0.077097 -0.058469
v 0.017056 -0.026309 -0.044306
v 0.154014 -0.145367 -0.040559
v 0.364295 -0.044777 -0.044724
v 0.341034 -0.178126 -0.051712
v 0.495904 -0.111216 -0.055146
v 0.118238 -0.082679 -0.040332
v 0.266359 -0.005622 -0.048969
v 0.477767 -0.047943 -0.041771
v 0.223257 -0.126986 -0.040689
v 0.405907 -0.071904 -0.051328
v 0.319815 -0.102304 -0.056481
v -0.007942 -0.114668 -0.044957
v 0.045698 -0.052201 -0.041130
v 0.115575 -0.099272 -0.051154
v 0.251544 -0.023218 -0.059589
v 0.331800 -0.162384 -0.047502
v 0.071534 -0.086447 -0.044815
v 0.375656 -0.063995 -0.049758
v 0.052981 -0.124495 -0.046366
v 0.199847 0.020670 -0.040502
v 0.384381 0.014921 -0.054238
v 0.365905 -0.135689 -0.049404
v 0.150055 -0.113179 -0.058146
v 0.346559 -0.174720 -0.052334
v 0.335024 -0.161377 -0.059167
v 0.188608 -0.088220 -0.053568
v 0.165762 0.003059 -0.052483
v 0.400760 -0.084567 -0.043650
v 0.289560 -0.010901 -0.051233
v 0.015201 -0.058996 -0.048260
v 0.102581 -0.178845 -0.051553
v 0.284632 -0.047250 -0.053401
v 0.383406 -0.090354 -0.048434
v 0.148603 -0.175771 -0.039940
v 0.077669 -0.109133 -0.049943
v 0.313806 -0.099067 -0.048676
v 0.210409 -0.103777 -0.043100
v 0.392534 -0.024519 -0.055846
v 0.268554 -0.042365 -0.049080
v 0.197319 -0.180055 -0.060473
v 0.327248 -0.163951 -0.053871
v 0.507541 -0.084626 -0.056986
v 0.110533 0.009280 -0.056447
v 0.156982 -0.089421 -0.042105
v 0.365413 -0.074827 -0.054320
v 0.131496 -0.019777 -0.040275
v 0.390673 -0.044465 -0.059349
v 0.244177 -0.181892 -0.058597
v 0.188344 0.001978 -0.048354
v 0.313091 -0.014239 -0.044027
v 0.063611 -0.004728 -0.053443
v 0.043383 -0.129830 -0.044966
v 0.034399 -0.145348 -0.048396
v 0.169196 -0.091747 -0.051405
v 0.206017 -0.112961 -0.060336
v 0.403278 -0.080033 -0.040594
v 0.143993 -0.116003 -0.057078
v 0.387867 -0.185745 -0.048772
v 0.194084 -0.188431 -0.040849
v 0.117227 -0.022042 -0.041353
v 0.393784 -0.038444 -0.057272
v 0.140215 -0.114432 -0.057550
v 0.259014 -0.148096 -0.053087
v 0.303279 -0.090717 -0.042198
v 0.407474 -0.168155 -0.059632
v 0.511524 -0.046378 -0.056023
v 0.300246 -0.108103 -0.040993
v 0.045223 -0.082688 -0.053176
v 0.353429 -0.018493 -0.049141
v 0.177667 -0.059671 -0.045999
v 0.468068 -0.156956 -0.041493
v 0.305937 -0.185042 -0.045363
v 0.089444 -0.177669 -0.039612
v 0.033739 -0.144541 -0.040693
v 0.070426 -0.048752 -0.058541
v 0.407981 -0.027828 -0.059491
v 0.119325 -0.154052 -0.041616
v 0.196979 -0.122652 -0.046468
v 0.165227 -0.130344 -0.046230
v 0.397203 -0.180873 -0.056391
v 0.316724 -0.019562 -0.042129
v 0.050673 -0.089079 -0.045366
v 0.368225 -0.025668 -0.057336
v 0.359499 -0.042519 -0.046582
v 0.078760 -0.137413 -0.046062
v 0.162979 -0.199033 -0.043375
v 0.396366 -0.177708 -0.045718
v 0.105880 -0.152197 -0.052004
v -0.015629 -0.119600 -0.052954
v 0.201052 -0.055081 -0.057539
v 0.371843 -0.067923 -0.051634
v 0.070558 -0.093884 -0.054744
v 0.432721 -0.024686 -0.048807
v 0.388415 -0.079783 -0.043779
v 0.199327 -0.071215 -0.049137
v 0.442292 -0.042064 -0.041452
v 0.236990 0.022682 -0.048912
v 0.263423 -0.006935 -0.053661
v 0.197610 0.025361 -0.059873
v 0.070321 -0.032509 -0.043457
v 0.231807 -0.193881 -0.041354
v 0.496184 -0.061217 -0.045961
v 0.090106 -0.066051 -0.051424
v 0.030825 -0.119941 -0.047109
v 0.389504 -0.121079 -0.046769
v 0.142447 -0.081199 -0.039861
v 0.340877 -0.063444 -0.047508
v 0.466889 -0.075323 -0.050960
v 0.390779 -0.159663 -0.041438
v 0.358527 0.014878 -0.046336
v 0.142709 -0.130959 -0.051969
v 0.184200 -0.062568 -0.047888
v 0.214018 -0.063859 -0.052294
v 0.340459 -0.135116 -0.057581
v 0.423423 -0.094181 -0.050642
v 0.183714 0.012660 -0.041807

# Triangle faces
f 1 2 3
f 4 5 6
f 7 8 9
f 10 11 12
f 13 14 15
f 16 17 18
f 19 20 21
f 22 23 24
f 25 26 27
f 28 29 30
f 31 32 33
f 34 35 36
f 37 38 39
f 40 41 42
f 43 44 45
f 46 47 48
f 49 50 51
f 52 53 54
f 55 56 57
f 58 59 60
f 61 62 63
f 64 65 66
f 67 68 69
f 70 71 72
f 73 74 75
f 76 77 78
f 79 80 81
f 82 83 84
f 85 86 87
f 88 89 90
f 91 92 93
f 94 95 96
f 97 98 99
f 100 101 102
f 103 104 105
f 106 107 108
f 109 110 111
f 112 113 114
f 115 116 117
f 118 119 120
f 121 122 123
f 124 125 126
f 127 128 129
f 130 131 132
f 133 134 135
f 136 137 138
f 139 140 141
f 142 143 144
f 145 146 147
f 148 149 150
f 151 152 153
f 154 155 156
f 157 158 159
f 160 161 162
f 163 164 165
f 166 167 168
f 169 170 171
f 172 173 174
f 175 176 177
f 178 179 180
f 181 182 183
f 184 185 186
f 187 188 189
f 190 191 192
f 193 194 195
f 196 197 198
f 199 200 201
f 202 203 204
f 205 206 207
f 208 209 210
f 211 212 213
f 214 215 216
f 217 218 219
f 220 221 222
f 223 224 225
f 226 227 228
f 229 230 231
f 232 233 234
f 235 236 237
f 238 239 240
f 241 242 243
f 244 245 246
f 247 248 249
f 250 251 252
f 253 254 255
f 256 257 258
f 259 260 261
f 262 263 264
f 265 266 267
f 268 269 270
f 271 272 273
f 274 275 276
f 277 278 279
f 280 281 282
f 283 284 285
f 286 287 288
f 289 290 291
f 292 293 294
f 295 296 297
f 298 299 300
f 301 302 303
f 304 305 306
f 307 308 309
f 310 311 312
f 313 314 315
f 316 317 318
f 319 320 321
f 322 323 324
f 325 326 327
f 328 329 330
f 331 332 333
f 334 335 336
f 337 338 339
f 340 341 342
f 343 344 345
f 346 347 348
f 349 350 351
f 352 353 354
f 355 356 357
f 358 359 360
f 361 362 363
f 364 365 366
f 367 368 369
f 370 371 372
f 373 374 375
f 376 377 378
f 379 380 381
f 382 383 384
f 385 386 387
f 388 389 390
f 391 392 393
f 394 395 396
f 397 398 399
f 400 401 402
f 403 404 405
f 406 407 408
f 409 410 411
f 412 413 414
f 415 416 417
f 418 419 420
f 421 422 423
f 424 425 426
f 427 428 429
f 430 431 432
f 433 434 435
f 436 437 438
f 439 440 441
f 442 443 444
f 445 446 447
f 448 449 450
f 451 452 453
f 454 455 456
f 457 458 459
f 460 461 462
f 463 464 465
f 466 467 468
f 469 470 471
f 472 473 474
f 475 476 477
f 478 479 480
f 481 482 483
f 484 485 486
f 487 488 489
f 490 491 492
f 493 494 495
f 496 497 498
f 499 500 501
f 502 503 504
f 505 506 507
f 508 509 510
f 511 512 513
f 514 515 516
f 517 518 519
f 520 521 522
f 523 524 525
f 526 527 528
f 529 530 531
f 532 533 534
f 535 536 537
f 538 539 540
f 541 542 543
f 544 545 546
f 547 548 549
f 550 551 552
f 553 554 555
f 556 557 558
f 559 560 561
f 562 563 564
f 565 566 567
f 568 569 570
f 571 572 573
f 574 575 576
f 577 578 579
f 580 581 582
f 583 584 585
f 586 587 588
f 589 590 591
f 592 593 594
f 595 596 597
f 598 599 600
f 601 602 603
f 604 605 606
f 607 608 609
f 610 611 612
f 613 614 615
f 616 617 618
f 619 620 621
f 622 623 624
f 625 626 627
f 628 629 630
f 631 632 633
f 634 635 636
f 637 638 639
f 640 641 642
f 643 644 645
f 646 647 648
f 649 650 651
f 652 653 654
f 655 656 657
f 658 659 660
f 661 662 663
f 664 665 666
f 667 668 669
f 670 671 672
f 673 674 675
f 676 677 678
f 679 680 681
f 682 683 684
f 685 686 687
f 688 689 690
f 691 692 693
f 694 695 696
f 697 698 699
f 700 701 702
f 703 704 705
f 706 707 708
f 709 710 711
f 712 713 714
f 715 716 717
f 718 719 720
f 721 722 723
f 724 725 726
f 727 728 729
f 730 731 732
f 733 734 735
f 736 737 738
f 739 740 741
f 742 743 744
f 745 746 747
f 748 749 750
f 751 752 753
f 754 755 756
f 757 758 759
f 760 761 762
f 763 764 765
f 766 767 768
f 769 770 771
f 772 773 774
f 775 776 777
f 778 779 780
f 781 782 783
f 784 785 786
f 787 788 789
f 790 791 792
f 793 794 795
f 796 797 798
f 799 800 801
f 802 803 804
f 805 806 807
f 808 809 810
f 811 812 813
f 814 815 816
f 817 818 819
f 820 821 822
f 823 824 825
f 826 827 828
f 829 830 831
f 832 833 834
f 835 836 837
f 838 839 840
f 841 842 843
f 844 845 846
f 847 848 849
f 850 851 852
f 853 854 855
f 856 857 858
f 859 860 861
f 862 863 864
f 865 866 867
f 868 869 870
f 871 872 873
f 874 875 876
f 877 878 879
f 880 881 882
f 883 884 885
f 886 887 888
f 889 890 891
f 892 893 894
f 895 896 897
f 898 899 900
f 901 902 903
f 904 905 906
f 907 908 909
f 910 911 912
f 913 914 915
f 916 917 918
f 919 920 921
f 922 923 924
f 925 926 927
f 928 929 930
f 931 932 933
f 934 935 936
f 937 938 939
f 940 941 942
f 943 944 945
f 946 947 948
f 949 950 951
f 952 953 954
f 955 956 957
f 958 959 960
f 961 962 963
f 964 965 966
f 967 968 969
f 970 971 972
f 973 974 975
f 976 977 978
f 979 980 981
f 982 983 984
f 985 986 987
f 988 989 990
f 991 992 993
f 994 995 996
f 997 998 999
f 1000 1001 1002
f 1003 1004 1005
f 1006 1007 1008
f 1009 1010 1011
f 1012 1013 1014
f 1015 1016 1017
f 1018 1019 1020
f 1021 1022 1023
f 1024 1025 1026
f 1027 1028 1029
f 1030 1031 1032
f 1033 1034 1035
f 1036 1037 1038
f 1039 1040 1041
f 1042 1043 1044
f 1045 1046 1047
f 1048 1049 1050
f 1051 1052 1053
f 1054 1055 1056
f 1057 1058 1059
f 1060 1061 1062
f 1063 1064 1065
f 1066 1067 1068
f 1069 1070 1071
f 1072 1073 1074
f 1075 1076 1077
f 1078 1079 1080
f 1081 1082 1083
f 1084 1085 1086
f 1087 1088 1089
f 1090 1091 1092
f 1093 1094 1095
f 1096 1097 1098
f 1099 1100 1101
f 1102 1103 1104
f 1105 1106 1107
f 1108 1109 1110
f 1111 1112 1113
f 1114 1115 1116
f 1117 1118 1119
f 1120 1121 1122
f 1123 1124 1125
f 1126 1127 1128
f 1129 1130 1131
f 1132 1133 1134
f 1135 1136 1137
f 1138 1139 1140
f 1141 1142 1143
f 1144 1145 1146
f 1147 1148 1149
f 1150 1151 1152
f 1153 1154 1155
f 1156 1157 1158
f 1159 1160 1161
f 1162 1163 1164
f 1165 1166 1167
f 1168 1169 1170
f 1171 1172 1173
f 1174 1175 1176
f 1177 1178 1179
f 1180 1181 1182
f 1183 1184 1185
f 1186 1187 1188
f 1189 1190 1191
f 1192 1193 1194
f 1195 1196 1197
f 1198 1199 1200
f 1201 1202 1203
f 1204 1205 1206
f 1207 1208 1209
f 1210 1211 1212
f 1213 1214 1215
f 1216 1217 1218
f 1219 1220 1221
f 1222 1223 1224
f 1225 1226 1227
f 1228 1229 1230
f 1231 1232 1233
f 1234 1235 1236
f 1237 1238 1239
f 1240 1241 1242
f 1243 1244 1245
f 1246 1247 1248
f 1249 1250 1251
f 1252 1253 1254
f 1255 1256 1257
f 1258 1259 1260
f 1261 1262 1263
f 1264 1265 1266
f 1267 1268 1269
f 1270 1271 1272
f 1273 1274 1275
f 1276 1277 1278
f 1279 1280 1281
f 1282 1283 1284
f 1285 1286 1287
f 1288 1289 1290
f 1291 1292 1293
f 1294 1295 1296
f 1297 1298 1299
f 1300 1301 1302
f 1303 1304 1305
f 1306 1307 1308
f 1309 1310 1311
f 1312 1313 1314
f 1315 1316 1317
f 1318 1319 1320
f 1321 1322 1323
f 1324 1325 1326
f 1327 1328 1329
f 1330 1331 1332
f 1333 1334 1335
f 1336 1337 1338
f 1339 1340 1341
f 1342 1343 1344
f 1345 1346 1347
f 1348 1349 1350
f 1351 1352 1353
f 1354 1355 1356
f 1357 1358 1359
f 1360 1361 1362
f 1363 1364 1365
f 1366 1367 1368
f 1369 1370 1371
f 1372 1373 1374
f 1375 1376 1377
f 1378 1379 1380
f 1381 1382 1383
f 1384 1385 1386
f 1387 1388 1389
f 1390 1391 1392
f 1393 1394 1395
f 1396 1397 1398
f 1399 1400 1401
f 1402 1403 1404
f 1405 1406 1407
f 1408 1409 1410
f 1411 1412 1413
f 1414 1415 1416
f 1417 1418 1419
f 1420 1421 1422
f 1423 1424 1425
f 1426 1427 1428
f 1429 1430 1431
f 1432 1433 1434
f 1435 1436 1437
f 1438 1439 1440
f 1441 1442 1443
f 1444 1445 1446
f 1447 1448 1449
f 1450 1451 1452
f 1453 1454 1455
f 1456 1457 1458
f 1459 1460 1461
f 1462 1463 1464
f 1465 1466 1467
f 1468 1469 1470
f 1471 1472 1473
f 1474 1475 1476
f 1477 1478 1479
f 1480 1481 1482
f 1483 1484 1485
f 1486 1487 1488
f 1489 1490 1491
f 1492 1493 1494
f 1495 1496 1497
f 1498 1499 1500
f 1501 1502 1503
f 1504 1505 1506
f 1507 1508 1509
f 1510 1511 1512
f 1513 1514 1515
f 1516 1517 1518
f 1519 1520 1521
f 1522 1523 1524
f 1525 1526 1527
f 1528 1529 1530
f 1531 1532 1533
f 1534 1535 1536
f 1537 1538 1539
f 1540 1541 1542
f 1543 1544 1545
f 1546 1547 1548
f 1549 1550 1551
f 1552 1553 1554
f 1555 1556 1557
f 1558 1559 1560
f 1561 1562 1563
f 1564 1565 1566
f 1567 1568 1569
f 1570 1571 1572
f 1573 1574 1575
f 1576 1577 1578
f 1579 1580 1581
f 1582 1583 1584
f 1585 1586 1587
f 1588 1589 1590
f 1591 1592 1593
f 1594 1595 1596
f 1597 1598 1599
f 1600 1601 1602
f 1603 1604 1605
f 1606 1607 1608
f 1609 1610 1611
f 1612 1613 1614
f 1615 1616 1617
f 1618 1619 1620
f 1621 1622 1623
f 1624 1625 1626
f 1627 1628 1629
f 1630 1631 1632
f 1633 1634 1635
f 1636 1637 1638
f 1639 1640 1641
f 1642 1643 1644
f 1645 1646 1647
f 1648 1649 1650
f 1651 1652 1653
f 1654 1655 1656
f 1657 1658 1659
f 1660 1661 1662
f 1663 1664 1665
f 1666 1667 1668
f 1669 1670 1671
f 1672 1673 1674
f 1675 1676 1677
f 1678 1679 1680
f 1681 1682 1683
f 1684 1685 1686
f 1687 1688 1689
f 1690 1691 1692
f 1693 1694 1695
f 1696 1697 1698
f 1699 1700 1701
f 1702 1703 1704
f 1705 1706 1707
f 1708 1709 1710
f 1711 1712 1713
f 1714 1715 1716
f 1717 1718 1719
f 1720 1721 1722
f 1723 1724 1725
f 1726 1727 1728
f 1729 1730 1731
f 1732 1733 1734
f 1735 1736 1737
f 1738 1739 1740
f 1741 1742 1743
f 1744 1745 1746
f 1747 1748 1749
f 1750 1751 1752
f 1753 1754 1755
f 1756 1757 1758
f 1759 1760 1761
f 1762 1763 1764
f 1765 1766 1767
f 1768 1769 1770
f 1771 1772 1773
f 1774 1775 1776
f 1777 1778 1779
f 1780 1781 1782
f 1783 1784 1785
f 1786 1787 1788
f 1789 1790 1791
f 1792 1793 1794
f 1795 1796 1797
f 1798 1799 1800
f 1801 1802 1803
f 1804 1805 1806
f 1807 1808 1809
f 1810 1811 1812
f 1813 1814 1815
f 1816 1817 1818
f 1819 1820 1821
f 1822 1823 1824
f 1825 1826 1827
f 1828 1829 1830
f 1831 1832 1833
f 1834 1835 1836
f 1837 1838 1839
f 1840 1841 1842
f 1843 1844 1845
f 1846 1847 1848
f 1849 1850 1851
f 1852 1853 1854
f 1855 1856 1857
f 1858 1859 1860
f 1861 1862 1863
f 1864 1865 1866
f 1867 1868 1869
f 1870 1871 1872
f 1873 1874 1875
f 1876 1877 1878
f 1879 1880 1881
f 1882 1883 1884
f 1885 1886 1887
f 1888 1889 1890
f 1891 1892 1893
f 1894 1895 1896
f 1897 1898 1899
f 1900 1901 1902
f 1903 1904 1905
f 1906 1907 1908
f 1909 1910 1911
f 1912 1913 1914
f 1915 1916 1917
f 1918 1919 1920
f 1921 1922 1923
f 1924 1925 1926
f 1927 1928 1929
f 1930 1931 1932
f 1933 1934 1935
f 1936 1937 1938
f 1939 1940 1941
f 1942 1943 1944
f 1945 1946 1947
f 1948 1949 1950
f 1951 1952 1953
f 1954 1955 1956
f 1957 1958 1959
f 1960 1961 1962
f 1963 1964 1965
f 1966 1967 1968
f 1969 1970 1971
f 1972 1973 1974
f 1975 1976 1977
f 1978 1979 1980
f 1981 1982 1983
f 1984 1985 1986
f 1987 1988 1989
f 1990 1991 1992
f 1993 1994 1995
f 1996 1997 1998
f 1999 2000 2001
f 2002 2003 2004
f 2005 2006 2007
f 2008 2009 2010
f 2011 2012 2013
f 2014 2015 2016
f 2017 2018 2019
f 2020 2021 2022
f 2023 2024 2025
f 2026 2027 2028
f 2029 2030 2031
f 2032 2033 2034
f 2035 2036 2037
f 2038 2039 2040
f 2041 2042 2043
f 2044 2045 2046
f 2047 2048 2049
f 2050 2051 2052
f 2053 2054 2055
f 2056 2057 2058
f 2059 2060 2061
f 2062 2063 2064
f 2065 2066 2067
f 2068 2069 2070
f 2071 2072 2073
f 2074 2075 2076
f 2077 2078 2079
f 2080 2081 2082
f 2083 2084 2085
f 2086 2087 2088
f 2089 2090 2091
f 2092 2093 2094
f 2095 2096 2097
f 2098 2099 2100
f 2101 2102 2103
f 2104 2105 2106
f 2107 2108 2109
f 2110 2111 2112
f 2113 2114 2115
f 2116 2117 2118
f 2119 2120 2121
f 2122 2123 2124
f 2125 2126 2127
f 2128 2129 2130
f 2131 2132 2133
f 2134 2135 2136
f 2137 2138 2139
f 2140 2141 2142
f 2143 2144 2145
f 2146 2147 2148
f 2149 2150 2151
f 2152 2153 2154
f 2155 2156 2157
f 2158 2159 2160
f 2161 2162 2163
f 2164 2165 2166
f 2167 2168 2169
f 2170 2171 2172
f 2173 2174 2175
f 2176 2177 2178
f 2179 2180 2181
f 2182 2183 2184
f 2185 2186 2187
f 2188 2189 2190
f 2191 2192 2193
f 2194 2195 2196
f 2197 2198 2199
f 2200 2201 2202
f 2203 2204 2205
f 2206 2207 2208
f 2209 2210 2211
f 2212 2213 2214
f 2215 2216 2217
f 2218 2219 2220
f 2221 2222 2223
f 2224 2225 2226
f 2227 2228 2229
f 2230 2231 2232
f 2233 2234 2235
f 2236 2237 2238
f 2239 2240 2241
f 2242 2243 2244
f 2245 2246 2247
f 2248 2249 2250
f 2251 2252 2253
f 2254 2255 2256
f 2257 2258 2259
f 2260 2261 2262
f 2263 2264 2265
f 2266 2267 2268
f 2269 2270 2271
f 2272 2273 2274
f 2275 2276 2277
f 2278 2279 2280
f 2281 2282 2283
f 2284 2285 2286
f 2287 2288 2289
f 2290 2291 2292
f 2293 2294 2295
f 2296 2297 2298
f 2299 2300 2301
f 2302 2303 2304
f 2305 2306 2307
f 2308 2309 2310
f 2311 2312 2313
f 2314 2315 2316
f 2317 2318 2319
f 2320 2321 2322
f 2323 2324 2325
f 2326 2327 2328
f 2329 2330 2331
f 2332 2333 2334
f 2335 2336 2337
f 2338 2339 2340
f 2341 2342 2343
f 2344 2345 2346
f 2347 2348 2349
f 2350 2351 2352
f 2353 2354 2355
f 2356 2357 2358
f 2359 2360 2361
f 2362 2363 2364
f 2365 2366 2367
f 2368 2369 2370
f 2371 2372 2373
f 2374 2375 2376
f 2377 2378 2379
f 2380 2381 2382
f 2383 2384 2385
f 2386 2387 2388
f 2389 2390 2391
f 2392 2393 2394
f 2395 2396 2397
f 2398 2399 2400
f 2401 2402 2403
f 2404 2405 2406
f 2407 2408 2409
f 2410 2411 2412
f 2413 2414 2415
f 2416 2417 2418
f 2419 2420 2421
f 2422 2423 2424
f 2425 2426 2427
f 2428 2429 2430
f 2431 2432 2433
f 2434 2435 2436
f 2437 2438 2439
f 2440 2441 2442
f 2443 2444 2445
f 2446 2447 2448
f 2449 2450 2451
f 2452 2453 2454
f 2455 2456 2457
f 2458 2459 2460
f 2461 2462 2463
f 2464 2465 2466
f 2467 2468 2469
f 2470 2471 2472
f 2473 2474 2475
f 2476 2477 2478
f 2479 2480 2481
f 2482 2483 2484
f 2485 2486 2487
f 2488 2489 2490
f 2491 2492 2493
f 2494 2495 2496
f 2497 2498 2499
f 2500 2501 2502
f 2503 2504 2505
f 2506 2507 2508
f 2509 2510 2511
f 2512 2513 2514
f 2515 2516 2517
f 2518 2519 2520
f 2521 2522 2523
f 2524 2525 2526
f 2527 2528 2529
f 2530 2531 2532
f 2533 2534 2535
f 2536 2537 2538
f 2539 2540 2541
f 2542 2543 2544
f 2545 2546 2547
f 2548 2549 2550
f 2551 2552 2553
f 2554 2555 2556
f 2557 2558 2559
f 2560 2561 2562
f 2563 2564 2565
f 2566 2567 2568
f 2569 2570 2571
f 2572 2573 2574
f 2575 2576 2577
f 2578 2579 2580
f 2581 2582 2583
f 2584 2585 2586
f 2587 2588 2589
f 2590 2591 2592
f 2593 2594 2595
f 2596 2597 2598
f 2599 2600 2601
f 2602 2603 2604
f 2605 2606 2607
f 2608 2609 2610
f 2611 2612 2613
f 2614 2615 2616
f 2617 2618 2619
f 2620 2621 2622
f 2623 2624 2625
f 2626 2627 2628
f 2629 2630 2631
f 2632 2633 2634
f 2635 2636 2637
f 2638 2639 2640
f 2641 2642 2643
f 2644 2645 2646
f 2647 2648 2649
f 2650 2651 2652
f 2653 2654 2655
f 2656 2657 2658
f 2659 2660 2661
f 2662 2663 2664
f 2665 2666 2667
f 2668 2669 2670
f 2671 2672 2673
f 2674 2675 2676
f 2677 2678 2679
f 2680 2681 2682
f 2683 2684 2685
f 2686 2687 2688
f 2689 2690 2691
f 2692 2693 2694
f 2695 2696 2697
f 2698 2699 2700
f 2701 2702 2703
f 2704 2705 2706
f 2707 2708 2709
f 2710 2711 2712
f 2713 2714 2715
f 2716 2717 2718
f 2719 2720 2721
f 2722 2723 2724
f 2725 2726 2727
f 2728 2729 2730
f 2731 2732 2733
f 2734 2735 2736
f 2737 2738 2739
f 2740 2741 2742
f 2743 2744 2745
f 2746 2747 2748
f 2749 2750 2751
f 2752 2753 2754
f 2755 2756 2757
f 2758 2759 2760
f 2761 2762 2763
f 2764 2765 2766
f 2767 2768 2769
f 2770 2771 2772
f 2773 2774 2775
f 2776 2777 2778
f 2779 2780 2781
f 2782 2783 2784
f 2785 2786 2787
f 2788 2789 2790
f 2791 2792 2793
f 2794 2795 2796
f 2797 2798 2799
f 2800 2801 2802
f 2803 2804 2805
f 2806 2807 2808
f 2809 2810 2811
f 2812 2813 2814
f 2815 2816 2817
f 2818 2819 2820
f 2821 2822 2823
f 2824 2825 2826
f 2827 2828 2829
f 2830 2831 2832
f 2833 2834 2835
f 2836 2837 2838
f 2839 2840 2841
f 2842 2843 2844
f 2845 2846 2847
f 2848 2849 2850
f 2851 2852 2853
f 2854 2855 2856
f 2857 2858 2859
f 2860 2861 2862
f 2863 2864 2865
f 2866 2867 2868
f 2869 2870 2871
f 2872 2873 2874
f 2875 2876 2877
f 2878 2879 2880
f 2881 2882 2883
f 2884 2885 2886
f 2887 2888 2889
f 2890 2891 2892
f 2893 2894 2895
f 2896 2897 2898
f 2899 2900 2901
f 2902 2903 2904
f 2905 2906 2907
f 2908 2909 2910
f 2911 2912 2913
f 2914 2915 2916
f 2917 2918 2919
f 2920 2921 2922
f 2923 2924 2925
f 2926 2927 2928
f 2929 2930 2931
f 2932 2933 2934
f 2935 2936 2937
f 2938 2939 2940
f 2941 2942 2943
f 2944 2945 2946
f 2947 2948 2949
f 2950 2951 2952
f 2953 2954 2955
f 2956 2957 2958
f 2959 2960 2961
f 2962 2963 2964
f 2965 2966 2967
f 2968 2969 2970
f 2971 2972 2973
f 2974 2975 2976
f 2977 2978 2979
f 2980 2981 2982
f 2983 2984 2985
f 2986 2987 2988
f 2989 2990 2991
f 2992 2993 2994
f 2995 2996 2997
f 2998 2999 3000
f 3001 3002 3003
f 3004 3005 3006
f 3007 3008 3009
f 3010 3011 3012
f 3013 3014 3015
f 3016 3017 3018
f 3019 3020 3021
f 3022 3023 3024
f 3025 3026 3027
f 3028 3029 3030
f 3031 3032 3033
f 3034 3035 3036
f 3037 3038 3039
f 3040 3041 3042
f 3043 3044 3045
f 3046 3047 3048
f 3049 3050 3051
f 3052 3053 3054
f 3055 3056 3057
f 3058 3059 3060
f 3061 3062 3063
f 3064 3065 3066
f 3067 3068 3069
f 3070 3071 3072
f 3073 3074 3075
f 3076 3077 3078
f 3079 3080 3081
f 3082 3083 3084
f 3085 3086 3087
f 3088 3089 3090
f 3091 3092 3093
f 3094 3095 3096
f 3097 3098 3099
f 3100 3101 3102
f 3103 3104 3105
f 3106 3107 3108
f 3109 3110 3111
f 3112 3113 3114
f 3115 3116 3117
f 3118 3119 3120
f 3121 3122 3123
f 3124 3125 3126
f 3127 3128 3129
f 3130 3131 3132
f 3133 3134 3135
f 3136 3137 3138
f 3139 3140 3141
f 3142 3143 3144
f 3145 3146 3147
f 3148 3149 3150
f 3151 3152 3153
f 3154 3155 3156
f 3157 3158 3159
f 3160 3161 3162
f 3163 3164 3165
f 3166 3167 3168
f 3169 3170 3171
f 3172 3173 3174
f 3175 3176 3177
f 3178 3179 3180
f 3181 3182 3183
f 3184 3185 3186
f 3187 3188 3189
f 3190 3191 3192
f 3193 3194 3195
f 3196 3197 3198
f 3199 3200 3201
f 3202 3203 3204
f 3205 3206 3207
f 3208 3209 3210
f 3211 3212 3213
f 3214 3215 3216
f 3217 3218 3219
f 3220 3221 3222
f 3223 3224 3225
f 3226 3227 3228
f 3229 3230 3231
f 3232 3233 3234
f 3235 3236 3237
f 3238 3239 3240
f 3241 3242 3243
f 3244 3245 3246
f 3247 3248 3249
f 3250 3251 3252
f 3253 3254 3255
f 3256 3257 3258
f 3259 3260 3261
f 3262 3263 3264
f 3265 3266 3267
f 3268 3269 3270
f 3271 3272 3273
f 3274 3275 3276
f 3277 3278 3279
f 3280 3281 3282
f 3283 3284 3285
f 3286 3287 3288
f 3289 3290 3291
f 3292 3293 3294
f 3295 3296 3297
f 3298 3299 3300
f 3301 3302 3303
f 3304 3305 3306
f 3307 3308 3309
f 3310 3311 3312
f 3313 3314 3315
f 3316 3317 3318
f 3319 3320 3321
f 3322 3323 3324
f 3325 3326 3327
f 3328 3329 3330
f 3331 3332 3333
f 3334 3335 3336
f 3337 3338 3339
f 3340 3341 3342
f 3343 3344 3345
f 3346 3347 3348
f 3349 3350 3351
f 3352 3353 3354
f 3355 3356 3357
f 3358 3359 3360
f 3361 3362 3363
f 3364 3365 3366
f 3367 3368 3369
f 3370 3371 3372
f 3373 3374 3375
f 3376 3377 3378
f 3379 3380 3381
f 3382 3383 3384
f 3385 3386 3387
f 3388 3389 3390
f 3391 3392 3393
f 3394 3395 3396
f 3397 3398 3399
f 3400 3401 3402
f 3403 3404 3405
f 3406 3407 3408
f 3409 3410 3411
f 3412 3413 3414
f 3415 3416 3417
f 3418 3419 3420
f 3421 3422 3423
f 3424 3425 3426
f 3427 3428 3429
f 3430 3431 3432
f 3433 3434 3435
f 3436 3437 3438
f 3439 3440 3441
f 3442 3443 3444
f 3445 3446 3447
f 3448 3449 3450
f 3451 3452 3453
f 3454 3455 3456
f 3457 3458 3459
f 3460 3461 3462
f 3463 3464 3465
f 3466 3467 3468
f 3469 3470 3471
f 3472 3473 3474
f 3475 3476 3477
f 3478 3479 3480
f 3481 3482 3483
f 3484 3485 3486
f 3487 3488 3489
f 3490 3491 3492
f 3493 3494 3495
f 3496 3497 3498
f 3499 3500 3501
f 3502 3503 3504
f 3505 3506 3507
f 3508 3509 3510
f 3511 3512 3513
f 3514 3515 3516
f 3517 3518 3519
f 3520 3521 3522
f 3523 3524 3525
f 3526 3527 3528
f 3529 3530 3531
f 3532 3533 3534
f 3535 3536 3537
f 3538 3539 3540
f 3541 3542 3543
f 3544 3545 3546
f 3547 3548 3549
f 3550 3551 3552
f 3553 3554 3555
f 3556 3557 3558
f 3559 3560 3561
f 3562 3563 3564
f 3565 3566 3567
f 3568 3569 3570
f 3571 3572 3573
f 3574 3575 3576
f 3577 3578 3579
f 3580 3581 3582
f 3583 3584 3585
f 3586 3587 3588
f 3589 3590 3591
f 3592 3593 3594
f 3595 3596 3597
f 3598 3599 3600
f 3601 3602 3603
f 3604 3605 3606
f 3607 3608 3609
f 3610 3611 3612
f 3613 3614 3615
f 3616 3617 3618
f 3619 3620 3621
f 3622 3623 3624
f 3625 3626 3627
f 3628 3629 3630
f 3631 3632 3633
f 3634 3635 3636
f 3637 3638 3639
f 3640 3641 3642
f 3643 3644 3645
f 3646 3647 3648
f 3649 3650 3651
f 3652 3653 3654
f 3655 3656 3657
f 3658 3659 3660
f 3661 3662 3663
f 3664 3665 3666
f 3667 3668 3669
f 3670 3671 3672
f 3673 3674 3675
f 3676 3677 3678
f 3679 3680 3681
f 3682 3683 3684
f 3685 3686 3687
f 3688 3689 3690
f 3691 3692 3693
f 3694 3695 3696
f 3697 3698 3699
f 3700 3701 3702
f 3703 3704 3705
f 3706 3707 3708
f 3709 3710 3711
f 3712 3713 3714
f 3715 3716 3717
f 3718 3719 3720
f 3721 3722 3723
f 3724 3725 3726
f 3727 3728 3729
f 3730 3731 3732
f 3733 3734 3735
f 3736 3737 3738
f 3739 3740 3741
f 3742 3743 3744
f 3745 3746 3747
f 3748 3749 3750
f 3751 3752 3753
f 3754 3755 3756
f 3757 3758 3759
f 3760 3761 3762
f 3763 3764 3765
f 3766 3767 3768
f 3769 3770 3771
f 3772 3773 3774
f 3775 3776 3777
f 3778 3779 3780
f 3781 3782 3783
f 3784 3785 3786
f 3787 3788 3789
f 3790 3791 3792
f 3793 3794 3795
f 3796 3797 3798
f 3799 3800 3801
f 3802 3803 3804
f 3805 3806 3807
f 3808 3809 3810
f 3811 3812 3813
f 3814 3815 3816
f 3817 3818 3819
f 3820 3821 3822
f 3823 3824 3825
f 3826 3827 3828
f 3829 3830 3831
f 3832 3833 3834
f 3835 3836 3837
f 3838 3839 3840
f 3841 3842 3843
f 3844 3845 3846
f 3847 3848 3849
f 3850 3851 3852
f 3853 3854 3855
f 3856 3857 3858
f 3859 3860 3861
f 3862 3863 3864
f 3865 3866 3867
f 3868 3869 3870
f 3871 3872 3873
f 3874 3875 3876
f 3877 3878 3879
f 3880 3881 3882
f 3883 3884 3885
f 3886 3887 3888
f 3889 3890 3891
f 3892 3893 3894
f 3895 3896 3897
f 3898 3899 3900
f 3901 3902 3903
f 3904 3905 3906
f 3907 3908 3909
f 3910 3911 3912
f 3913 3914 3915
f 3916 3917 3918
f 3919 3920 3921
f 3922 3923 3924
f 3925 3926 3927
f 3928 3929 3930
f 3931 3932 3933
f 3934 3935 3936
f 3937 3938 3939
f 3940 3941 3942
f 3943 3944 3945
f 3946 3947 3948
f 3949 3950 3951
f 3952 3953 3954
f 3955 3956 3957
f 3958 3959 3960
f 3961 3962 3963
f 3964 3965 3966
f 3967 3968 3969
f 3970 3971 3972
f 3973 3974 3975
f 3976 3977 3978
f 3979 3980 3981
f 3982 3983 3984
f 3985 3986 3987
f 3988 3989 3990
f 3991 3992 3993
f 3994 3995 3996
f 3997 3998 3999
f 4000 4001 4002
f 4003 4004 4005
f 4006 4007 4008
f 4009 4010 4011
f 4012 4013 4014
f 4015 4016 4017
f 4018 4019 4020
f 4021 4022 4023
f 4024 4025 4026
f 4027 4028 4029
f 4030 4031 4032
f 4033 4034 4035
f 4036 4037 4038
f 4039 4040 4041
f 4042 4043 4044
f 4045 4046 4047
f 4048 4049 4050
f 4051 4052 4053
f 4054 4055 4056
f 4057 4058 4059
f 4060 4061 4062
f 4063 4064 4065
f 4066 4067 4068
f 4069 4070 4071
f 4072 4073 4074
f 4075 4076 4077
f 4078 4079 4080
f 4081 4082 4083
f 4084 4085 4086
f 4087 4088 4089
f 4090 4091 4092
f 4093 4094 4095
f 4096 4097 4098
f 4099 4100 4101
f 4102 4103 4104
f 4105 4106 4107
f 4108 4109 4110
f 4111 4112 4113
f 4114 4115 4116
f 4117 4118 4119
f 4120 4121 4122
f 4123 4124 4125
f 4126 4127 4128
f 4129 4130 4131
f 4132 4133 4134
f 4135 4136 4137
f 4138 4139 4140
f 4141 4142 4143
f 4144 4145 4146
f 4147 4148 4149
f 4150 4151 4152
f 4153 4154 4155
f 4156 4157 4158
f 4159 4160 4161
f 4162 4163 4164
f 4165 4166 4167
f 4168 4169 4170
f 4171 4172 4173
f 4174 4175 4176
f 4177 4178 4179
f 4180 4181 4182
f 4183 4184 4185
f 4186 4187 4188
f 4189 4190 4191
f 4192 4193 4194
f 4195 4196 4197
f 4198 4199 4200
f 4201 4202 4203
f 4204 4205 4206
f 4207 4208 4209
f 4210 4211 4212
f 4213 4214 4215
f 4216 4217 4218
f 4219 4220 4221
f 4222 4223 4224
f 4225 4226 4227
f 4228 4229 4230
f 4231 4232 4233
f 4234 4235 4236
f 4237 4238 4239
f 4240 4241 4242
f 4243 4244 4245
f 4246 4247 4248
f 4249 4250 4251
f 4252 4253 4254
f 4255 4256 4257
f 4258 4259 4260
f 4261 4262 4263
f 4264 4265 4266
f 4267 4268 4269
f 4270 4271 4272
f 4273 4274 4275
f 4276 4277 4278
f 4279 4280 4281
f 4282 4283 4284
f 4285 4286 4287
f 4288 4289 4290
f 4291 4292 4293
f 4294 4295 4296
f 4297 4298 4299
f 4300 4301 4302
f 4303 4304 4305
f 4306 4307 4308
f 4309 4310 4311
f 4312 4313 4314
f 4315 4316 4317
f 4318 4319 4320
f 4321 4322 4323
f 4324 4325 4326
f 4327 4328 4329
f 4330 4331 4332
f 4333 4334 4335
f 4336 4337 4338
f 4339 4340 4341
f 4342 4343 4344
f 4345 4346 4347
f 4348 4349 4350
f 4351 4352 4353
f 4354 4355 4356
f 4357 4358 4359
f 4360 4361 4362
f 4363 4364 4365
f 4366 4367 4368
f 4369 4370 4371
f 4372 4373 4374
f 4375 4376 4377
f 4378 4379 4380
f 4381 4382 4383
f 4384 4385 4386
f 4387 4388 4389
f 4390 4391 4392
f 4393 4394 4395
f 4396 4397 4398
f 4399 4400 4401
f 4402 4403 4404
f 4405 4406 4407
f 4408 4409 4410
f 4411 4412 4413
f 4414 4415 4416
f 4417 4418 4419
f 4420 4421 4422
f 4423 4424 4425
f 4426 4427 4428
f 4429 4430 4431
f 4432 4433 4434
f 4435 4436 4437
f 4438 4439 4440
f 4441 4442 4443
f 4444 4445 4446
f 4447 4448 4449
f 4450 4451 4452
f 4453 4454 4455
f 4456 4457 4458
f 4459 4460 4461
f 4462 4463 4464
f 4465 4466 4467
f 4468 4469 4470
f 4471 4472 4473
f 4474 4475 4476
f 4477 4478 4479
f 4480 4481 4482
f 4483 4484 4485
f 4486 4487 4488
f 4489 4490 4491
f 4492 4493 4494
f 4495 4496 4497
f 4498 4499 4500
f 4501 4502 4503
f 4504 4505 4506
f 4507 4508 4509
f 4510 4511 4512
f 4513 4514 4515
f 4516 4517 4518
f 4519 4520 4521
f 4522 4523 4524
f 4525 4526 4527
f 4528 4529 4530
f 4531 4532 4533
f 4534 4535 4536
f 4537 4538 4539
f 4540 4541 4542
f 4543 4544 4545
f 4546 4547 4548
f 4549 4550 4551
f 4552 4553 4554
f 4555 4556 4557
f 4558 4559 4560
f 4561 4562 4563
f 4564 4565 4566
f 4567 4568 4569
f 4570 4571 4572
f 4573 4574 4575
f 4576 4577 4578
f 4579 4580 4581
f 4582 4583 4584
f 4585 4586 4587
f 4588 4589 4590
f 4591 4592 4593
f 4594 4595 4596
f 4597 4598 4599
f 4600 4601 4602
f 4603 4604 4605
f 4606 4607 4608
f 4609 4610 4611
f 4612 4613 4614
f 4615 4616 4617
f 4618 4619 4620
f 4621 4622 4623
f 4624 4625 4626
f 4627 4628 4629
f 4630 4631 4632
f 4633 4634 4635
f 4636 4637 4638
f 4639 4640 4641
f 4642 4643 4644
f 4645 4646 4647
f 4648 4649 4650
f 4651 4652 4653
f 4654 4655 4656
f 4657 4658 4659
f 4660 4661 4662
f 4663 4664 4665
f 4666 4667 4668
f 4669 4670 4671
f 4672 4673 4674
f 4675 4676 4677
f 4678 4679 4680
f 4681 4682 4683
f 4684 4685 4686
f 4687 4688 4689
f 4690 4691 4692
f 4693 4694 4695
f 4696 4697 4698
f 4699 4700 4701
f 4702 4703 4704
f 4705 4706 4707
f 4708 4709 4710
f 4711 4712 4713
f 4714 4715 4716
f 4717 4718 4719
f 4720 4721 4722
f 4723 4724 4725
f 4726 4727 4728
f 4729 4730 4731
f 4732 4733 4734
f 4735 4736 4737
f 4738 4739 4740
f 4741 4742 4743
f 4744 4745 4746
f 4747 4748 4749
f 4750 4751 4752
f 4753 4754 4755
f 4756 4757 4758
f 4759 4760 4761
f 4762 4763 4764
f 4765 4766 4767
f 4768 4769 4770
f 4771 4772 4773
f 4774 4775 4776
f 4777 4778 4779
f 4780 4781 4782
f 4783 4784 4785
f 4786 4787 4788
f 4789 4790 4791
f 4792 4793 4794
f 4795 4796 4797
f 4798 4799 4800
f 4801 4802 4803
f 4804 4805 4806
f 4807 4808 4809
f 4810 4811 4812
f 4813 4814 4815
f 4816 4817 4818
f 4819 4820 4821
f 4822 4823 4824
f 4825 4826 4827
f 4828 4829 4830
f 4831 4832 4833
f 4834 4835 4836
f 4837 4838 4839
f 4840 4841 4842
f 4843 4844 4845
f 4846 4847 4848
f 4849 4850 4851
f 4852 4853 4854
f 4855 4856 4857
f 4858 4859 4860
f 4861 4862 4863
f 4864 4865 4866
f 4867 4868 4869
f 4870 4871 4872
f 4873 4874 4875
f 4876 4877 4878
f 4879 4880 4881
f 4882 4883 4884
f 4885 4886 4887
f 4888 4889 4890
f 4891 4892 4893
f 4894 4895 4896
f 4897 4898 4899
f 4900 4901 4902
f 4903 4904 4905
f 4906 4907 4908
f 4909 4910 4911
f 4912 4913 4914
f 4915 4916 4917
f 4918 4919 4920
f 4921 4922 4923
f 4924 4925 4926
f 4927 4928 4929
f 4930 4931 4932
f 4933 4934 4935
f 4936 4937 4938
f 4939 4940 4941
f 4942 4943 4944
f 4945 4946 4947
f 4948 4949 4950
f 4951 4952 4953
f 4954 4955 4956
f 4957 4958 4959
f 4960 4961 4962
f 4963 4964 4965
f 4966 4967 4968
f 4969 4970 4971
f 4972 4973 4974
f 4975 4976 4977
f 4978 4979 4980
f 4981 4982 4983
f 4984 4985 4986
f 4987 4988 4989
f 4990 4991 4992
f 4993 4994 4995
f 4996 4997 4998
f 4999 5000 5001
f 5002 5003 5004
f 5005 5006 5007
f 5008 5009 5010
f 5011 5012 5013
f 5014 5015 5016
f 5017 5018 5019
f 5020 5021 5022
f 5023 5024 5025
f 5026 5027 5028
f 5029 5030 5031
f 5032 5033 5034
f 5035 5036 5037
f 5038 5039 5040
f 5041 5042 5043
f 5044 5045 5046
f 5047 5048 5049
f 5050 5051 5052
f 5053 5054 5055
f 5056 5057 5058
f 5059 5060 5061
f 5062 5063 5064
f 5065 5066 5067
f 5068 5069 5070
f 5071 5072 5073
f 5074 5075 5076
f 5077 5078 5079
f 5080 5081 5082
f 5083 5084 5085
f 5086 5087 5088
f 5089 5090 5091
f 5092 5093 5094
f 5095 5096 5097
f 5098 5099 5100
f 5101 5102 5103
f 5104 5105 5106
f 5107 5108 5109
f 5110 5111 5112
f 5113 5114 5115
f 5116 5117 5118
f 5119 5120 5121
f 5122 5123 5124
f 5125 5126 5127
f 5128 5129 5130
f 5131 5132 5133
f 5134 5135 5136
f 5137 5138 5139
f 5140 5141 5142
f 5143 5144 5145
f 5146 5147 5148
f 5149 5150 5151
f 5152 5153 5154
f 5155 5156 5157
f 5158 5159 5160
f 5161 5162 5163
f 5164 5165 5166
f 5167 5168 5169
f 5170 5171 5172
f 5173 5174 5175
f 5176 5177 5178
f 5179 5180 5181
f 5182 5183 5184
f 5185 5186 5187
f 5188 5189 5190
f 5191 5192 5193
f 5194 5195 5196
f 5197 5198 5199
f 5200 5201 5202
f 5203 5204 5205
f 5206 5207 5208
f 5209 5210 5211
f 5212 5213 5214
f 5215 5216 5217
f 5218 5219 5220
f 5221 5222 5223
f 5224 5225 5226
f 5227 5228 5229
f 5230 5231 5232
f 5233 5234 5235
f 5236 5237 5238
f 5239 5240 5241
f 5242 5243 5244
f 5245 5246 5247
f 5248 5249 5250
f 5251 5252 5253
f 5254 5255 5256
f 5257 5258 5259
f 5260 5261 5262
f 5263 5264 5265
f 5266 5267 5268
f 5269 5270 5271
f 5272 5273 5274
f 5275 5276 5277
f 5278 5279 5280
f 5281 5282 5283
f 5284 5285 5286
f 5287 5288 5289
f 5290 5291 5292
f 5293 5294 5295
f 5296 5297 5298
f 5299 5300 5301
f 5302 5303 5304
f 5305 5306 5307
f 5308 5309 5310
f 5311 5312 5313
f 5314 5315 5316
f 5317 5318 5319
f 5320 5321 5322
f 5323 5324 5325
f 5326 5327 5328
f 5329 5330 5331
f 5332 5333 5334
f 5335 5336 5337
f 5338 5339 5340
f 5341 5342 5343
f 5344 5345 5346
f 5347 5348 5349
f 5350 5351 5352
f 5353 5354 5355
f 5356 5357 5358
f 5359 5360 5361
f 5362 5363 5364
f 5365 5366 5367
f 5368 5369 5370
f 5371 5372 5373
f 5374 5375 5376
f 5377 5378 5379
f 5380 5381 5382
f 5383 5384 5385
f 5386 5387 5388
f 5389 5390 5391
f 5392 5393 5394
f 5395 5396 5397
f 5398 5399 5400
f 5401 5402 5403
f 5404 5405 5406
f 5407 5408 5409
f 5410 5411 5412
f 5413 5414 5415
f 5416 5417 5418
f 5419 5420 5421
f 5422 5423 5424
f 5425 5426 5427
f 5428 5429 5430
f 5431 5432 5433
f 5434 5435 5436
f 5437 5438 5439
f 5440 5441 5442
f 5443 5444 5445
f 5446 5447 5448
f 5449 5450 5451
f 5452 5453 5454
f 5455 5456 5457
f 5458 5459 5460
f 5461 5462 5463
f 5464 5465 5466
f 5467 5468 5469
f 5470 5471 5472
f 5473 5474 5475
f 5476 5477 5478
f 5479 5480 5481
f 5482 5483 5484
f 5485 5486 5487
f 5488 5489 5490
f 5491 5492 5493
f 5494 5495 5496
f 5497 5498 5499
f 5500 5501 5502
f 5503 5504 5505
f 5506 5507 5508
f 5509 5510 5511
f 5512 5513 5514
f 5515 5516 5517
f 5518 5519 5520
f 5521 5522 5523
f 5524 5525 5526
f 5527 5528 5529
f 5530 5531 5532
f 5533 5534 5535
f 5536 5537 5538
f 5539 5540 5541
f 5542 5543 5544
f 5545 5546 5547
f 5548 5549 5550
f 5551 5552 5553
f 5554 5555 5556
f 5557 5558 5559
f 5560 5561 5562
f 5563 5564 5565
f 5566 5567 5568
f 5569 5570 5571
f 5572 5573 5574
f 5575 5576 5577
f 5578 5579 5580
f 5581 5582 5583
f 5584 5585 5586
f 5587 5588 5589
f 5590 5591 5592
f 5593 5594 5595
f 5596 5597 5598
f 5599 5600 5601
f 5602 5603 5604
f 5605 5606 5607
f 5608 5609 5610
f 5611 5612 5613
f 5614 5615 5616
f 5617 5618 5619
f 5620 5621 5622
f 5623 5624 5625
f 5626 5627 5628
f 5629 5630 5631
f 5632 5633 5634
f 5635 5636 5637
f 5638 5639 5640
f 5641 5642 5643
f 5644 5645 5646
f 5647 5648 5649
f 5650 5651 5652
f 5653 5654 5655
f 5656 5657 5658
f 5659 5660 5661
f 5662 5663 5664
f 5665 5666 5667
f 5668 5669 5670
f 5671 5672 5673
f 5674 5675 5676
f 5677 5678 5679
f 5680 5681 5682
f 5683 5684 5685
f 5686 5687 5688
f 5689 5690 5691
f 5692 5693 5694
f 5695 5696 5697
f 5698 5699 5700
f 5701 5702 5703
f 5704 5705 5706
f 5707 5708 5709
f 5710 5711 5712
f 5713 5714 5715
f 5716 5717 5718
f 5719 5720 5721
f 5722 5723 5724
f 5725 5726 5727
f 5728 5729 5730
f 5731 5732 5733
f 5734 5735 5736
f 5737 5738 5739
f 5740 5741 5742
f 5743 5744 5745
f 5746 5747 5748
f 5749 5750 5751
f 5752 5753 5754
f 5755 5756 5757
f 5758 5759 5760
f 5761 5762 5763
f 5764 5765 5766
f 5767 5768 5769
f 5770 5771 5772
f 5773 5774 5775
f 5776 5777 5778
f 5779 5780 5781
f 5782 5783 5784
f 5785 5786 5787
f 5788 5789 5790
f 5791 5792 5793
f 5794 5795 5796
f 5797 5798 5799
f 5800 5801 5802
f 5803 5804 5805
f 5806 5807 5808
f 5809 5810 5811
f 5812 5813 5814
f 5815 5816 5817
f 5818 5819 5820
f 5821 5822 5823
f 5824 5825 5826
f 5827 5828 5829
f 5830 5831 5832
f 5833 5834 5835
f 5836 5837 5838
f 5839 5840 5841
f 5842 5843 5844
f 5845 5846 5847
f 5848 5849 5850
f 5851 5852 5853
f 5854 5855 5856
f 5857 5858 5859
f 5860 5861 5862
f 5863 5864 5865
f 5866 5867 5868
f 5869 5870 5871
f 5872 5873 5874
f 5875 5876 5877
f 5878 5879 5880
f 5881 5882 5883
f 5884 5885 5886
f 5887 5888 5889
f 5890 5891 5892
f 5893 5894 5895
f 5896 5897 5898
f 5899 5900 5901
f 5902 5903 5904
f 5905 5906 5907
f 5908 5909 5910
f 5911 5912 5913
f 5914 5915 5916
f 5917 5918 5919
f 5920 5921 5922
f 5923 5924 5925
f 5926 5927 5928
f 5929 5930 5931
f 5932 5933 5934
f 5935 5936 5937
f 5938 5939 5940
f 5941 5942 5943
f 5944 5945 5946
f 5947 5948 5949
f 5950 5951 5952
f 5953 5954 5955
f 5956 5957 5958
f 5959 5960 5961
f 5962 5963 5964
f 5965 5966 5967
f 5968 5969 5970
f 5971 5972 5973
f 5974 5975 5976
f 5977 5978 5979
f 5980 5981 5982
f 5983 5984 5985
f 5986 5987 5988
f 5989 5990 5991
f 5992 5993 5994
f 5995 5996 5997
f 5998 5999 6000
f 6001 6002 6003
f 6004 6005 6006
f 6007 6008 6009
f 6010 6011 6012
f 6013 6014 6015
f 6016 6017 6018
f 6019 6020 6021
f 6022 6023 6024
f 6025 6026 6027
f 6028 6029 6030
f 6031 6032 6033
f 6034 6035 6036
f 6037 6038 6039
f 6040 6041 6042
f 6043 6044 6045
f 6046 6047 6048
f 6049 6050 6051
f 6052 6053 6054
f 6055 6056 6057
f 6058 6059 6060
f 6061 6062 6063
f 6064 6065 6066
f 6067 6068 6069
f 6070 6071 6072
f 6073 6074 6075
f 6076 6077 6078
f 6079 6080 6081
f 6082 6083 6084
f 6085 6086 6087
f 6088 6089 6090
f 6091 6092 6093
f 6094 6095 6096
f 6097 6098 6099
f 6100 6101 6102
f 6103 6104 6105
f 6106 6107 6108
f 6109 6110 6111
f 6112 6113 6114
f 6115 6116 6117
f 6118 6119 6120
f 6121 6122 6123
f 6124 6125 6126
f 6127 6128 6129
f 6130 6131 6132
f 6133 6134 6135
f 6136 6137 6138
f 6139 6140 6141
f 6142 6143 6144
f 6145 6146 6147
f 6148 6149 6150
f 6151 6152 6153
f 6154 6155 6156
f 6157 6158 6159
f 6160 6161 6162
f 6163 6164 6165
f 6166 6167 6168
f 6169 6170 6171
f 6172 6173 6174
f 6175 6176 6177
f 6178 6179 6180
f 6181 6182 6183
f 6184 6185 6186
f 6187 6188 6189
f 6190 6191 6192
f 6193 6194 6195
f 6196 6197 6198
f 6199 6200 6201
f 6202 6203 6204
f 6205 6206 6207
f 6208 6209 6210
f 6211 6212 6213
f 6214 6215 6216
f 6217 6218 6219
f 6220 6221 6222
f 6223 6224 6225
f 6226 6227 6228
f 6229 6230 6231
f 6232 6233 6234
f 6235 6236 6237
f 6238 6239 6240
f 6241 6242 6243
f 6244 6245 6246
f 6247 6248 6249
f 6250 6251 6252
f 6253 6254 6255
f 6256 6257 6258
f 6259 6260 6261
f 6262 6263 6264
f 6265 6266 6267
f 6268 6269 6270
f 6271 6272 6273
f 6274 6275 6276
f 6277 6278 6279
f 6280 6281 6282
f 6283 6284 6285
f 6286 6287 6288
f 6289 6290 6291
f 6292 6293 6294
f 6295 6296 6297
f 6298 6299 6300
f 6301 6302 6303
f 6304 6305 6306
f 6307 6308 6309
f 6310 6311 6312
f 6313 6314 6315
f 6316 6317 6318
f 6319 6320 6321
f 6322 6323 6324
f 6325 6326 6327
f 6328 6329 6330
f 6331 6332 6333
f 6334 6335 6336
f 6337 6338 6339
f 6340 6341 6342
f 6343 6344 6345
f 6346 6347 6348
f 6349 6350 6351
f 6352 6353 6354
f 6355 6356 6357
f 6358 6359 6360
f 6361 6362 6363
f 6364 6365 6366
f 6367 6368 6369
f 6370 6371 6372
f 6373 6374 6375
f 6376 6377 6378
f 6379 6380 6381
f 6382 6383 6384
f 6385 6386 6387
f 6388 6389 6390
f 6391 6392 6393
f 6394 6395 6396
f 6397 6398 6399
f 6400 6401 6402
f 6403 6404 6405
f 6406 6407 6408
f 6409 6410 6411
f 6412 6413 6414
f 6415 6416 6417
f 6418 6419 6420
f 6421 6422 6423
f 6424 6425 6426
f 6427 6428 6429
f 6430 6431 6432
f 6433 6434 6435
f 6436 6437 6438
f 6439 6440 6441
f 6442 6443 6444
f 6445 6446 6447
f 6448 6449 6450
f 6451 6452 6453
f 6454 6455 6456
f 6457 6458 6459
f 6460 6461 6462
f 6463 6464 6465
f 6466 6467 6468
f 6469 6470 6471
f 6472 6473 6474
f 6475 6476 6477
f 6478 6479 6480
f 6481 6482 6483
f 6484 6485 6486
f 6487 6488 6489
f 6490 6491 6492
f 6493 6494 6495
f 6496 6497 6498
f 6499 6500 6501
f 6502 6503 6504
f 6505 6506 6507
f 6508 6509 6510
f 6511 6512 6513
f 6514 6515 6516
f 6517 6518 6519
f 6520 6521 6522
f 6523 6524 6525
f 6526 6527 6528
f 6529 6530 6531
f 6532 6533 6534
f 6535 6536 6537
f 6538 6539 6540
f 6541 6542 6543
f 6544 6545 6546
f 6547 6548 6549
f 6550 6551 6552
f 6553 6554 6555
f 6556 6557 6558
f 6559 6560 6561
f 6562 6563 6564
f 6565 6566 6567
f 6568 6569 6570
f 6571 6572 6573
f 6574 6575 6576
f 6577 6578 6579
f 6580 6581 6582
f 6583 6584 6585
f 6586 6587 6588
f 6589 6590 6591
f 6592 6593 6594
f 6595 6596 6597
f 6598 6599 6600
f 6601 6602 6603
f 6604 6605 6606
f 6607 6608 6609
f 6610 6611 6612
f 6613 6614 6615
f 6616 6617 6618
f 6619 6620 6621
f 6622 6623 6624
f 6625 6626 6627
f 6628 6629 6630
f 6631 6632 6633
f 6634 6635 6636
f 6637 6638 6639
f 6640 6641 6642
f 6643 6644 6645
f 6646 6647 6648
f 6649 6650 6651
f 6652 6653 6654
f 6655 6656 6657
f 6658 6659 6660
f 6661 6662 6663
f 6664 6665 6666
f 6667 6668 6669
f 6670 6671 6672
f 6673 6674 6675
f 6676 6677 6678
f 6679 6680 6681
f 6682 6683 6684
f 6685 6686 6687
f 6688 6689 6690
f 6691 6692 6693
f 6694 6695 6696
f 6697 6698 6699
f 6700 6701 6702
f 6703 6704 6705
f 6706 6707 6708
f 6709 6710 6711
f 6712 6713 6714
f 6715 6716 6717
f 6718 6719 6720
f 6721 6722 6723
f 6724 6725 6726
f 6727 6728 6729
f 6730 6731 6732
f 6733 6734 6735
f 6736 6737 6738
f 6739 6740 6741
f 6742 6743 6744
f 6745 6746 6747
f 6748 6749 6750
f 6751 6752 6753
f 6754 6755 6756
f 6757 6758 6759
f 6760 6761 6762
f 6763 6764 6765
f 6766 6767 6768
f 6769 6770 6771
f 6772 6773 6774
f 6775 6776 6777
f 6778 6779 6780
f 6781 6782 6783
f 6784 6785 6786
f 6787 6788 6789
f 6790 6791 6792
f 6793 6794 6795
f 6796 6797 6798
f 6799 6800 6801
f 6802 6803 6804
f 6805 6806 6807
f 6808 6809 6810
f 6811 6812 6813
f 6814 6815 6816
f 6817 6818 6819
f 6820 6821 6822
f 6823 6824 6825
f 6826 6827 6828
f 6829 6830 6831
f 6832 6833 6834
f 6835 6836 6837
f 6838 6839 6840
f 6841 6842 6843
f 6844 6845 6846
f 6847 6848 6849
f 6850 6851 6852
f 6853 6854 6855
f 6856 6857 6858
f 6859 6860 6861
f 6862 6863 6864
f 6865 6866 6867
f 6868 6869 6870
f 6871 6872 6873
f 6874 6875 6876
f 6877 6878 6879
f 6880 6881 6882
f 6883 6884 6885
f 6886 6887 6888
f 6889 6890 6891
f 6892 6893 6894
f 6895 6896 6897
f 6898 6899 6900
f 6901 6902 6903
f 6904 6905 6906
f 6907 6908 6909
f 6910 6911 6912
f 6913 6914 6915
f 6916 6917 6918
f 6919 6920 6921
f 6922 6923 6924
f 6925 6926 6927
f 6928 6929 6930
f 6931 6932 6933
f 6934 6935 6936
f 6937 6938 6939
f 6940 6941 6942
f 6943 6944 6945
f 6946 6947 6948
f 6949 6950 6951
f 6952 6953 6954
f 6955 6956 6957
f 6958 6959 6960
f 6961 6962 6963
f 6964 6965 6966
f 6967 6968 6969
f 6970 6971 6972
f 6973 6974 6975
f 6976 6977 6978
f 6979 6980 6981
f 6982 6983 6984
f 6985 6986 6987
f 6988 6989 6990
f 6991 6992 6993
f 6994 6995 6996
f 6997 6998 6999
f 7000 7001 7002
f 7003 7004 7005
f 7006 7007 7008
f 7009 7010 7011
f 7012 7013 7014
f 7015 7016 7017
f 7018 7019 7020
f 7021 7022 7023
f 7024 7025 7026
f 7027 7028 7029
f 7030 7031 7032
f 7033 7034 7035
f 7036 7037 7038
f 7039 7040 7041
f 7042 7043 7044
f 7045 7046 7047
f 7048 7049 7050
f 7051 7052 7053
f 7054 7055 7056
f 7057 7058 7059
f 7060 7061 7062
f 7063 7064 7065
f 7066 7067 7068
f 7069 7070 7071
f 7072 7073 7074
f 7075 7076 7077
f 7078 7079 7080
f 7081 7082 7083
f 7084 7085 7086
f 7087 7088 7089
f 7090 7091 7092
f 7093 7094 7095
f 7096 7097 7098
f 7099 7100 7101
f 7102 7103 7104
f 7105 7106 7107
f 7108 7109 7110
f 7111 7112 7113
f 7114 7115 7116
f 7117 7118 7119
f 7120 7121 7122
f 7123 7124 7125
f 7126 7127 7128
f 7129 7130 7131
f 7132 7133 7134
f 7135 7136 7137
f 7138 7139 7140
f 7141 7142 7143
f 7144 7145 7146
f 7147 7148 7149
f 7150 7151 7152
f 7153 7154 7155
f 7156 7157 7158
f 7159 7160 7161
f 7162 7163 7164
f 7165 7166 7167
f 7168 7169 7170
f 7171 7172 7173
f 7174 7175 7176
f 7177 7178 7179
f 7180 7181 7182
f 7183 7184 7185
f 7186 7187 7188
f 7189 7190 7191
f 7192 7193 7194
f 7195 7196 7197
f 7198 7199 7200
f 7201 7202 7203
f 7204 7205 7206
f 7207 7208 7209
f 7210 7211 7212
f 7213 7214 7215
f 7216 7217 7218
f 7219 7220 7221
f 7222 7223 7224
f 7225 7226 7227
f 7228 7229 7230
f 7231 7232 7233
f 7234 7235 7236
f 7237 7238 7239
f 7240 7241 7242
f 7243 7244 7245
f 7246 7247 7248
f 7249 7250 7251
f 7252 7253 7254
f 7255 7256 7257
f 7258 7259 7260
f 7261 7262 7263
f 7264 7265 7266
f 7267 7268 7269
f 7270 7271 7272
f 7273 7274 7275
f 7276 7277 7278
f 7279 7280 7281
f 7282 7283 7284
f 7285 7286 7287
f 7288 7289 7290
f 7291 7292 7293
f 7294 7295 7296
f 7297 7298 7299
f 7300 7301 7302
f 7303 7304 7305
f 7306 7307 7308
f 7309 7310 7311
f 7312 7313 7314
f 7315 7316 7317
f 7318 7319 7320
f 7321 7322 7323
f 7324 7325 7326
f 7327 7328 7329
f 7330 7331 7332
f 7333 7334 7335
f 7336 7337 7338
f 7339 7340 7341
f 7342 7343 7344
f 7345 7346 7347
f 7348 7349 7350
f 7351 7352 7353
f 7354 7355 7356
f 7357 7358 7359
f 7360 7361 7362
f 7363 7364 7365
f 7366 7367 7368
f 7369 7370 7371
f 7372 7373 7374
f 7375 7376 7377
f 7378 7379 7380
f 7381 7382 7383
f 7384 7385 7386
f 7387 7388 7389
f 7390 7391 7392
f 7393 7394 7395
f 7396 7397 7398
f 7399 7400 7401
f 7402 7403 7404
f 7405 7406 7407
f 7408 7409 7410
f 7411 7412 7413
f 7414 7415 7416
f 7417 7418 7419
f 7420 7421 7422
f 7423 7424 7425
f 7426 7427 7428
f 7429 7430 7431
f 7432 7433 7434
f 7435 7436 7437
f 7438 7439 7440
f 7441 7442 7443
f 7444 7445 7446
f 7447 7448 7449
f 7450 7451 7452
f 7453 7454 7455
f 7456 7457 7458
f 7459 7460 7461
f 7462 7463 7464
f 7465 7466 7467
f 7468 7469 7470
f 7471 7472 7473
f 7474 7475 7476
f 7477 7478 7479
f 7480 7481 7482
f 7483 7484 7485
f 7486 7487 7488
f 7489 7490 7491
f 7492 7493 7494
f 7495 7496 7497
f 7498 7499 7500
f 7501 7502 7503
f 7504 7505 7506
f 7507 7508 7509
f 7510 7511 7512
f 7513 7514 7515
f 7516 7517 7518
f 7519 7520 7521
f 7522 7523 7524
f 7525 7526 7527
f 7528 7529 7530
f 7531 7532 7533
f 7534 7535 7536
f 7537 7538 7539
f 7540 7541 7542
f 7543 7544 7545
f 7546 7547 7548
f 7549 7550 7551
f 7552 7553 7554
f 7555 7556 7557
f 7558 7559 7560
f 7561 7562 7563
f 7564 7565 7566
f 7567 7568 7569
f 7570 7571 7572
f 7573 7574 7575
f 7576 7577 7578
f 7579 7580 7581
f 7582 7583 7584
f 7585 7586 7587
f 7588 7589 7590
f 7591 7592 7593
f 7594 7595 7596
f 7597 7598 7599
f 7600 7601 7602
f 7603 7604 7605
f 7606 7607 7608
f 7609 7610 7611
f 7612 7613 7614
f 7615 7616 7617
f 7618 7619 7620
f 7621 7622 7623
f 7624 7625 7626
f 7627 7628 7629
f 7630 7631 7632
f 7633 7634 7635
f 7636 7637 7638
f 7639 7640 7641
f 7642 7643 7644
f 7645 7646 7647
f 7648 7649 7650
f 7651 7652 7653
f 7654 7655 7656
f 7657 7658 7659
f 7660 7661 7662
f 7663 7664 7665
f 7666 7667 7668
f 7669 7670 7671
f 7672 7673 7674
f 7675 7676 7677
f 7678 7679 7680
f 7681 7682 7683
f 7684 7685 7686
f 7687 7688 7689
f 7690 7691 7692
f 7693 7694 7695
f 7696 7697 7698
f 7699 7700 7701
f 7702 7703 7704
f 7705 7706 7707
f 7708 7709 7710
f 7711 7712 7713
f 7714 7715 7716
f 7717 7718 7719
f 7720 7721 7722
f 7723 7724 7725
f 7726 7727 7728
f 7729 7730 7731
f 7732 7733 7734
f 7735 7736 7737
f 7738 7739 7740
f 7741 7742 7743
f 7744 7745 7746
f 7747 7748 7749
f 7750 7751 7752
f 7753 7754 7755
f 7756 7757 7758
f 7759 7760 7761
f 7762 7763 7764
f 7765 7766 7767
f 7768 7769 7770
f 7771 7772 7773
f 7774 7775 7776
f 7777 7778 7779
f 7780 7781 7782
f 7783 7784 7785
f 7786 7787 7788
f 7789 7790 7791
f 7792 7793 7794
f 7795 7796 7797
f 7798 7799 7800
f 7801 7802 7803
f 7804 7805 7806
f 7807 7808 7809
f 7810 7811 7812
f 7813 7814 7815
f 7816 7817 7818
f 7819 7820 7821
f 7822 7823 7824
f 7825 7826 7827
f 7828 7829 7830
f 7831 7832 7833
f 7834 7835 7836
f 7837 7838 7839
f 7840 7841 7842
f 7843 7844 7845
f 7846 7847 7848
f 7849 7850 7851
f 7852 7853 7854
f 7855 7856 7857
f 7858 7859 7860
f 7861 7862 7863
f 7864 7865 7866
f 7867 7868 7869
f 7870 7871 7872
f 7873 7874 7875
f 7876 7877 7878
f 7879 7880 7881
f 7882 7883 7884
f 7885 7886 7887
f 7888 7889 7890
f 7891 7892 7893
f 7894 7895 7896
f 7897 7898 7899
f 7900 7901 7902
f 7903 7904 7905
f 7906 7907 7908
f 7909 7910 7911
f 7912 7913 7914
f 7915 7916 7917
f 7918 7919 7920
f 7921 7922 7923
f 7924 7925 7926
f 7927 7928 7929
f 7930 7931 7932
f 7933 7934 7935
f 7936 7937 7938
f 7939 7940 7941
f 7942 7943 7944
f 7945 7946 7947
f 7948 7949 7950
f 7951 7952 7953
f 7954 7955 7956
f 7957 7958 7959
f 7960 7961 7962
f 7963 7964 7965
f 7966 7967 7968
f 7969 7970 7971
f 7972 7973 7974
f 7975 7976 7977
f 7978 7979 7980
f 7981 7982 7983
f 7984 7985 7986
f 7987 7988 7989
f 7990 7991 7992
f 7993 7994 7995
f 7996 7997 7998
f 7999 8000 8001
f 8002 8003 8004
f 8005 8006 8007
f 8008 8009 8010
f 8011 8012 8013
f 8014 8015 8016
f 8017 8018 8019
f 8020 8021 8022
f 8023 8024 8025
f 8026 8027 8028
f 8029 8030 8031
f 8032 8033 8034
f 8035 8036 8037
f 8038 8039 8040
f 8041 8042 8043
f 8044 8045 8046
f 8047 8048 8049
f 8050 8051 8052
f 8053 8054 8055
f 8056 8057 8058
f 8059 8060 8061
f 8062 8063 8064
f 8065 8066 8067
f 8068 8069 8070
f 8071 8072 8073
f 8074 8075 8076
f 8077 8078 8079
f 8080 8081 8082
f 8083 8084 8085
f 8086 8087 8088
f 8089 8090 8091
f 8092 8093 8094
f 8095 8096 8097
f 8098 8099 8100
f 8101 8102 8103
f 8104 8105 8106
f 8107 8108 8109
f 8110 8111 8112
f 8113 8114 8115
f 8116 8117 8118
f 8119 8120 8121
f 8122 8123 8124
f 8125 8126 8127
f 8128 8129 8130
f 8131 8132 8133
f 8134 8135 8136
f 8137 8138 8139
f 8140 8141 8142
f 8143 8144 8145
f 8146 8147 8148
f 8149 8150 8151
f 8152 8153 8154
f 8155 8156 8157
f 8158 8159 8160
f 8161 8162 8163
f 8164 8165 8166
f 8167 8168 8169
f 8170 8171 8172
f 8173 8174 8175
f 8176 8177 8178
f 8179 8180 8181
f 8182 8183 8184
f 8185 8186 8187
f 8188 8189 8190
f 8191 8192 8193
f 8194 8195 8196
f 8197 8198 8199
f 8200 8201 8202
f 8203 8204 8205
f 8206 8207 8208
f 8209 8210 8211
f 8212 8213 8214
f 8215 8216 8217
f 8218 8219 8220
f 8221 8222 8223
f 8224 8225 8226
f 8227 8228 8229
f 8230 8231 8232
f 8233 8234 8235
f 8236 8237 8238
f 8239 8240 8241
f 8242 8243 8244
f 8245 8246 8247
f 8248 8249 8250
f 8251 8252 8253
f 8254 8255 8256
f 8257 8258 8259
f 8260 8261 8262
f 8263 8264 8265
f 8266 8267 8268
f 8269 8270 8271
f 8272 8273 8274
f 8275 8276 8277
f 8278 8279 8280
f 8281 8282 8283
f 8284 8285 8286
f 8287 8288 8289
f 8290 8291 8292
f 8293 8294 8295
f 8296 8297 8298
f 8299 8300 8301
f 8302 8303 8304
f 8305 8306 8307
f 8308 8309 8310
f 8311 8312 8313
f 8314 8315 8316
f 8317 8318 8319
f 8320 8321 8322
f 8323 8324 8325
f 8326 8327 8328
f 8329 8330 8331
f 8332 8333 8334
f 8335 8336 8337
f 8338 8339 8340
f 8341 8342 8343
f 8344 8345 8346
f 8347 8348 8349
f 8350 8351 8352
f 8353 8354 8355
f 8356 8357 8358
f 8359 8360 8361
f 8362 8363 8364
f 8365 8366 8367
f 8368 8369 8370
f 8371 8372 8373
f 8374 8375 8376
f 8377 8378 8379
f 8380 8381 8382
f 8383 8384 8385
f 8386 8387 8388
f 8389 8390 8391
f 8392 8393 8394
f 8395 8396 8397
f 8398 8399 8400
f 8401 8402 8403
f 8404 8405 8406
f 8407 8408 8409
f 8410 8411 8412
f 8413 8414 8415
f 8416 8417 8418
f 8419 8420 8421
f 8422 8423 8424
f 8425 8426 8427
f 8428 8429 8430
f 8431 8432 8433
f 8434 8435 8436
f 8437 8438 8439
f 8440 8441 8442
f 8443 8444 8445
f 8446 8447 8448
f 8449 8450 8451
f 8452 8453 8454
f 8455 8456 8457
f 8458 8459 8460
f 8461 8462 8463
f 8464 8465 8466
f 8467 8468 8469
f 8470 8471 8472
f 8473 8474 8475
f 8476 8477 8478
f 8479 8480 8481
f 8482 8483 8484
f 8485 8486 8487
f 8488 8489 8490
f 8491 8492 8493
f 8494 8495 8496
f 8497 8498 8499
f 8500 8501 8502
f 8503 8504 8505
f 8506 8507 8508
f 8509 8510 8511
f 8512 8513 8514
f 8515 8516 8517
f 8518 8519 8520
f 8521 8522 8523
f 8524 8525 8526
f 8527 8528 8529
f 8530 8531 8532
f 8533 8534 8535
f 8536 8537 8538
f 8539 8540 8541
f 8542 8543 8544
f 8545 8546 8547
f 8548 8549 8550
f 8551 8552 8553
f 8554 8555 8556
f 8557 8558 8559
f 8560 8561 8562
f 8563 8564 8565
f 8566 8567 8568
f 8569 8570 8571
f 8572 8573 8574
f 8575 8576 8577
f 8578 8579 8580
f 8581 8582 8583
f 8584 8585 8586
f 8587 8588 8589
f 8590 8591 8592
f 8593 8594 8595
f 8596 8597 8598
f 8599 8600 8601
f 8602 8603 8604
f 8605 8606 8607
f 8608 8609 8610
f 8611 8612 8613
f 8614 8615 8616
f 8617 8618 8619
f 8620 8621 8622
f 8623 8624 8625
f 8626 8627 8628
f 8629 8630 8631
f 8632 8633 8634
f 8635 8636 8637
f 8638 8639 8640
f 8641 8642 8643
f 8644 8645 8646
f 8647 8648 8649
f 8650 8651 8652
f 8653 8654 8655
f 8656 8657 8658
f 8659 8660 8661
f 8662 8663 8664
f 8665 8666 8667
f 8668 8669 8670
f 8671 8672 8673
f 8674 8675 8676
f 8677 8678 8679
f 8680 8681 8682
f 8683 8684 8685
f 8686 8687 8688
f 8689 8690 8691
f 8692 8693 8694
f 8695 8696 8697
f 8698 8699 8700
f 8701 8702 8703
f 8704 8705 8706
f 8707 8708 8709
f 8710 8711 8712
f 8713 8714 8715
f 8716 8717 8718
f 8719 8720 8721
f 8722 8723 8724
f 8725 8726 8727
f 8728 8729 8730
f 8731 8732 8733
f 8734 8735 8736
f 8737 8738 8739
f 8740 8741 8742
f 8743 8744 8745
f 8746 8747 8748
f 8749 8750 8751
f 8752 8753 8754
f 8755 8756 8757
f 8758 8759 8760
f 8761 8762 8763
f 8764 8765 8766
f 8767 8768 8769
f 8770 8771 8772
f 8773 8774 8775
f 8776 8777 8778
f 8779 8780 8781
f 8782 8783 8784
f 8785 8786 8787
f 8788 8789 8790
f 8791 8792 8793
f 8794 8795 8796
f 8797 8798 8799
f 8800 8801 8802
f 8803 8804 8805
f 8806 8807 8808
f 8809 8810 8811
f 8812 8813 8814
f 8815 8816 8817
f 8818 8819 8820
f 8821 8822 8823
f 8824 8825 8826
f 8827 8828 8829
f 8830 8831 8832
f 8833 8834 8835
f 8836 8837 8838
f 8839 8840 8841
f 8842 8843 8844
f 8845 8846 8847
f 8848 8849 8850
f 8851 8852 8853
f 8854 8855 8856
f 8857 8858 8859
f 8860 8861 8862
f 8863 8864 8865
f 8866 8867 8868
f 8869 8870 8871
f 8872 8873 8874
f 8875 8876 8877
f 8878 8879 8880
f 8881 8882 8883
f 8884 8885 8886
f 8887 8888 8889
f 8890 8891 8892
f 8893 8894 8895
f 8896 8897 8898
f 8899 8900 8901
f 8902 8903 8904
f 8905 8906 8907
f 8908 8909 8910
f 8911 8912 8913
f 8914 8915 8916
f 8917 8918 8919
f 8920 8921 8922
f 8923 8924 8925
f 8926 8927 8928
f 8929 8930 8931
f 8932 8933 8934
f 8935 8936 8937
f 8938 8939 8940
f 8941 8942 8943
f 8944 8945 8946
f 8947 8948 8949
f 8950 8951 8952
f 8953 8954 8955
f 8956 8957 8958
f 8959 8960 8961
f 8962 8963 8964
f 8965 8966 8967
f 8968 8969 8970
f 8971 8972 8973
f 8974 8975 8976
f 8977 8978 8979
f 8980 8981 8982
f 8983 8984 8985
f 8986 8987 8988
f 8989 8990 8991
f 8992 8993 8994
f 8995 8996 8997
f 8998 8999 9000
f 9001 9002 9003
f 9004 9005 9006
f 9007 9008 9009
f 9010 9011 9012
f 9013 9014 9015
f 9016 9017 9018
f 9019 9020 9021
f 9022 9023 9024
f 9025 9026 9027
f 9028 9029 9030
f 9031 9032 9033
f 9034 9035 9036
f 9037 9038 9039
f 9040 9041 9042
f 9043 9044 9045
f 9046 9047 9048
f 9049 9050 9051
f 9052 9053 9054
f 9055 9056 9057
f 9058 9059 9060
f 9061 9062 9063
f 9064 9065 9066
f 9067 9068 9069
f 9070 9071 9072
f 9073 9074 9075
f 9076 9077 9078
f 9079 9080 9081
f 9082 9083 9084
f 9085 9086 9087
f 9088 9089 9090
f 9091 9092 9093
f 9094 9095 9096
f 9097 9098 9099
f 9100 9101 9102
f 9103 9104 9105
f 9106 9107 9108
f 9109 9110 9111
f 9112 9113 9114
f 9115 9116 9117
f 9118 9119 9120
f 9121 9122 9123
f 9124 9125 9126
f 9127 9128 9129
f 9130 9131 9132
f 9133 9134 9135
f 9136 9137 9138
f 9139 9140 9141
f 9142 9143 9144
f 9145 9146 9147
f 9148 9149 9150
f 9151 9152 9153
f 9154 9155 9156
f 9157 9158 9159
f 9160 9161 9162
f 9163 9164 9165
f 9166 9167 9168
f 9169 9170 9171
f 9172 9173 9174
f 9175 9176 9177
f 9178 9179 9180
f 9181 9182 9183
f 9184 9185 9186
f 9187 9188 9189
f 9190 9191 9192
f 9193 9194 9195
f 9196 9197 9198
f 9199 9200 9201
f 9202 9203 9204
f 9205 9206 9207
f 9208 9209 9210
f 9211 9212 9213
f 9214 9215 9216
f 9217 9218 9219
f 9220 9221 9222
f 9223 9224 9225
f 9226 9227 9228
f 9229 9230 9231
f 9232 9233 9234
f 9235 9236 9237
f 9238 9239 9240
f 9241 9242 9243
f 9244 9245 9246
f 9247 9248 9249
f 9250 9251 9252
f 9253 9254 9255
f 9256 9257 9258
f 9259 9260 9261
f 9262 9263 9264
f 9265 9266 9267
f 9268 9269 9270
f 9271 9272 9273
f 9274 9275 9276
f 9277 9278 9279
f 9280 9281 9282
f 9283 9284 9285
f 9286 9287 9288
f 9289 9290 9291
f 9292 9293 9294
f 9295 9296 9297
f 9298 9299 9300
f 9301 9302 9303
f 9304 9305 9306
f 9307 9308 9309
f 9310 9311 9312
f 9313 9314 9315
f 9316 9317 9318
f 9319 9320 9321
f 9322 9323 9324
f 9325 9326 9327
f 9328 9329 9330
f 9331 9332 9333
f 9334 9335 9336
f 9337 9338 9339
f 9340 9341 9342
f 9343 9344 9345
f 9346 9347 9348
f 9349 9350 9351
f 9352 9353 9354
f 9355 9356 9357
f 9358 9359 9360
f 9361 9362 9363
f 9364 9365 9366
f 9367 9368 9369
f 9370 9371 9372
f 9373 9374 9375
f 9376 9377 9378
f 9379 9380 9381
f 9382 9383 9384
f 9385 9386 9387
f 9388 9389 9390
f 9391 9392 9393
f 9394 9395 9396
f 9397 9398 9399
f 9400 9401 9402
f 9403 9404 9405
f 9406 9407 9408
f 9409 9410 9411
f 9412 9413 9414
f 9415 9416 9417
f 9418 9419 9420
f 9421 9422 9423
f 9424 9425 9426
f 9427 9428 9429
f 9430 9431 9432
f 9433 9434 9435
f 9436 9437 9438
f 9439 9440 9441
f 9442 9443 9444
f 9445 9446 9447
f 9448 9449 9450
f 9451 9452 9453
f 9454 9455 9456
f 9457 9458 9459
f 9460 9461 9462
f 9463 9464 9465
f 9466 9467 9468
f 9469 9470 9471
f 9472 9473 9474
f 9475 9476 9477
f 9478 9479 9480
f 9481 9482 9483
f 9484 9485 9486
f 9487 9488 9489
f 9490 9491 9492
f 9493 9494 9495
f 9496 9497 9498
f 9499 9500 9501
f 9502 9503 9504
f 9505 9506 9507
f 9508 9509 9510
f 9511 9512 9513
f 9514 9515 9516
f 9517 9518 9519
f 9520 9521 9522
f 9523 9524 9525
f 9526 9527 9528
f 9529 9530 9531
f 9532 9533 9534
f 9535 9536 9537
f 9538 9539 9540
f 9541 9542 9543
f 9544 9545 9546
f 9547 9548 9549
f 9550 9551 9552
f 9553 9554 9555
f 9556 9557 9558
f 9559 9560 9561
f 9562 9563 9564
f 9565 9566 9567
f 9568 9569 9570
f 9571 9572 9573
f 9574 9575 9576
f 9577 9578 9579
f 9580 9581 9582
f 9583 9584 9585
f 9586 9587 9588
f 9589 9590 9591
f 9592 9593 9594
f 9595 9596 9597
f 9598 9599 9600
f 9601 9602 9603
f 9604 9605 9606
f 9607 9608 9609
f 9610 9611 9612
f 9613 9614 9615
f 9616 9617 9618
f 9619 9620 9621
f 9622 9623 9624
f 9625 9626 9627
f 9628 9629 9630
f 9631 9632 9633
f 9634 9635 9636
f 9637 9638 9639
f 9640 9641 9642
f 9643 9644 9645
f 9646 9647 9648
f 9649 9650 9651
f 9652 9653 9654
f 9655 9656 9657
f 9658 9659 9660
f 9661 9662 9663
f 9664 9665 9666
f 9667 9668 9669
f 9670 9671 9672
f 9673 9674 9675
f 9676 9677 9678
f 9679 9680 9681
f 9682 9683 9684
f 9685 9686 9687
f 9688 9689 9690
f 9691 9692 9693
f 9694 9695 9696
f 9697 9698 9699
f 9700 9701 9702
f 9703 9704 9705
f 9706 9707 9708
f 9709 9710 9711
f 9712 9713 9714
f 9715 9716 9717
f 9718 9719 9720
f 9721 9722 9723
f 9724 9725 9726
f 9727 9728 9729
f 9730 9731 9732
f 9733 9734 9735
f 9736 9737 9738
f 9739 9740 9741
f 9742 9743 9744
f 9745 9746 9747
f 9748 9749 9750
f 9751 9752 9753
f 9754 9755 9756
f 9757 9758 9759
f 9760 9761 9762
f 9763 9764 9765
f 9766 9767 9768
f 9769 9770 9771
f 9772 9773 9774
f 9775 9776 9777
f 9778 9779 9780
f 9781 9782 9783
f 9784 9785 9786
f 9787 9788 9789
f 9790 9791 9792
f 9793 9794 9795
f 9796 9797 9798
f 9799 9800 9801
f 9802 9803 9804
f 9805 9806 9807
f 9808 9809 9810
f 9811 9812 9813
f 9814 9815 9816
f 9817 9818 9819
f 9820 9821 9822
f 9823 9824 9825
f 9826 9827 9828
f 9829 9830 9831
f 9832 9833 9834
f 9835 9836 9837
f 9838 9839 9840
f 9841 9842 9843
f 9844 9845 9846
f 9847 9848 9849
f 9850 9851 9852
f 9853 9854 9855
f 9856 9857 9858
f 9859 9860 9861
f 9862 9863 9864
f 9865 9866 9867
f 9868 9869 9870
f 9871 9872 9873
f 9874 9875 9876
f 9877 9878 9879
f 9880 9881 9882
f 9883 9884 9885
f 9886 9887 9888
f 9889 9890 9891
f 9892 9893 9894
f 9895 9896 9897
f 9898 9899 9900
f 9901 9902 9903
f 9904 9905 9906
f 9907 9908 9909
f 9910 9911 9912
f 9913 9914 9915
f 9916 9917 9918
f 9919 9920 9921
f 9922 9923 9924
f 9925 9926 9927
f 9928 9929 9930
f 9931 9932 9933
f 9934 9935 9936
f 9937 9938 9939
f 9940 9941 9942
f 9943 9944 9945
f 9946 9947 9948
f 9949 9950 9951
f 9952 9953 9954
f 9955 9956 9957
f 9958 9959 9960
f 9961 9962 9963
f 9964 9965 9966
f 9967 9968 9969
f 9970 9971 9972
f 9973 9974 9975
f 9976 9977 9978
f 9979 9980 9981
f 9982 9983 9984
f 9985 9986 9987
f 9988 9989 9990
f 9991 9992 9993
f 9994 9995 9996
f 9997 9998 9999
f 9998 9999 10000
